wandb: Tracking run with wandb version 0.21.4
wandb: W&B syncing is set to `offline` in this directory. Run `wandb online` or set WANDB_MODE=online to enable cloud syncing.
wandb: Run data is saved locally in ~/basework/LatProtRL/wandb/offline-run-20260408_041933-qilipu7i

================================================================================
SAC 4-ROUND CHECK: Entropy=False, Size=False, BLOSUM=False
================================================================================

📊 Calibrating DHFROracle predictions...
  ✅ Calibration: target = 0.991956 * pred + -0.0519 (R²=0.8803)
[BUFFER] Initializing with sequences from 10th percentile
[BUFFER] Fitness range: [0.2798, 0.3113]
[BUFFER] Using sequences at indices 3680-3808 out of 4161
Using cuda:0 device
Wrapping the env with a `Monitor` wrapper
Wrapping the env in a DummyVecEnv.
🔍 Loading oracle checkpoint from: ckpt/DHFR/oracle.ckpt
✅ Oracle model loaded successfully!

================================================================================
STEP 0 SNAPSHOT
================================================================================
Initial Maximum Fitness: 0.311339
================================================================================

✓ [SUCCESS] Improvement! Δ=0.373949, new_best=0.665231, reward=52.96
[BUFFER] New global best! Fitness=0.665231, Raw=1.205806
✓ [SUCCESS] Improvement! Δ=0.283812, new_best=0.665231, reward=31.98
---------------------------------
| rollout/           |          |
|    ep_len_mean     | 16       |
|    ep_rew_mean     | -29.4    |
| time/              |          |
|    episodes        | 4        |
|    fps             | 8        |
|    time_elapsed    | 7        |
|    total_timesteps | 64       |
---------------------------------
✓ [SUCCESS] Improvement! Δ=0.311082, new_best=0.665231, reward=66.68
✓ [SUCCESS] Improvement! Δ=0.246762, new_best=0.665231, reward=57.91
✓ [SUCCESS] Improvement! Δ=0.048566, new_best=0.713796, reward=15.08
[BUFFER] New global best! Fitness=0.713796, Raw=1.674563
✓ [SUCCESS] Improvement! Δ=0.006019, new_best=0.380513, reward=3.74
✓ [SUCCESS] Improvement! Δ=0.021649, new_best=0.402162, reward=4.15
✓ [SUCCESS] Improvement! Δ=0.342569, new_best=0.665231, reward=64.62
✓ [SUCCESS] Improvement! Δ=0.050081, new_best=0.715311, reward=6.35
[BUFFER] New global best! Fitness=0.715311, Raw=1.689184
---------------------------------
| rollout/           |          |
|    ep_len_mean     | 16       |
|    ep_rew_mean     | -6.48    |
| time/              |          |
|    episodes        | 8        |
|    fps             | 8        |
|    time_elapsed    | 15       |
|    total_timesteps | 128      |
---------------------------------
✓ [SUCCESS] Improvement! Δ=0.340878, new_best=0.665231, reward=76.48
✓ [SUCCESS] Improvement! Δ=0.391382, new_best=0.715311, reward=47.39
---------------------------------
| rollout/           |          |
|    ep_len_mean     | 16       |
|    ep_rew_mean     | -8.06    |
| time/              |          |
|    episodes        | 12       |
|    fps             | 8        |
|    time_elapsed    | 22       |
|    total_timesteps | 192      |
---------------------------------
✓ [SUCCESS] Improvement! Δ=0.270081, new_best=0.562319, reward=68.72
✓ [SUCCESS] Improvement! Δ=0.102912, new_best=0.665231, reward=28.14
✓ [SUCCESS] Improvement! Δ=0.329628, new_best=0.665231, reward=76.60
✓ [SUCCESS] Improvement! Δ=0.103092, new_best=0.402162, reward=20.07
✓ [SUCCESS] Improvement! Δ=0.019771, new_best=0.421933, reward=6.37
---------------------------------
| rollout/           |          |
|    ep_len_mean     | 16       |
|    ep_rew_mean     | -5.13    |
| time/              |          |
|    episodes        | 16       |
|    fps             | 8        |
|    time_elapsed    | 29       |
|    total_timesteps | 256      |
---------------------------------
✓ [SUCCESS] Improvement! Δ=0.348282, new_best=0.665231, reward=72.53
✓ [SUCCESS] Improvement! Δ=0.044232, new_best=0.709463, reward=10.99
✓ [SUCCESS] Improvement! Δ=0.005849, new_best=0.715311, reward=3.06
✓ [SUCCESS] Improvement! Δ=0.121179, new_best=0.715311, reward=28.06
✓ [SUCCESS] Improvement! Δ=0.046787, new_best=0.657698, reward=7.73
✓ [SUCCESS] Improvement! Δ=0.064866, new_best=0.391912, reward=8.86
✓ [SUCCESS] Improvement! Δ=0.010250, new_best=0.402162, reward=2.14
✓ [SUCCESS] Improvement! Δ=0.019771, new_best=0.421933, reward=8.13
---------------------------------
| rollout/           |          |
|    ep_len_mean     | 16       |
|    ep_rew_mean     | -7.31    |
| time/              |          |
|    episodes        | 20       |
|    fps             | 8        |
|    time_elapsed    | 37       |
|    total_timesteps | 320      |
---------------------------------
✓ [SUCCESS] Improvement! Δ=0.063650, new_best=0.665231, reward=20.52
✓ [SUCCESS] Improvement! Δ=0.075069, new_best=0.610910, reward=10.90
✓ [SUCCESS] Improvement! Δ=0.046787, new_best=0.657698, reward=6.00
✓ [SUCCESS] Improvement! Δ=0.036508, new_best=0.665231, reward=10.49
✓ [SUCCESS] Improvement! Δ=0.001984, new_best=0.535427, reward=2.83
✓ [SUCCESS] Improvement! Δ=0.129804, new_best=0.665231, reward=31.03
✓ [SUCCESS] Improvement! Δ=0.044232, new_best=0.709463, reward=12.57
---------------------------------
| rollout/           |          |
|    ep_len_mean     | 16       |
|    ep_rew_mean     | -12.3    |
| time/              |          |
|    episodes        | 24       |
|    fps             | 8        |
|    time_elapsed    | 44       |
|    total_timesteps | 384      |
---------------------------------
✓ [SUCCESS] Improvement! Δ=0.395798, new_best=0.665231, reward=84.27
✓ [SUCCESS] Improvement! Δ=0.050081, new_best=0.715311, reward=15.70
✓ [SUCCESS] Improvement! Δ=0.366372, new_best=0.665231, reward=84.89
✓ [SUCCESS] Improvement! Δ=0.029777, new_best=0.695008, reward=8.25
✓ [SUCCESS] Improvement! Δ=0.020303, new_best=0.715311, reward=3.97
✓ [SUCCESS] Improvement! Δ=0.145726, new_best=0.465989, reward=36.82
✓ [SUCCESS] Improvement! Δ=0.199241, new_best=0.665231, reward=38.35
---------------------------------
| rollout/           |          |
|    ep_len_mean     | 16       |
|    ep_rew_mean     | -10.2    |
| time/              |          |
|    episodes        | 28       |
|    fps             | 8        |
|    time_elapsed    | 52       |
|    total_timesteps | 448      |
---------------------------------
✓ [SUCCESS] Improvement! Δ=0.155393, new_best=0.581673, reward=43.55
✓ [SUCCESS] Improvement! Δ=0.263067, new_best=0.665231, reward=53.27
✓ [SUCCESS] Improvement! Δ=0.050081, new_best=0.715311, reward=7.32
✓ [SUCCESS] Improvement! Δ=0.150728, new_best=0.709463, reward=22.17
✓ [SUCCESS] Improvement! Δ=0.049408, new_best=0.758871, reward=11.99
[BUFFER] New global best! Fitness=0.758871, Raw=2.109622
---------------------------------
| rollout/           |          |
|    ep_len_mean     | 16       |
|    ep_rew_mean     | -14.2    |
| time/              |          |
|    episodes        | 32       |
|    fps             | 8        |
|    time_elapsed    | 59       |
|    total_timesteps | 512      |
---------------------------------
✓ [SUCCESS] Improvement! Δ=0.001355, new_best=0.315329, reward=2.52
✓ [SUCCESS] Improvement! Δ=0.061973, new_best=0.665231, reward=7.83
✓ [SUCCESS] Improvement! Δ=0.048566, new_best=0.713796, reward=13.57
✓ [SUCCESS] Improvement! Δ=0.071759, new_best=0.402162, reward=20.37
✓ [SUCCESS] Improvement! Δ=0.115243, new_best=0.665231, reward=13.63
✓ [SUCCESS] Improvement! Δ=0.044232, new_best=0.709463, reward=12.57
---------------------------------
| rollout/           |          |
|    ep_len_mean     | 16       |
|    ep_rew_mean     | -15.7    |
| time/              |          |
|    episodes        | 36       |
|    fps             | 8        |
|    time_elapsed    | 68       |
|    total_timesteps | 576      |
---------------------------------
✓ [SUCCESS] Improvement! Δ=0.217299, new_best=0.709463, reward=60.83
✓ [SUCCESS] Improvement! Δ=0.004334, new_best=0.713796, reward=4.26
✓ [SUCCESS] Improvement! Δ=0.001515, new_best=0.715311, reward=1.22
---------------------------------
| rollout/           |          |
|    ep_len_mean     | 16       |
|    ep_rew_mean     | -16.5    |
| time/              |          |
|    episodes        | 40       |
|    fps             | 8        |
|    time_elapsed    | 75       |
|    total_timesteps | 640      |
---------------------------------
✓ [SUCCESS] Improvement! Δ=0.199241, new_best=0.665231, reward=48.94
✓ [SUCCESS] Improvement! Δ=0.019771, new_best=0.290328, reward=7.67
✓ [SUCCESS] Improvement! Δ=0.018500, new_best=0.346612, reward=5.78
✓ [SUCCESS] Improvement! Δ=0.055550, new_best=0.402162, reward=7.14
✓ [SUCCESS] Improvement! Δ=0.070950, new_best=0.515105, reward=15.54
✓ [SUCCESS] Improvement! Δ=0.018338, new_best=0.533443, reward=4.82
✓ [SUCCESS] Improvement! Δ=0.048230, new_best=0.581673, reward=17.29
---------------------------------
| rollout/           |          |
|    ep_len_mean     | 16       |
|    ep_rew_mean     | -16.2    |
| time/              |          |
|    episodes        | 44       |
|    fps             | 8        |
|    time_elapsed    | 82       |
|    total_timesteps | 704      |
---------------------------------
✓ [SUCCESS] Improvement! Δ=0.062638, new_best=0.379129, reward=13.40
✓ [SUCCESS] Improvement! Δ=0.286101, new_best=0.665231, reward=49.28
✓ [SUCCESS] Improvement! Δ=0.122544, new_best=0.445108, reward=24.99
✓ [SUCCESS] Improvement! Δ=0.066687, new_best=0.511795, reward=16.15
✓ [SUCCESS] Improvement! Δ=0.035374, new_best=0.547169, reward=13.48
✓ [SUCCESS] Improvement! Δ=0.026630, new_best=0.573799, reward=10.16
✓ [SUCCESS] Improvement! Δ=0.091432, new_best=0.665231, reward=24.40
✓ [SUCCESS] Improvement! Δ=0.289250, new_best=0.694849, reward=51.63
✓ [SUCCESS] Improvement! Δ=0.014613, new_best=0.709463, reward=5.27
---------------------------------
| rollout/           |          |
|    ep_len_mean     | 16       |
|    ep_rew_mean     | -13.7    |
| time/              |          |
|    episodes        | 48       |
|    fps             | 8        |
|    time_elapsed    | 90       |
|    total_timesteps | 768      |
---------------------------------
✓ [SUCCESS] Improvement! Δ=0.162572, new_best=0.715311, reward=26.58
✓ [SUCCESS] Improvement! Δ=0.074050, new_best=0.402162, reward=17.06
✓ [SUCCESS] Improvement! Δ=0.157465, new_best=0.713796, reward=45.73
✓ [SUCCESS] Improvement! Δ=0.013500, new_best=0.665231, reward=2.56
✓ [SUCCESS] Improvement! Δ=0.048566, new_best=0.713796, reward=17.39
---------------------------------
| rollout/           |          |
|    ep_len_mean     | 16       |
|    ep_rew_mean     | -14.6    |
| time/              |          |
|    episodes        | 52       |
|    fps             | 8        |
|    time_elapsed    | 98       |
|    total_timesteps | 832      |
---------------------------------
✓ [SUCCESS] Improvement! Δ=0.260878, new_best=0.665231, reward=29.49
✓ [SUCCESS] Improvement! Δ=0.048566, new_best=0.713796, reward=17.39
✓ [SUCCESS] Improvement! Δ=0.001515, new_best=0.715311, reward=1.22
✓ [SUCCESS] Improvement! Δ=0.220850, new_best=0.665231, reward=37.72
✓ [SUCCESS] Improvement! Δ=0.050081, new_best=0.715311, reward=9.50
✓ [SUCCESS] Improvement! Δ=0.007197, new_best=0.402162, reward=2.15
✓ [SUCCESS] Improvement! Δ=0.310438, new_best=0.665231, reward=76.80
✓ [SUCCESS] Improvement! Δ=0.044232, new_best=0.709463, reward=16.11
---------------------------------
| rollout/           |          |
|    ep_len_mean     | 16       |
|    ep_rew_mean     | -13.7    |
| time/              |          |
|    episodes        | 56       |
|    fps             | 8        |
|    time_elapsed    | 105      |
|    total_timesteps | 896      |
---------------------------------
✓ [SUCCESS] Improvement! Δ=0.184398, new_best=0.665231, reward=40.95
✓ [SUCCESS] Improvement! Δ=0.029777, new_best=0.695008, reward=5.82
✓ [SUCCESS] Improvement! Δ=0.049235, new_best=0.665231, reward=7.69
✓ [SUCCESS] Improvement! Δ=0.050081, new_best=0.715311, reward=7.11
✓ [SUCCESS] Improvement! Δ=0.048079, new_best=0.665231, reward=13.84
✓ [SUCCESS] Improvement! Δ=0.011399, new_best=0.391912, reward=3.46
✓ [SUCCESS] Improvement! Δ=0.030021, new_best=0.421933, reward=8.06
---------------------------------
| rollout/           |          |
|    ep_len_mean     | 16       |
|    ep_rew_mean     | -14      |
| time/              |          |
|    episodes        | 60       |
|    fps             | 8        |
|    time_elapsed    | 113      |
|    total_timesteps | 960      |
---------------------------------
✓ [SUCCESS] Improvement! Δ=0.066687, new_best=0.511795, reward=16.15
✓ [SUCCESS] Improvement! Δ=0.037004, new_best=0.380513, reward=9.03
✓ [SUCCESS] Improvement! Δ=0.009722, new_best=0.390235, reward=3.38
✓ [SUCCESS] Improvement! Δ=0.011927, new_best=0.402162, reward=2.75
✓ [SUCCESS] Improvement! Δ=0.028283, new_best=0.533443, reward=4.53
✓ [SUCCESS] Improvement! Δ=0.016545, new_best=0.549988, reward=4.89
✓ [SUCCESS] Improvement! Δ=0.115243, new_best=0.665231, reward=13.63
✓ [SUCCESS] Improvement! Δ=0.044232, new_best=0.709463, reward=13.55
✓ [SUCCESS] Improvement! Δ=0.082076, new_best=0.603718, reward=16.73
✓ [SUCCESS] Improvement! Δ=0.061513, new_best=0.665231, reward=17.04
---------------------------------
| rollout/           |          |
|    ep_len_mean     | 16       |
|    ep_rew_mean     | -13.8    |
| time/              |          |
|    episodes        | 64       |
|    fps             | 8        |
|    time_elapsed    | 121      |
|    total_timesteps | 1024     |
---------------------------------
✓ [SUCCESS] Improvement! Δ=0.008087, new_best=0.391912, reward=3.11
✓ [SUCCESS] Improvement! Δ=0.010250, new_best=0.402162, reward=4.10
✓ [SUCCESS] Improvement! Δ=0.049956, new_best=0.665231, reward=10.29
✓ [SUCCESS] Improvement! Δ=0.041107, new_best=0.706338, reward=10.30
✓ [SUCCESS] Improvement! Δ=0.011927, new_best=0.402162, reward=2.75
✓ [SUCCESS] Improvement! Δ=0.071548, new_best=0.533443, reward=11.25
✓ [SUCCESS] Improvement! Δ=0.001853, new_best=0.535296, reward=1.40
---------------------------------
| rollout/           |          |
|    ep_len_mean     | 16       |
|    ep_rew_mean     | -14.6    |
| time/              |          |
|    episodes        | 68       |
|    fps             | 8        |
|    time_elapsed    | 129      |
|    total_timesteps | 1088     |
---------------------------------
✓ [SUCCESS] Improvement! Δ=0.193507, new_best=0.657698, reward=21.83
✓ [SUCCESS] Improvement! Δ=0.068155, new_best=0.665231, reward=13.87
✓ [SUCCESS] Improvement! Δ=0.050081, new_best=0.715311, reward=6.35
✓ [SUCCESS] Improvement! Δ=0.044314, new_best=0.645894, reward=16.13
✓ [SUCCESS] Improvement! Δ=0.019336, new_best=0.665231, reward=5.75
---------------------------------
| rollout/           |          |
|    ep_len_mean     | 16       |
|    ep_rew_mean     | -16.1    |
| time/              |          |
|    episodes        | 72       |
|    fps             | 8        |
|    time_elapsed    | 137      |
|    total_timesteps | 1152     |
---------------------------------
✓ [SUCCESS] Improvement! Δ=0.122180, new_best=0.665231, reward=22.23
✓ [SUCCESS] Improvement! Δ=0.139091, new_best=0.665231, reward=28.10
✓ [SUCCESS] Improvement! Δ=0.048566, new_best=0.713796, reward=13.57
✓ [SUCCESS] Improvement! Δ=0.058621, new_best=0.511795, reward=7.36
✓ [SUCCESS] Improvement! Δ=0.040701, new_best=0.552495, reward=5.36
✓ [SUCCESS] Improvement! Δ=0.154542, new_best=0.665231, reward=37.78
---------------------------------
| rollout/           |          |
|    ep_len_mean     | 16       |
|    ep_rew_mean     | -17.6    |
| time/              |          |
|    episodes        | 76       |
|    fps             | 8        |
|    time_elapsed    | 146      |
|    total_timesteps | 1216     |
---------------------------------
✓ [SUCCESS] Improvement! Δ=0.199236, new_best=0.604527, reward=39.79
✓ [SUCCESS] Improvement! Δ=0.060704, new_best=0.665231, reward=10.62
✓ [SUCCESS] Improvement! Δ=0.125803, new_best=0.665231, reward=25.82
✓ [SUCCESS] Improvement! Δ=0.024925, new_best=0.548668, reward=6.91
✓ [SUCCESS] Improvement! Δ=0.116562, new_best=0.665231, reward=21.06
✓ [SUCCESS] Improvement! Δ=0.050081, new_best=0.715311, reward=8.17
✓ [SUCCESS] Improvement! Δ=0.236511, new_best=0.665231, reward=26.83
✓ [SUCCESS] Improvement! Δ=0.044232, new_best=0.709463, reward=11.00
✓ [SUCCESS] Improvement! Δ=0.005849, new_best=0.715311, reward=1.83
---------------------------------
| rollout/           |          |
|    ep_len_mean     | 16       |
|    ep_rew_mean     | -17.6    |
| time/              |          |
|    episodes        | 80       |
|    fps             | 8        |
|    time_elapsed    | 154      |
|    total_timesteps | 1280     |
---------------------------------
✓ [SUCCESS] Improvement! Δ=0.255423, new_best=0.665231, reward=48.71
✓ [SUCCESS] Improvement! Δ=0.048566, new_best=0.713796, reward=17.39
✓ [SUCCESS] Improvement! Δ=0.039430, new_best=0.610953, reward=7.01
✓ [SUCCESS] Improvement! Δ=0.291836, new_best=0.715311, reward=50.11
✓ [SUCCESS] Improvement! Δ=0.013500, new_best=0.665231, reward=6.14
✓ [SUCCESS] Improvement! Δ=0.048566, new_best=0.713796, reward=17.39
---------------------------------
| rollout/           |          |
|    ep_len_mean     | 16       |
|    ep_rew_mean     | -18.2    |
| time/              |          |
|    episodes        | 84       |
|    fps             | 8        |
|    time_elapsed    | 163      |
|    total_timesteps | 1344     |
---------------------------------
✓ [SUCCESS] Improvement! Δ=0.235560, new_best=0.665231, reward=72.93
✓ [SUCCESS] Improvement! Δ=0.050081, new_best=0.715311, reward=6.35
✓ [SUCCESS] Improvement! Δ=0.157244, new_best=0.657698, reward=17.94
✓ [SUCCESS] Improvement! Δ=0.139504, new_best=0.571523, reward=26.63
✓ [SUCCESS] Improvement! Δ=0.060852, new_best=0.632375, reward=16.42
✓ [SUCCESS] Improvement! Δ=0.082936, new_best=0.715311, reward=17.88
✓ [SUCCESS] Improvement! Δ=0.198918, new_best=0.665231, reward=42.29
✓ [SUCCESS] Improvement! Δ=0.048566, new_best=0.713796, reward=15.42
---------------------------------
| rollout/           |          |
|    ep_len_mean     | 16       |
|    ep_rew_mean     | -18      |
| time/              |          |
|    episodes        | 88       |
|    fps             | 8        |
|    time_elapsed    | 172      |
|    total_timesteps | 1408     |
---------------------------------
✓ [SUCCESS] Improvement! Δ=0.116562, new_best=0.665231, reward=24.43
✓ [SUCCESS] Improvement! Δ=0.132271, new_best=0.610910, reward=21.16
✓ [SUCCESS] Improvement! Δ=0.142870, new_best=0.665231, reward=30.95
✓ [SUCCESS] Improvement! Δ=0.050081, new_best=0.715311, reward=6.35
✓ [SUCCESS] Improvement! Δ=0.084103, new_best=0.665231, reward=22.70
✓ [SUCCESS] Improvement! Δ=0.048566, new_best=0.713796, reward=17.39
✓ [SUCCESS] Improvement! Δ=0.001515, new_best=0.715311, reward=1.93
---------------------------------
| rollout/           |          |
|    ep_len_mean     | 16       |
|    ep_rew_mean     | -18.6    |
| time/              |          |
|    episodes        | 92       |
|    fps             | 8        |
|    time_elapsed    | 180      |
|    total_timesteps | 1472     |
---------------------------------
✓ [SUCCESS] Improvement! Δ=0.118062, new_best=0.665231, reward=36.86
✓ [SUCCESS] Improvement! Δ=0.044232, new_best=0.709463, reward=16.11
✓ [SUCCESS] Improvement! Δ=0.054019, new_best=0.546305, reward=14.86
✓ [SUCCESS] Improvement! Δ=0.022556, new_best=0.568861, reward=6.62
✓ [SUCCESS] Improvement! Δ=0.096370, new_best=0.665231, reward=18.56
✓ [SUCCESS] Improvement! Δ=0.051147, new_best=0.716377, reward=14.44
✓ [SUCCESS] Improvement! Δ=0.231606, new_best=0.665231, reward=47.08
✓ [SUCCESS] Improvement! Δ=0.044232, new_best=0.709463, reward=16.11
✓ [SUCCESS] Improvement! Δ=0.003258, new_best=0.657698, reward=1.40
---------------------------------
| rollout/           |          |
|    ep_len_mean     | 16       |
|    ep_rew_mean     | -18      |
| time/              |          |
|    episodes        | 96       |
|    fps             | 8        |
|    time_elapsed    | 189      |
|    total_timesteps | 1536     |
---------------------------------
✓ [SUCCESS] Improvement! Δ=0.075647, new_best=0.591368, reward=18.00
✓ [SUCCESS] Improvement! Δ=0.073862, new_best=0.665231, reward=18.28
✓ [SUCCESS] Improvement! Δ=0.031625, new_best=0.621487, reward=8.38
✓ [SUCCESS] Improvement! Δ=0.036211, new_best=0.657698, reward=5.03
✓ [SUCCESS] Improvement! Δ=0.091432, new_best=0.665231, reward=22.57
✓ [SUCCESS] Improvement! Δ=0.048566, new_best=0.713796, reward=12.16
---------------------------------
| rollout/           |          |
|    ep_len_mean     | 16       |
|    ep_rew_mean     | -19.3    |
| time/              |          |
|    episodes        | 100      |
|    fps             | 8        |
|    time_elapsed    | 197      |
|    total_timesteps | 1600     |
---------------------------------
✓ [SUCCESS] Improvement! Δ=0.024447, new_best=0.573799, reward=7.98
✓ [SUCCESS] Improvement! Δ=0.073862, new_best=0.665231, reward=16.98
✓ [SUCCESS] Improvement! Δ=0.184398, new_best=0.665231, reward=40.15
✓ [SUCCESS] Improvement! Δ=0.050081, new_best=0.715311, reward=6.35
✓ [SUCCESS] Improvement! Δ=0.020462, new_best=0.715311, reward=4.69
✓ [SUCCESS] Improvement! Δ=0.001066, new_best=0.716377, reward=1.89
---------------------------------
| rollout/           |          |
|    ep_len_mean     | 16       |
|    ep_rew_mean     | -19.8    |
| time/              |          |
|    episodes        | 104      |
|    fps             | 8        |
|    time_elapsed    | 206      |
|    total_timesteps | 1664     |
---------------------------------
✓ [SUCCESS] Improvement! Δ=0.172587, new_best=0.665231, reward=33.18
✓ [SUCCESS] Improvement! Δ=0.026551, new_best=0.665231, reward=6.70
✓ [SUCCESS] Improvement! Δ=0.044232, new_best=0.709463, reward=12.32
✓ [SUCCESS] Improvement! Δ=0.202379, new_best=0.665231, reward=42.07
✓ [SUCCESS] Improvement! Δ=0.048566, new_best=0.713796, reward=14.62
✓ [SUCCESS] Improvement! Δ=0.068568, new_best=0.650240, reward=16.60
✓ [SUCCESS] Improvement! Δ=0.014990, new_best=0.665231, reward=3.27
---------------------------------
| rollout/           |          |
|    ep_len_mean     | 16       |
|    ep_rew_mean     | -21.2    |
| time/              |          |
|    episodes        | 108      |
|    fps             | 8        |
|    time_elapsed    | 215      |
|    total_timesteps | 1728     |
---------------------------------
✓ [SUCCESS] Improvement! Δ=0.146760, new_best=0.665231, reward=37.35
✓ [SUCCESS] Improvement! Δ=0.050081, new_best=0.715311, reward=10.39
✓ [SUCCESS] Improvement! Δ=0.004473, new_best=0.665231, reward=3.06
✓ [SUCCESS] Improvement! Δ=0.050081, new_best=0.715311, reward=6.35
✓ [SUCCESS] Improvement! Δ=0.061779, new_best=0.589042, reward=14.40
✓ [SUCCESS] Improvement! Δ=0.076188, new_best=0.665231, reward=14.35
✓ [SUCCESS] Improvement! Δ=0.044232, new_best=0.709463, reward=11.61
✓ [SUCCESS] Improvement! Δ=0.072262, new_best=0.665231, reward=14.95
---------------------------------
| rollout/           |          |
|    ep_len_mean     | 16       |
|    ep_rew_mean     | -22.8    |
| time/              |          |
|    episodes        | 112      |
|    fps             | 8        |
|    time_elapsed    | 223      |
|    total_timesteps | 1792     |
---------------------------------
✓ [SUCCESS] Improvement! Δ=0.137967, new_best=0.665231, reward=27.12
✓ [SUCCESS] Improvement! Δ=0.050081, new_best=0.715311, reward=6.35
✓ [SUCCESS] Improvement! Δ=0.106967, new_best=0.610910, reward=30.57
✓ [SUCCESS] Improvement! Δ=0.043529, new_best=0.654440, reward=15.90
✓ [SUCCESS] Improvement! Δ=0.233704, new_best=0.715311, reward=39.92
✓ [SUCCESS] Improvement! Δ=0.172725, new_best=0.665231, reward=36.99
✓ [SUCCESS] Improvement! Δ=0.044232, new_best=0.709463, reward=13.54
---------------------------------
| rollout/           |          |
|    ep_len_mean     | 16       |
|    ep_rew_mean     | -23.6    |
| time/              |          |
|    episodes        | 116      |
|    fps             | 7        |
|    time_elapsed    | 232      |
|    total_timesteps | 1856     |
---------------------------------
✓ [SUCCESS] Improvement! Δ=0.050236, new_best=0.665231, reward=6.37
✓ [SUCCESS] Improvement! Δ=0.044232, new_best=0.709463, reward=16.11
✓ [SUCCESS] Improvement! Δ=0.049408, new_best=0.758871, reward=10.57
✓ [SUCCESS] Improvement! Δ=0.086974, new_best=0.665231, reward=17.80
✓ [SUCCESS] Improvement! Δ=0.048566, new_best=0.713796, reward=17.39
✓ [SUCCESS] Improvement! Δ=0.098522, new_best=0.713796, reward=23.60
✓ [SUCCESS] Improvement! Δ=0.001515, new_best=0.715311, reward=1.22
✓ [SUCCESS] Improvement! Δ=0.000655, new_best=0.462123, reward=1.45
---------------------------------
| rollout/           |          |
|    ep_len_mean     | 16       |
|    ep_rew_mean     | -24.2    |
| time/              |          |
|    episodes        | 120      |
|    fps             | 7        |
|    time_elapsed    | 240      |
|    total_timesteps | 1920     |
---------------------------------
✓ [SUCCESS] Improvement! Δ=0.134512, new_best=0.665231, reward=34.43
✓ [SUCCESS] Improvement! Δ=0.044232, new_best=0.709463, reward=16.11
✓ [SUCCESS] Improvement! Δ=0.005849, new_best=0.715311, reward=1.67
✓ [SUCCESS] Improvement! Δ=0.057570, new_best=0.665231, reward=13.24
✓ [SUCCESS] Improvement! Δ=0.076188, new_best=0.665231, reward=18.79
✓ [SUCCESS] Improvement! Δ=0.233704, new_best=0.715311, reward=39.92
---------------------------------
| rollout/           |          |
|    ep_len_mean     | 16       |
|    ep_rew_mean     | -24.2    |
| time/              |          |
|    episodes        | 124      |
|    fps             | 7        |
|    time_elapsed    | 249      |
|    total_timesteps | 1984     |
---------------------------------
✓ [SUCCESS] Improvement! Δ=0.077724, new_best=0.617151, reward=19.34
✓ [SUCCESS] Improvement! Δ=0.048079, new_best=0.665231, reward=13.84
✓ [SUCCESS] Improvement! Δ=0.044232, new_best=0.709463, reward=16.11
✓ [SUCCESS] Improvement! Δ=0.137055, new_best=0.715311, reward=26.09
✓ [SUCCESS] Improvement! Δ=0.110699, new_best=0.665231, reward=18.61
✓ [SUCCESS] Improvement! Δ=0.050081, new_best=0.715311, reward=6.35
✓ [SUCCESS] Improvement! Δ=0.004473, new_best=0.665231, reward=2.55
✓ [SUCCESS] Improvement! Δ=0.050081, new_best=0.715311, reward=6.35
---------------------------------
| rollout/           |          |
|    ep_len_mean     | 16       |
|    ep_rew_mean     | -25.2    |
| time/              |          |
|    episodes        | 128      |
|    fps             | 7        |
|    time_elapsed    | 257      |
|    total_timesteps | 2048     |
---------------------------------
✓ [SUCCESS] Improvement! Δ=0.012540, new_best=0.665231, reward=6.49
✓ [SUCCESS] Improvement! Δ=0.019336, new_best=0.665231, reward=5.76
✓ [SUCCESS] Improvement! Δ=0.044232, new_best=0.709463, reward=14.28
---------------------------------
| rollout/           |          |
|    ep_len_mean     | 16       |
|    ep_rew_mean     | -26      |
| time/              |          |
|    episodes        | 132      |
|    fps             | 7        |
|    time_elapsed    | 266      |
|    total_timesteps | 2112     |
---------------------------------
✓ [SUCCESS] Improvement! Δ=0.016481, new_best=0.492769, reward=5.50
✓ [SUCCESS] Improvement! Δ=0.172461, new_best=0.665231, reward=45.47
✓ [SUCCESS] Improvement! Δ=0.048757, new_best=0.713987, reward=13.88
✓ [SUCCESS] Improvement! Δ=0.019743, new_best=0.571523, reward=5.70
✓ [SUCCESS] Improvement! Δ=0.035598, new_best=0.665231, reward=5.40
✓ [SUCCESS] Improvement! Δ=0.047792, new_best=0.763103, reward=11.80
[BUFFER] New global best! Fitness=0.763103, Raw=2.150471
---------------------------------
| rollout/           |          |
|    ep_len_mean     | 16       |
|    ep_rew_mean     | -26.9    |
| time/              |          |
|    episodes        | 136      |
|    fps             | 7        |
|    time_elapsed    | 274      |
|    total_timesteps | 2176     |
---------------------------------
✓ [SUCCESS] Improvement! Δ=0.083545, new_best=0.610910, reward=18.33
✓ [SUCCESS] Improvement! Δ=0.050081, new_best=0.715311, reward=6.35
✓ [SUCCESS] Improvement! Δ=0.013675, new_best=0.665231, reward=5.00
✓ [SUCCESS] Improvement! Δ=0.050081, new_best=0.715311, reward=6.35
---------------------------------
| rollout/           |          |
|    ep_len_mean     | 16       |
|    ep_rew_mean     | -28.3    |
| time/              |          |
|    episodes        | 140      |
|    fps             | 7        |
|    time_elapsed    | 283      |
|    total_timesteps | 2240     |
---------------------------------
✓ [SUCCESS] Improvement! Δ=0.060704, new_best=0.665231, reward=11.77
✓ [SUCCESS] Improvement! Δ=0.221027, new_best=0.713796, reward=63.09
---------------------------------
| rollout/           |          |
|    ep_len_mean     | 16       |
|    ep_rew_mean     | -29.4    |
| time/              |          |
|    episodes        | 144      |
|    fps             | 7        |
|    time_elapsed    | 291      |
|    total_timesteps | 2304     |
---------------------------------
✓ [SUCCESS] Improvement! Δ=0.172725, new_best=0.665231, reward=41.87
✓ [SUCCESS] Improvement! Δ=0.050081, new_best=0.715311, reward=8.17
✓ [SUCCESS] Improvement! Δ=0.075410, new_best=0.665231, reward=17.29
✓ [SUCCESS] Improvement! Δ=0.008625, new_best=0.673855, reward=3.87
✓ [SUCCESS] Improvement! Δ=0.041456, new_best=0.715311, reward=7.93
✓ [SUCCESS] Improvement! Δ=0.089826, new_best=0.665231, reward=10.87
✓ [SUCCESS] Improvement! Δ=0.050081, new_best=0.715311, reward=10.33
---------------------------------
| rollout/           |          |
|    ep_len_mean     | 16       |
|    ep_rew_mean     | -32.1    |
| time/              |          |
|    episodes        | 148      |
|    fps             | 7        |
|    time_elapsed    | 299      |
|    total_timesteps | 2368     |
---------------------------------
✓ [SUCCESS] Improvement! Δ=0.020747, new_best=0.511795, reward=6.22
✓ [SUCCESS] Improvement! Δ=0.233788, new_best=0.715311, reward=50.59
✓ [SUCCESS] Improvement! Δ=0.001066, new_best=0.716377, reward=2.61
✓ [SUCCESS] Improvement! Δ=0.032438, new_best=0.532892, reward=8.92
✓ [SUCCESS] Improvement! Δ=0.124806, new_best=0.657698, reward=21.81
---------------------------------
| rollout/           |          |
|    ep_len_mean     | 16       |
|    ep_rew_mean     | -32.6    |
| time/              |          |
|    episodes        | 152      |
|    fps             | 7        |
|    time_elapsed    | 308      |
|    total_timesteps | 2432     |
---------------------------------
✓ [SUCCESS] Improvement! Δ=0.014455, new_best=0.709463, reward=4.35
✓ [SUCCESS] Improvement! Δ=0.005849, new_best=0.715311, reward=1.67
✓ [SUCCESS] Improvement! Δ=0.001324, new_best=0.715311, reward=1.20
---------------------------------
| rollout/           |          |
|    ep_len_mean     | 16       |
|    ep_rew_mean     | -34.9    |
| time/              |          |
|    episodes        | 156      |
|    fps             | 7        |
|    time_elapsed    | 316      |
|    total_timesteps | 2496     |
---------------------------------
✓ [SUCCESS] Improvement! Δ=0.103718, new_best=0.665231, reward=18.93
✓ [SUCCESS] Improvement! Δ=0.048566, new_best=0.713796, reward=13.57
✓ [SUCCESS] Improvement! Δ=0.112735, new_best=0.665231, reward=23.58
✓ [SUCCESS] Improvement! Δ=0.048566, new_best=0.713796, reward=11.11
✓ [SUCCESS] Improvement! Δ=0.155859, new_best=0.665231, reward=38.43
✓ [SUCCESS] Improvement! Δ=0.044232, new_best=0.709463, reward=16.11
✓ [SUCCESS] Improvement! Δ=0.147891, new_best=0.665231, reward=37.62
✓ [SUCCESS] Improvement! Δ=0.050081, new_best=0.715311, reward=10.66
---------------------------------
| rollout/           |          |
|    ep_len_mean     | 16       |
|    ep_rew_mean     | -34.6    |
| time/              |          |
|    episodes        | 160      |
|    fps             | 7        |
|    time_elapsed    | 324      |
|    total_timesteps | 2560     |
---------------------------------
✓ [SUCCESS] Improvement! Δ=0.073086, new_best=0.665231, reward=12.80
✓ [SUCCESS] Improvement! Δ=0.050081, new_best=0.715311, reward=6.35
✓ [SUCCESS] Improvement! Δ=0.160377, new_best=0.665231, reward=42.56
✓ [SUCCESS] Improvement! Δ=0.082554, new_best=0.665231, reward=14.26
✓ [SUCCESS] Improvement! Δ=0.104496, new_best=0.629454, reward=23.02
✓ [SUCCESS] Improvement! Δ=0.028243, new_best=0.657698, reward=4.04
---------------------------------
| rollout/           |          |
|    ep_len_mean     | 16       |
|    ep_rew_mean     | -34.9    |
| time/              |          |
|    episodes        | 164      |
|    fps             | 7        |
|    time_elapsed    | 333      |
|    total_timesteps | 2624     |
---------------------------------
✓ [SUCCESS] Improvement! Δ=0.135443, new_best=0.665231, reward=33.32
✓ [SUCCESS] Improvement! Δ=0.048566, new_best=0.713796, reward=17.39
✓ [SUCCESS] Improvement! Δ=0.048079, new_best=0.665231, reward=13.84
✓ [SUCCESS] Improvement! Δ=0.050081, new_best=0.715311, reward=9.50
✓ [SUCCESS] Improvement! Δ=0.018338, new_best=0.533443, reward=6.39
✓ [SUCCESS] Improvement! Δ=0.089858, new_best=0.715311, reward=21.70
---------------------------------
| rollout/           |          |
|    ep_len_mean     | 16       |
|    ep_rew_mean     | -34.6    |
| time/              |          |
|    episodes        | 168      |
|    fps             | 7        |
|    time_elapsed    | 341      |
|    total_timesteps | 2688     |
---------------------------------
✓ [SUCCESS] Improvement! Δ=0.129804, new_best=0.665231, reward=33.76
✓ [SUCCESS] Improvement! Δ=0.112735, new_best=0.665231, reward=22.64
✓ [SUCCESS] Improvement! Δ=0.159411, new_best=0.709463, reward=43.00
---------------------------------
| rollout/           |          |
|    ep_len_mean     | 16       |
|    ep_rew_mean     | -34.1    |
| time/              |          |
|    episodes        | 172      |
|    fps             | 7        |
|    time_elapsed    | 350      |
|    total_timesteps | 2752     |
---------------------------------
✓ [SUCCESS] Improvement! Δ=0.083545, new_best=0.610910, reward=10.03
✓ [SUCCESS] Improvement! Δ=0.046787, new_best=0.657698, reward=6.00
✓ [SUCCESS] Improvement! Δ=0.031244, new_best=0.546305, reward=7.97
✓ [SUCCESS] Improvement! Δ=0.118926, new_best=0.665231, reward=26.10
✓ [SUCCESS] Improvement! Δ=0.048566, new_best=0.713796, reward=14.62
✓ [SUCCESS] Improvement! Δ=0.047000, new_best=0.665231, reward=10.30
✓ [SUCCESS] Improvement! Δ=0.137967, new_best=0.665231, reward=27.12
✓ [SUCCESS] Improvement! Δ=0.050081, new_best=0.715311, reward=6.35
---------------------------------
| rollout/           |          |
|    ep_len_mean     | 16       |
|    ep_rew_mean     | -34.2    |
| time/              |          |
|    episodes        | 176      |
|    fps             | 7        |
|    time_elapsed    | 358      |
|    total_timesteps | 2816     |
---------------------------------
✓ [SUCCESS] Improvement! Δ=0.129304, new_best=0.665231, reward=28.20
✓ [SUCCESS] Improvement! Δ=0.044232, new_best=0.709463, reward=16.11
✓ [SUCCESS] Improvement! Δ=0.027429, new_best=0.665231, reward=8.01
✓ [SUCCESS] Improvement! Δ=0.048566, new_best=0.713796, reward=17.39
✓ [SUCCESS] Improvement! Δ=0.153436, new_best=0.665231, reward=45.53
✓ [SUCCESS] Improvement! Δ=0.093640, new_best=0.758871, reward=20.87
✓ [SUCCESS] Improvement! Δ=0.019336, new_best=0.665231, reward=4.28
---------------------------------
| rollout/           |          |
|    ep_len_mean     | 16       |
|    ep_rew_mean     | -34.3    |
| time/              |          |
|    episodes        | 180      |
|    fps             | 7        |
|    time_elapsed    | 366      |
|    total_timesteps | 2880     |
---------------------------------
✓ [SUCCESS] Improvement! Δ=0.118225, new_best=0.665231, reward=25.96
✓ [SUCCESS] Improvement! Δ=0.108615, new_best=0.620410, reward=23.88
✓ [SUCCESS] Improvement! Δ=0.012537, new_best=0.632947, reward=5.14
✓ [SUCCESS] Improvement! Δ=0.032284, new_best=0.665231, reward=4.54
✓ [SUCCESS] Improvement! Δ=0.106496, new_best=0.665231, reward=25.33
✓ [SUCCESS] Improvement! Δ=0.062621, new_best=0.715311, reward=9.88
---------------------------------
| rollout/           |          |
|    ep_len_mean     | 16       |
|    ep_rew_mean     | -34.3    |
| time/              |          |
|    episodes        | 184      |
|    fps             | 7        |
|    time_elapsed    | 374      |
|    total_timesteps | 2944     |
---------------------------------
✓ [SUCCESS] Improvement! Δ=0.125774, new_best=0.658666, reward=37.91
✓ [SUCCESS] Improvement! Δ=0.112800, new_best=0.665231, reward=15.74
✓ [SUCCESS] Improvement! Δ=0.083558, new_best=0.665231, reward=20.77
---------------------------------
| rollout/           |          |
|    ep_len_mean     | 16       |
|    ep_rew_mean     | -36.1    |
| time/              |          |
|    episodes        | 188      |
|    fps             | 7        |
|    time_elapsed    | 383      |
|    total_timesteps | 3008     |
---------------------------------
✓ [SUCCESS] Improvement! Δ=0.017007, new_best=0.665231, reward=6.09
✓ [SUCCESS] Improvement! Δ=0.048566, new_best=0.713796, reward=13.57
✓ [SUCCESS] Improvement! Δ=0.019270, new_best=0.590793, reward=5.47
✓ [SUCCESS] Improvement! Δ=0.074437, new_best=0.665231, reward=12.24
✓ [SUCCESS] Improvement! Δ=0.028945, new_best=0.665231, reward=5.68
✓ [SUCCESS] Improvement! Δ=0.105624, new_best=0.665231, reward=21.98
✓ [SUCCESS] Improvement! Δ=0.093640, new_best=0.758871, reward=20.87
---------------------------------
| rollout/           |          |
|    ep_len_mean     | 16       |
|    ep_rew_mean     | -36.5    |
| time/              |          |
|    episodes        | 192      |
|    fps             | 7        |
|    time_elapsed    | 391      |
|    total_timesteps | 3072     |
---------------------------------
✓ [SUCCESS] Improvement! Δ=0.145492, new_best=0.665231, reward=21.35
✓ [SUCCESS] Improvement! Δ=0.016789, new_best=0.658666, reward=5.08
✓ [SUCCESS] Improvement! Δ=0.068689, new_best=0.610910, reward=14.53
✓ [SUCCESS] Improvement! Δ=0.046787, new_best=0.657698, reward=6.00
✓ [SUCCESS] Improvement! Δ=0.000968, new_best=0.658666, reward=3.26
✓ [SUCCESS] Improvement! Δ=0.138264, new_best=0.665231, reward=20.45
✓ [SUCCESS] Improvement! Δ=0.050081, new_best=0.715311, reward=9.47
---------------------------------
| rollout/           |          |
|    ep_len_mean     | 16       |
|    ep_rew_mean     | -37.7    |
| time/              |          |
|    episodes        | 196      |
|    fps             | 7        |
|    time_elapsed    | 399      |
|    total_timesteps | 3136     |
---------------------------------
✓ [SUCCESS] Improvement! Δ=0.068155, new_best=0.665231, reward=13.87
✓ [SUCCESS] Improvement! Δ=0.010570, new_best=0.675800, reward=3.78
✓ [SUCCESS] Improvement! Δ=0.039511, new_best=0.715311, reward=5.86
✓ [SUCCESS] Improvement! Δ=0.092606, new_best=0.709463, reward=23.78
✓ [SUCCESS] Improvement! Δ=0.033855, new_best=0.665231, reward=8.88
✓ [SUCCESS] Improvement! Δ=0.005432, new_best=0.670663, reward=3.92
✓ [SUCCESS] Improvement! Δ=0.044648, new_best=0.715311, reward=8.00
✓ [SUCCESS] Improvement! Δ=0.006423, new_best=0.665231, reward=2.97
✓ [SUCCESS] Improvement! Δ=0.044232, new_best=0.709463, reward=14.28
✓ [SUCCESS] Improvement! Δ=0.005849, new_best=0.715311, reward=3.19
---------------------------------
| rollout/           |          |
|    ep_len_mean     | 16       |
|    ep_rew_mean     | -37.1    |
| time/              |          |
|    episodes        | 200      |
|    fps             | 7        |
|    time_elapsed    | 408      |
|    total_timesteps | 3200     |
---------------------------------
✓ [SUCCESS] Improvement! Δ=0.108899, new_best=0.665231, reward=18.32
✓ [SUCCESS] Improvement! Δ=0.050236, new_best=0.665231, reward=7.72
✓ [SUCCESS] Improvement! Δ=0.035598, new_best=0.665231, reward=5.40
✓ [SUCCESS] Improvement! Δ=0.050081, new_best=0.715311, reward=8.84
✓ [SUCCESS] Improvement! Δ=0.019189, new_best=0.665231, reward=6.36
✓ [SUCCESS] Improvement! Δ=0.044232, new_best=0.709463, reward=16.11
✓ [SUCCESS] Improvement! Δ=0.004334, new_best=0.713796, reward=3.58
---------------------------------
| rollout/           |          |
|    ep_len_mean     | 16       |
|    ep_rew_mean     | -36.9    |
| time/              |          |
|    episodes        | 204      |
|    fps             | 7        |
|    time_elapsed    | 416      |
|    total_timesteps | 3264     |
---------------------------------
✓ [SUCCESS] Improvement! Δ=0.102912, new_best=0.665231, reward=15.19
✓ [SUCCESS] Improvement! Δ=0.048566, new_best=0.713796, reward=17.39
✓ [SUCCESS] Improvement! Δ=0.075410, new_best=0.665231, reward=20.18
✓ [SUCCESS] Improvement! Δ=0.055085, new_best=0.610910, reward=10.83
✓ [SUCCESS] Improvement! Δ=0.046787, new_best=0.657698, reward=8.75
---------------------------------
| rollout/           |          |
|    ep_len_mean     | 16       |
|    ep_rew_mean     | -37.9    |
| time/              |          |
|    episodes        | 208      |
|    fps             | 7        |
|    time_elapsed    | 424      |
|    total_timesteps | 3328     |
---------------------------------
✓ [SUCCESS] Improvement! Δ=0.051586, new_best=0.632375, reward=10.96
✓ [SUCCESS] Improvement! Δ=0.032855, new_best=0.665231, reward=5.79
✓ [SUCCESS] Improvement! Δ=0.093640, new_best=0.758871, reward=20.87
✓ [SUCCESS] Improvement! Δ=0.077965, new_best=0.665231, reward=11.27
✓ [SUCCESS] Improvement! Δ=0.084103, new_best=0.665231, reward=22.70
---------------------------------
| rollout/           |          |
|    ep_len_mean     | 16       |
|    ep_rew_mean     | -37      |
| time/              |          |
|    episodes        | 212      |
|    fps             | 7        |
|    time_elapsed    | 432      |
|    total_timesteps | 3392     |
---------------------------------
✓ [SUCCESS] Improvement! Δ=0.118062, new_best=0.665231, reward=36.86
✓ [SUCCESS] Improvement! Δ=0.036508, new_best=0.665231, reward=12.70
✓ [SUCCESS] Improvement! Δ=0.048566, new_best=0.713796, reward=17.39
✓ [SUCCESS] Improvement! Δ=0.001515, new_best=0.715311, reward=1.22
✓ [SUCCESS] Improvement! Δ=0.061513, new_best=0.665231, reward=13.11
✓ [SUCCESS] Improvement! Δ=0.044232, new_best=0.709463, reward=16.11
---------------------------------
| rollout/           |          |
|    ep_len_mean     | 16       |
|    ep_rew_mean     | -38.5    |
| time/              |          |
|    episodes        | 216      |
|    fps             | 7        |
|    time_elapsed    | 441      |
|    total_timesteps | 3456     |
---------------------------------
✓ [SUCCESS] Improvement! Δ=0.148158, new_best=0.709463, reward=34.82
✓ [SUCCESS] Improvement! Δ=0.004140, new_best=0.650034, reward=2.24
✓ [SUCCESS] Improvement! Δ=0.015196, new_best=0.665231, reward=3.16
✓ [SUCCESS] Improvement! Δ=0.048566, new_best=0.713796, reward=14.62
✓ [SUCCESS] Improvement! Δ=0.048766, new_best=0.665231, reward=10.84
✓ [SUCCESS] Improvement! Δ=0.093640, new_best=0.758871, reward=20.87
---------------------------------
| rollout/           |          |
|    ep_len_mean     | 16       |
|    ep_rew_mean     | -39.5    |
| time/              |          |
|    episodes        | 220      |
|    fps             | 7        |
|    time_elapsed    | 449      |
|    total_timesteps | 3520     |
---------------------------------
✓ [SUCCESS] Improvement! Δ=0.014990, new_best=0.665231, reward=3.27
✓ [SUCCESS] Improvement! Δ=0.044232, new_best=0.709463, reward=16.11
✓ [SUCCESS] Improvement! Δ=0.016122, new_best=0.713796, reward=7.13
✓ [SUCCESS] Improvement! Δ=0.096370, new_best=0.665231, reward=18.56
✓ [SUCCESS] Improvement! Δ=0.044232, new_best=0.709463, reward=16.11
---------------------------------
| rollout/           |          |
|    ep_len_mean     | 16       |
|    ep_rew_mean     | -40.2    |
| time/              |          |
|    episodes        | 224      |
|    fps             | 7        |
|    time_elapsed    | 457      |
|    total_timesteps | 3584     |
---------------------------------
✓ [SUCCESS] Improvement! Δ=0.032953, new_best=0.654440, reward=11.45
✓ [SUCCESS] Improvement! Δ=0.040402, new_best=0.709463, reward=14.97
✓ [SUCCESS] Improvement! Δ=0.005849, new_best=0.715311, reward=1.67
✓ [SUCCESS] Improvement! Δ=0.002484, new_best=0.652690, reward=2.22
✓ [SUCCESS] Improvement! Δ=0.012540, new_best=0.665231, reward=6.49
✓ [SUCCESS] Improvement! Δ=0.044821, new_best=0.665231, reward=11.84
---------------------------------
| rollout/           |          |
|    ep_len_mean     | 16       |
|    ep_rew_mean     | -41.4    |
| time/              |          |
|    episodes        | 228      |
|    fps             | 7        |
|    time_elapsed    | 466      |
|    total_timesteps | 3648     |
---------------------------------
✓ [SUCCESS] Improvement! Δ=0.000362, new_best=0.665231, reward=2.77
✓ [SUCCESS] Improvement! Δ=0.058974, new_best=0.665231, reward=12.43
✓ [SUCCESS] Improvement! Δ=0.044232, new_best=0.709463, reward=13.54
✓ [SUCCESS] Improvement! Δ=0.018865, new_best=0.650240, reward=4.81
✓ [SUCCESS] Improvement! Δ=0.014990, new_best=0.665231, reward=3.27
✓ [SUCCESS] Improvement! Δ=0.048566, new_best=0.713796, reward=17.39
---------------------------------
| rollout/           |          |
|    ep_len_mean     | 16       |
|    ep_rew_mean     | -40.5    |
| time/              |          |
|    episodes        | 232      |
|    fps             | 7        |
|    time_elapsed    | 474      |
|    total_timesteps | 3712     |
---------------------------------
✓ [SUCCESS] Improvement! Δ=0.055085, new_best=0.610910, reward=13.18
✓ [SUCCESS] Improvement! Δ=0.030966, new_best=0.641877, reward=8.77
✓ [SUCCESS] Improvement! Δ=0.027429, new_best=0.665231, reward=6.23
✓ [SUCCESS] Improvement! Δ=0.017480, new_best=0.682710, reward=6.60
---------------------------------
| rollout/           |          |
|    ep_len_mean     | 16       |
|    ep_rew_mean     | -40.7    |
| time/              |          |
|    episodes        | 236      |
|    fps             | 7        |
|    time_elapsed    | 482      |
|    total_timesteps | 3776     |
---------------------------------
✓ [SUCCESS] Improvement! Δ=0.057570, new_best=0.665231, reward=8.46
✓ [SUCCESS] Improvement! Δ=0.044232, new_best=0.709463, reward=16.11
✓ [SUCCESS] Improvement! Δ=0.004334, new_best=0.713796, reward=3.58
✓ [SUCCESS] Improvement! Δ=0.014990, new_best=0.665231, reward=3.27
✓ [SUCCESS] Improvement! Δ=0.021423, new_best=0.632375, reward=6.63
---------------------------------
| rollout/           |          |
|    ep_len_mean     | 16       |
|    ep_rew_mean     | -40.3    |
| time/              |          |
|    episodes        | 240      |
|    fps             | 7        |
|    time_elapsed    | 491      |
|    total_timesteps | 3840     |
---------------------------------
✓ [SUCCESS] Improvement! Δ=0.125803, new_best=0.665231, reward=16.08
✓ [SUCCESS] Improvement! Δ=0.029777, new_best=0.695008, reward=6.18
✓ [SUCCESS] Improvement! Δ=0.018789, new_best=0.713796, reward=5.12
✓ [SUCCESS] Improvement! Δ=0.026551, new_best=0.665231, reward=6.70
✓ [SUCCESS] Improvement! Δ=0.050081, new_best=0.715311, reward=6.35
---------------------------------
| rollout/           |          |
|    ep_len_mean     | 16       |
|    ep_rew_mean     | -40.4    |
| time/              |          |
|    episodes        | 244      |
|    fps             | 7        |
|    time_elapsed    | 499      |
|    total_timesteps | 3904     |
---------------------------------
✓ [SUCCESS] Improvement! Δ=0.032518, new_best=0.716377, reward=8.78
✓ [SUCCESS] Improvement! Δ=0.020159, new_best=0.610953, reward=4.48
✓ [SUCCESS] Improvement! Δ=0.098510, new_best=0.709463, reward=25.04
✓ [SUCCESS] Improvement! Δ=0.103055, new_best=0.695200, reward=24.37
---------------------------------
| rollout/           |          |
|    ep_len_mean     | 16       |
|    ep_rew_mean     | -40.4    |
| time/              |          |
|    episodes        | 248      |
|    fps             | 7        |
|    time_elapsed    | 507      |
|    total_timesteps | 3968     |
---------------------------------
✓ [SUCCESS] Improvement! Δ=0.073982, new_best=0.617151, reward=16.05
✓ [SUCCESS] Improvement! Δ=0.048079, new_best=0.665231, reward=13.84
✓ [SUCCESS] Improvement! Δ=0.050081, new_best=0.715311, reward=9.26
✓ [SUCCESS] Improvement! Δ=0.103834, new_best=0.665231, reward=25.68
✓ [SUCCESS] Improvement! Δ=0.048566, new_best=0.713796, reward=15.08
---------------------------------
| rollout/           |          |
|    ep_len_mean     | 16       |
|    ep_rew_mean     | -41.4    |
| time/              |          |
|    episodes        | 252      |
|    fps             | 7        |
|    time_elapsed    | 516      |
|    total_timesteps | 4032     |
---------------------------------
✓ [SUCCESS] Improvement! Δ=0.002656, new_best=0.652690, reward=3.76
✓ [SUCCESS] Improvement! Δ=0.121251, new_best=0.709463, reward=27.26
✓ [SUCCESS] Improvement! Δ=0.004334, new_best=0.713796, reward=4.26
✓ [SUCCESS] Improvement! Δ=0.049235, new_best=0.665231, reward=10.60
✓ [SUCCESS] Improvement! Δ=0.050081, new_best=0.715311, reward=9.72
✓ [SUCCESS] Improvement! Δ=0.084103, new_best=0.665231, reward=22.70
---------------------------------
| rollout/           |          |
|    ep_len_mean     | 16       |
|    ep_rew_mean     | -40.6    |
| time/              |          |
|    episodes        | 256      |
|    fps             | 7        |
|    time_elapsed    | 524      |
|    total_timesteps | 4096     |
---------------------------------

================================================================================
EVALUATION METRICS - Round 1
================================================================================
Current Round Statistics:
  Average Fitness (top-128): -4.372573
  Diversity: 3.000000
  Novelty: 1.000000
  Highest in batch: 3.000000

Global Statistics:
  Global Maximum Fitness (normalized): 0.763103
  Initial Maximum Fitness: 0.311339
  Absolute Improvement: 0.451764
  Percentage Improvement: 145.10%
  Total Unique Sequences Discovered: 128
  Total Oracle Calls: 3840

  Buffer Status:
    Best in current pool: 0.763103
    Global best (tracked): 0.763103

Top 10 Discovered Sequences:
  1. Fitness: 0.763103 | Seq: DIYAICACCKVESKNEGKKNEVFNNYTFRGLGNKGVLPWKCNSLDMKYFCAVTTYVNESKYEKLKYKRCKYLNKETVDNVNDMPNSKKLQNVVVMGRTSWESIPKKFKPLSNRINIILSRTLKKEDFDEDVYIINKVEDLIVLLGKLNYYKCFIIGGSVVYQEFLEKKLIKKIYFTRINSTYECDVFFPEINENEWQIISVSDVYTSNNTTLDFIIYKK
  2. Fitness: 0.758871 | Seq: DIYAICACCKVESKNEGKKNEVFNNYTFRGLGNKGVLPWKCNSLDMKYFCAVTTYVNESKYEKLKYKRCKYLNKETVDNVNDMPNSKKLQNVVVMGRTSWESIPKKFKPLSNRINIILSRTLKKEDFDEDVYIINKVEDLIVLLGKLNYYKCFIIGGSVVYQEFLEKKLIKKIYFTRINSTYECDVFFPEINENEFQIISVSDVYTSNNTTLDFIIYKK
  3. Fitness: 0.716377 | Seq: DIYAICACCKVESKNEGKKNEVFNNYTFRGLGNKGVLPWKCNSLDMKYFCAVTTYVNESKYEKLKYKRCKYLNKETVDNVNDMPNSKKLQNVVVMGRTSWESIPKNFKPLSNRINVILSRTLKKEDFDEDVYIINKVEDLIVLLGKLNYYKCFIIGGSVVYQEFLEKKLIKKIYFTRINSTYECDVFFPEINENEYQIISVSDVYTSNNTTLDFIIYKK
  4. Fitness: 0.715311 | Seq: DIYAICACCKVESKNEGKKNEVFNNYTFRGLGNKGVLPWKCNSLDMKYFCAVTTYVNESKYEKLKYKRCKYLNKETVDNVNDMPNSKKLQNVVVMGRTSWESIPKKFKPLSNRINIILSRTLKKEDFDEDVYIINKVEDLIVLLGKLNYYKCFIIGGSVVYQEFLEKKLIKKIYFTRINSTYECDVFFPEINENEYQIISVSDVYTSNNTTLDFIIYKK
  5. Fitness: 0.713987 | Seq: DIYAICACCKVESKNEGKKNEVFNNYTFRGLGNKGVLPWKCNSLDMKYFCAVTTYVNESKYEKLKYKRCKYLNKETVDNVNDMPNSKKLQNVVVMGRTSWESIPKEFKPLSNRINVILSRTLKKEDFDEDVYIINKVEDLIVLLGKLNYYKCFIIGGSVVYQEFLEKKLIKKIYFTRINSTYECDVFFPEINENEYQIISVSDVYTSNNTTLDFIIYKK
  6. Fitness: 0.713796 | Seq: DIYAICACCKVESKNEGKKNEVFNNYTFRGLGNKGVLPWKCNSLDMKYFCAVTTYVNESKYEKLKYKRCKYLNKETVDNVNDMPNSKKLQNVVVMGRTSWESIPKKFKPLSNRINVILSRTLKKEDFDEDVYIINKVEDLIVLLGKLNYYKCFIIGGSVVYQEFLEKKLIKKIYFTRINSTYECDVFFPEINENEWQIISVSDVYTSNNTTLDFIIYKK
  7. Fitness: 0.709463 | Seq: DIYAICACCKVESKNEGKKNEVFNNYTFRGLGNKGVLPWKCNSLDMKYFCAVTTYVNESKYEKLKYKRCKYLNKETVDNVNDMPNSKKLQNVVVMGRTSWESIPKKFKPLSNRINVILSRTLKKEDFDEDVYIINKVEDLIVLLGKLNYYKCFIIGGSVVYQEFLEKKLIKKIYFTRINSTYECDVFFPEINENEFQIISVSDVYTSNNTTLDFIIYKK
  8. Fitness: 0.706338 | Seq: DIYAICACCKVESKNEGKKNEVFNNYTFRGLGNKGVLPWKCNSLDMKYFCAVTTYVNESKYEKLKYKRCKYLNKETVDNVNDMPNSKKLQNVVVMGRTSWESIPKKFKPLSDRINIILSRTLKKEDFDEDVYIINKVEDLIVLLGKLNYYKCFIIGGSVVYQEFLEKKLIKKIYFTRINSTYECDVFFPEINENEWQIISVSDVYTSNNTTLDFIIYKK
  9. Fitness: 0.702986 | Seq: DIYAICACCKVESKNEGKKNEVFNNYTFRGLGNKGVLPWKCNSLDMKYFCAVTTYVNESKYEKLKYKRCKYLNKETVDNVNDMPNSKKLQNVVVMGRTSWESIPKTFKPLSNRINVILSRTLKKEDFDEDVYIINKVEDLIVLLGKLNYYKCFIIGGSVVYQEFLEKKLIKKIYFTRINSTYECDVFFPEINENEWQIISVSDVYTSNNTTLDFIIYKK
  10. Fitness: 0.697674 | Seq: DIYAICACCKVESKNEGKKNEVFNNYTFRGLGNKGVLPWKCNSLDMKYFCAVTTYVNESKYEKLKYKRCKYLNKETVDNVNDMPNSKKLQNVVIMGRTSWESIPKKFKPLSNRINVILSRTLKKEDFDEDVYIINKVEDLIVLLGKLNYYKCFIIGGSVVYQEFLEKKLIKKIYFTRINSTYECDVFFPEINENEWQIISVSDVYTSNNTTLDFIIYKK
================================================================================

✓ [SUCCESS] Improvement! Δ=0.031086, new_best=0.713796, reward=12.20
✓ [SUCCESS] Improvement! Δ=0.076535, new_best=0.665231, reward=9.28
✓ [SUCCESS] Improvement! Δ=0.048566, new_best=0.713796, reward=15.42
✓ [SUCCESS] Improvement! Δ=0.040407, new_best=0.610910, reward=5.97
✓ [SUCCESS] Improvement! Δ=0.067800, new_best=0.617151, reward=14.37
✓ [SUCCESS] Improvement! Δ=0.048079, new_best=0.665231, reward=13.84
---------------------------------
| rollout/           |          |
|    ep_len_mean     | 16       |
|    ep_rew_mean     | -41.8    |
| time/              |          |
|    episodes        | 260      |
|    fps             | 5        |
|    time_elapsed    | 805      |
|    total_timesteps | 4160     |
| train/             |          |
|    actor_loss      | -270     |
|    critic_loss     | 2.1e+03  |
|    ent_coef        | 0.766    |
|    ent_coef_loss   | -0.899   |
|    learning_rate   | 0.0003   |
|    n_updates       | 4096     |
---------------------------------
✓ [SUCCESS] Improvement! Δ=0.063002, new_best=0.670663, reward=18.23
✓ [SUCCESS] Improvement! Δ=0.018789, new_best=0.713796, reward=7.19
✓ [SUCCESS] Improvement! Δ=0.001515, new_best=0.715311, reward=1.57
✓ [SUCCESS] Improvement! Δ=0.098802, new_best=0.713796, reward=21.91
✓ [SUCCESS] Improvement! Δ=0.001515, new_best=0.715311, reward=1.22
---------------------------------
| rollout/           |          |
|    ep_len_mean     | 16       |
|    ep_rew_mean     | -43      |
| time/              |          |
|    episodes        | 264      |
|    fps             | 5        |
|    time_elapsed    | 812      |
|    total_timesteps | 4224     |
---------------------------------
✓ [SUCCESS] Improvement! Δ=0.080849, new_best=0.713796, reward=15.49
✓ [SUCCESS] Improvement! Δ=0.050943, new_best=0.665231, reward=15.47
✓ [SUCCESS] Improvement! Δ=0.044232, new_best=0.709463, reward=16.11
✓ [SUCCESS] Improvement! Δ=0.122180, new_best=0.665231, reward=22.23
✓ [SUCCESS] Improvement! Δ=0.048566, new_best=0.713796, reward=13.57
✓ [SUCCESS] Improvement! Δ=0.073862, new_best=0.665231, reward=18.28
---------------------------------
| rollout/           |          |
|    ep_len_mean     | 16       |
|    ep_rew_mean     | -44.4    |
| time/              |          |
|    episodes        | 268      |
|    fps             | 5        |
|    time_elapsed    | 818      |
|    total_timesteps | 4288     |
---------------------------------
✓ [SUCCESS] Improvement! Δ=0.048374, new_best=0.665231, reward=11.50
✓ [SUCCESS] Improvement! Δ=0.011760, new_best=0.601581, reward=3.56
✓ [SUCCESS] Improvement! Δ=0.081063, new_best=0.665231, reward=22.69
✓ [SUCCESS] Improvement! Δ=0.097872, new_best=0.763103, reward=21.72
---------------------------------
| rollout/           |          |
|    ep_len_mean     | 16       |
|    ep_rew_mean     | -44.5    |
| time/              |          |
|    episodes        | 272      |
|    fps             | 5        |
|    time_elapsed    | 826      |
|    total_timesteps | 4352     |
---------------------------------
✓ [SUCCESS] Improvement! Δ=0.067450, new_best=0.610910, reward=17.48
✓ [SUCCESS] Improvement! Δ=0.047755, new_best=0.658666, reward=17.15
✓ [SUCCESS] Improvement! Δ=0.011760, new_best=0.601581, reward=4.83
✓ [SUCCESS] Improvement! Δ=0.048454, new_best=0.650034, reward=8.45
---------------------------------
| rollout/           |          |
|    ep_len_mean     | 16       |
|    ep_rew_mean     | -45.2    |
| time/              |          |
|    episodes        | 276      |
|    fps             | 5        |
|    time_elapsed    | 834      |
|    total_timesteps | 4416     |
---------------------------------
✓ [SUCCESS] Improvement! Δ=0.004206, new_best=0.665231, reward=1.96
✓ [SUCCESS] Improvement! Δ=0.050081, new_best=0.715311, reward=6.35
✓ [SUCCESS] Improvement! Δ=0.042109, new_best=0.601581, reward=9.62
✓ [SUCCESS] Improvement! Δ=0.025603, new_best=0.571523, reward=7.62
---------------------------------
| rollout/           |          |
|    ep_len_mean     | 16       |
|    ep_rew_mean     | -46.9    |
| time/              |          |
|    episodes        | 280      |
|    fps             | 5        |
|    time_elapsed    | 842      |
|    total_timesteps | 4480     |
---------------------------------
✓ [SUCCESS] Improvement! Δ=0.076188, new_best=0.665231, reward=14.35
✓ [SUCCESS] Improvement! Δ=0.028945, new_best=0.665231, reward=10.03
✓ [SUCCESS] Improvement! Δ=0.074437, new_best=0.665231, reward=13.89
✓ [SUCCESS] Improvement! Δ=0.044232, new_best=0.709463, reward=16.11
---------------------------------
| rollout/           |          |
|    ep_len_mean     | 16       |
|    ep_rew_mean     | -47      |
| time/              |          |
|    episodes        | 284      |
|    fps             | 5        |
|    time_elapsed    | 851      |
|    total_timesteps | 4544     |
---------------------------------
✓ [SUCCESS] Improvement! Δ=0.019743, new_best=0.571523, reward=3.73
✓ [SUCCESS] Improvement! Δ=0.093708, new_best=0.665231, reward=17.07
✓ [SUCCESS] Improvement! Δ=0.073862, new_best=0.665231, reward=16.98
✓ [SUCCESS] Improvement! Δ=0.048566, new_best=0.713796, reward=17.39
---------------------------------
| rollout/           |          |
|    ep_len_mean     | 16       |
|    ep_rew_mean     | -47.2    |
| time/              |          |
|    episodes        | 288      |
|    fps             | 5        |
|    time_elapsed    | 859      |
|    total_timesteps | 4608     |
---------------------------------
✓ [SUCCESS] Improvement! Δ=0.086974, new_best=0.665231, reward=17.80
✓ [SUCCESS] Improvement! Δ=0.107011, new_best=0.665231, reward=16.14
✓ [SUCCESS] Improvement! Δ=0.013675, new_best=0.665231, reward=5.00
✓ [SUCCESS] Improvement! Δ=0.144686, new_best=0.809917, reward=31.40
[BUFFER] New global best! Fitness=0.809917, Raw=2.602318
✓ [SUCCESS] Improvement! Δ=0.027429, new_best=0.665231, reward=8.58
---------------------------------
| rollout/           |          |
|    ep_len_mean     | 16       |
|    ep_rew_mean     | -46.8    |
| time/              |          |
|    episodes        | 292      |
|    fps             | 5        |
|    time_elapsed    | 867      |
|    total_timesteps | 4672     |
---------------------------------
✓ [SUCCESS] Improvement! Δ=0.102912, new_best=0.665231, reward=28.14
✓ [SUCCESS] Improvement! Δ=0.039511, new_best=0.715311, reward=5.31
✓ [SUCCESS] Improvement! Δ=0.013500, new_best=0.665231, reward=3.91
✓ [SUCCESS] Improvement! Δ=0.112800, new_best=0.665231, reward=15.74
✓ [SUCCESS] Improvement! Δ=0.048566, new_best=0.713796, reward=17.39
---------------------------------
| rollout/           |          |
|    ep_len_mean     | 16       |
|    ep_rew_mean     | -47.4    |
| time/              |          |
|    episodes        | 296      |
|    fps             | 5        |
|    time_elapsed    | 876      |
|    total_timesteps | 4736     |
---------------------------------
✓ [SUCCESS] Improvement! Δ=0.084487, new_best=0.715311, reward=17.34
✓ [SUCCESS] Improvement! Δ=0.096370, new_best=0.665231, reward=18.56
✓ [SUCCESS] Improvement! Δ=0.044232, new_best=0.709463, reward=16.11
✓ [SUCCESS] Improvement! Δ=0.104569, new_best=0.665231, reward=23.19
---------------------------------
| rollout/           |          |
|    ep_len_mean     | 16       |
|    ep_rew_mean     | -48.1    |
| time/              |          |
|    episodes        | 300      |
|    fps             | 5        |
|    time_elapsed    | 884      |
|    total_timesteps | 4800     |
---------------------------------
✓ [SUCCESS] Improvement! Δ=0.034407, new_best=0.665231, reward=7.19
✓ [SUCCESS] Improvement! Δ=0.163406, new_best=0.763103, reward=36.31
✓ [SUCCESS] Improvement! Δ=0.014990, new_best=0.665231, reward=3.27
---------------------------------
| rollout/           |          |
|    ep_len_mean     | 16       |
|    ep_rew_mean     | -49.8    |
| time/              |          |
|    episodes        | 304      |
|    fps             | 5        |
|    time_elapsed    | 892      |
|    total_timesteps | 4864     |
---------------------------------
✓ [SUCCESS] Improvement! Δ=0.072079, new_best=0.665231, reward=15.16
✓ [SUCCESS] Improvement! Δ=0.115243, new_best=0.665231, reward=13.63
✓ [SUCCESS] Improvement! Δ=0.048566, new_best=0.713796, reward=17.39
✓ [SUCCESS] Improvement! Δ=0.025998, new_best=0.665231, reward=6.60
✓ [SUCCESS] Improvement! Δ=0.050081, new_best=0.715311, reward=6.35
✓ [SUCCESS] Improvement! Δ=0.018491, new_best=0.571523, reward=6.38
✓ [SUCCESS] Improvement! Δ=0.045628, new_best=0.617151, reward=10.00
---------------------------------
| rollout/           |          |
|    ep_len_mean     | 16       |
|    ep_rew_mean     | -49.5    |
| time/              |          |
|    episodes        | 308      |
|    fps             | 5        |
|    time_elapsed    | 901      |
|    total_timesteps | 4928     |
---------------------------------
✓ [SUCCESS] Improvement! Δ=0.091605, new_best=0.709463, reward=19.85
✓ [SUCCESS] Improvement! Δ=0.115879, new_best=0.665231, reward=29.19
✓ [SUCCESS] Improvement! Δ=0.010570, new_best=0.675800, reward=3.95
✓ [SUCCESS] Improvement! Δ=0.039511, new_best=0.715311, reward=5.23
✓ [SUCCESS] Improvement! Δ=0.009501, new_best=0.571523, reward=4.48
✓ [SUCCESS] Improvement! Δ=0.060852, new_best=0.632375, reward=19.08
✓ [SUCCESS] Improvement! Δ=0.032855, new_best=0.665231, reward=10.21
✓ [SUCCESS] Improvement! Δ=0.155704, new_best=0.715311, reward=29.06
---------------------------------
| rollout/           |          |
|    ep_len_mean     | 16       |
|    ep_rew_mean     | -49.5    |
| time/              |          |
|    episodes        | 312      |
|    fps             | 5        |
|    time_elapsed    | 909      |
|    total_timesteps | 4992     |
---------------------------------
✓ [SUCCESS] Improvement! Δ=0.030619, new_best=0.658666, reward=9.02
✓ [SUCCESS] Improvement! Δ=0.021049, new_best=0.610910, reward=6.30
✓ [SUCCESS] Improvement! Δ=0.036120, new_best=0.610910, reward=8.45
✓ [SUCCESS] Improvement! Δ=0.047755, new_best=0.658666, reward=15.46
✓ [SUCCESS] Improvement! Δ=0.048640, new_best=0.707306, reward=11.12
---------------------------------
| rollout/           |          |
|    ep_len_mean     | 16       |
|    ep_rew_mean     | -49.5    |
| time/              |          |
|    episodes        | 316      |
|    fps             | 5        |
|    time_elapsed    | 918      |
|    total_timesteps | 5056     |
---------------------------------
✓ [SUCCESS] Improvement! Δ=0.021883, new_best=0.657698, reward=5.66
✓ [SUCCESS] Improvement! Δ=0.006477, new_best=0.709463, reward=4.89
✓ [SUCCESS] Improvement! Δ=0.005849, new_best=0.715311, reward=1.67
✓ [SUCCESS] Improvement! Δ=0.096370, new_best=0.665231, reward=18.56
✓ [SUCCESS] Improvement! Δ=0.048566, new_best=0.713796, reward=17.39
✓ [SUCCESS] Improvement! Δ=0.014313, new_best=0.589042, reward=4.42
✓ [SUCCESS] Improvement! Δ=0.005090, new_best=0.594132, reward=3.15
✓ [SUCCESS] Improvement! Δ=0.121179, new_best=0.715311, reward=20.05
---------------------------------
| rollout/           |          |
|    ep_len_mean     | 16       |
|    ep_rew_mean     | -48.6    |
| time/              |          |
|    episodes        | 320      |
|    fps             | 5        |
|    time_elapsed    | 926      |
|    total_timesteps | 5120     |
---------------------------------
✓ [SUCCESS] Improvement! Δ=0.039941, new_best=0.713796, reward=10.29
✓ [SUCCESS] Improvement! Δ=0.093708, new_best=0.665231, reward=14.24
✓ [SUCCESS] Improvement! Δ=0.090867, new_best=0.665231, reward=25.14
✓ [SUCCESS] Improvement! Δ=0.048566, new_best=0.713796, reward=17.39
✓ [SUCCESS] Improvement! Δ=0.036211, new_best=0.657698, reward=7.12
---------------------------------
| rollout/           |          |
|    ep_len_mean     | 16       |
|    ep_rew_mean     | -47.6    |
| time/              |          |
|    episodes        | 324      |
|    fps             | 5        |
|    time_elapsed    | 933      |
|    total_timesteps | 5184     |
---------------------------------
✓ [SUCCESS] Improvement! Δ=0.036120, new_best=0.610910, reward=8.45
✓ [SUCCESS] Improvement! Δ=0.043529, new_best=0.654440, reward=12.72
✓ [SUCCESS] Improvement! Δ=0.015579, new_best=0.650207, reward=3.98
✓ [SUCCESS] Improvement! Δ=0.000034, new_best=0.650240, reward=1.49
✓ [SUCCESS] Improvement! Δ=0.014990, new_best=0.665231, reward=3.72
✓ [SUCCESS] Improvement! Δ=0.044232, new_best=0.709463, reward=13.48
✓ [SUCCESS] Improvement! Δ=0.060439, new_best=0.665231, reward=19.67
✓ [SUCCESS] Improvement! Δ=0.050081, new_best=0.715311, reward=9.26
✓ [SUCCESS] Improvement! Δ=0.047792, new_best=0.763103, reward=11.64
✓ [SUCCESS] Improvement! Δ=0.061973, new_best=0.665231, reward=19.66
✓ [SUCCESS] Improvement! Δ=0.050081, new_best=0.715311, reward=6.35
---------------------------------
| rollout/           |          |
|    ep_len_mean     | 16       |
|    ep_rew_mean     | -46.7    |
| time/              |          |
|    episodes        | 328      |
|    fps             | 5        |
|    time_elapsed    | 940      |
|    total_timesteps | 5248     |
---------------------------------
✓ [SUCCESS] Improvement! Δ=0.090501, new_best=0.665231, reward=12.59
✓ [SUCCESS] Improvement! Δ=0.034193, new_best=0.715311, reward=4.67
---------------------------------
| rollout/           |          |
|    ep_len_mean     | 16       |
|    ep_rew_mean     | -47.7    |
| time/              |          |
|    episodes        | 332      |
|    fps             | 5        |
|    time_elapsed    | 947      |
|    total_timesteps | 5312     |
---------------------------------
✓ [SUCCESS] Improvement! Δ=0.011760, new_best=0.601581, reward=4.66
✓ [SUCCESS] Improvement! Δ=0.058974, new_best=0.665231, reward=12.43
---------------------------------
| rollout/           |          |
|    ep_len_mean     | 16       |
|    ep_rew_mean     | -48.1    |
| time/              |          |
|    episodes        | 336      |
|    fps             | 5        |
|    time_elapsed    | 953      |
|    total_timesteps | 5376     |
---------------------------------
✓ [SUCCESS] Improvement! Δ=0.081063, new_best=0.665231, reward=22.69
✓ [SUCCESS] Improvement! Δ=0.050081, new_best=0.715311, reward=6.35
✓ [SUCCESS] Improvement! Δ=0.036211, new_best=0.657698, reward=4.88
✓ [SUCCESS] Improvement! Δ=0.006423, new_best=0.665231, reward=3.05
---------------------------------
| rollout/           |          |
|    ep_len_mean     | 16       |
|    ep_rew_mean     | -48.2    |
| time/              |          |
|    episodes        | 340      |
|    fps             | 5        |
|    time_elapsed    | 960      |
|    total_timesteps | 5440     |
---------------------------------
✓ [SUCCESS] Improvement! Δ=0.112491, new_best=0.665231, reward=24.80
✓ [SUCCESS] Improvement! Δ=0.044232, new_best=0.709463, reward=16.11
✓ [SUCCESS] Improvement! Δ=0.086974, new_best=0.665231, reward=17.80
✓ [SUCCESS] Improvement! Δ=0.050081, new_best=0.715311, reward=6.35
✓ [SUCCESS] Improvement! Δ=0.028772, new_best=0.590793, reward=7.11
✓ [SUCCESS] Improvement! Δ=0.074437, new_best=0.665231, reward=19.07
---------------------------------
| rollout/           |          |
|    ep_len_mean     | 16       |
|    ep_rew_mean     | -47.8    |
| time/              |          |
|    episodes        | 344      |
|    fps             | 5        |
|    time_elapsed    | 967      |
|    total_timesteps | 5504     |
---------------------------------
✓ [SUCCESS] Improvement! Δ=0.086589, new_best=0.715311, reward=20.99
✓ [SUCCESS] Improvement! Δ=0.025007, new_best=0.617151, reward=6.38
✓ [SUCCESS] Improvement! Δ=0.048079, new_best=0.665231, reward=15.18
✓ [SUCCESS] Improvement! Δ=0.050081, new_best=0.715311, reward=6.35
---------------------------------
| rollout/           |          |
|    ep_len_mean     | 16       |
|    ep_rew_mean     | -48.2    |
| time/              |          |
|    episodes        | 348      |
|    fps             | 5        |
|    time_elapsed    | 974      |
|    total_timesteps | 5568     |
---------------------------------
✓ [SUCCESS] Improvement! Δ=0.086974, new_best=0.665231, reward=17.80
✓ [SUCCESS] Improvement! Δ=0.044232, new_best=0.709463, reward=16.11
✓ [SUCCESS] Improvement! Δ=0.084103, new_best=0.665231, reward=18.62
✓ [SUCCESS] Improvement! Δ=0.050081, new_best=0.715311, reward=6.35
✓ [SUCCESS] Improvement! Δ=0.073862, new_best=0.665231, reward=18.28
✓ [SUCCESS] Improvement! Δ=0.021049, new_best=0.610910, reward=5.17
✓ [SUCCESS] Improvement! Δ=0.046787, new_best=0.657698, reward=12.15
---------------------------------
| rollout/           |          |
|    ep_len_mean     | 16       |
|    ep_rew_mean     | -46.9    |
| time/              |          |
|    episodes        | 352      |
|    fps             | 5        |
|    time_elapsed    | 980      |
|    total_timesteps | 5632     |
---------------------------------
✓ [SUCCESS] Improvement! Δ=0.004226, new_best=0.658666, reward=3.89
✓ [SUCCESS] Improvement! Δ=0.015613, new_best=0.650240, reward=3.09
✓ [SUCCESS] Improvement! Δ=0.014990, new_best=0.665231, reward=3.27
✓ [SUCCESS] Improvement! Δ=0.060439, new_best=0.665231, reward=11.72
✓ [SUCCESS] Improvement! Δ=0.058974, new_best=0.665231, reward=12.43
✓ [SUCCESS] Improvement! Δ=0.048566, new_best=0.713796, reward=13.00
---------------------------------
| rollout/           |          |
|    ep_len_mean     | 16       |
|    ep_rew_mean     | -47.2    |
| time/              |          |
|    episodes        | 356      |
|    fps             | 5        |
|    time_elapsed    | 987      |
|    total_timesteps | 5696     |
---------------------------------
✓ [SUCCESS] Improvement! Δ=0.037529, new_best=0.610910, reward=11.48
✓ [SUCCESS] Improvement! Δ=0.030966, new_best=0.641877, reward=12.17
✓ [SUCCESS] Improvement! Δ=0.015821, new_best=0.657698, reward=3.98
✓ [SUCCESS] Improvement! Δ=0.014263, new_best=0.709463, reward=7.21
✓ [SUCCESS] Improvement! Δ=0.027866, new_best=0.601581, reward=7.67
---------------------------------
| rollout/           |          |
|    ep_len_mean     | 16       |
|    ep_rew_mean     | -47.2    |
| time/              |          |
|    episodes        | 360      |
|    fps             | 5        |
|    time_elapsed    | 994      |
|    total_timesteps | 5760     |
---------------------------------
✓ [SUCCESS] Improvement! Δ=0.034407, new_best=0.665231, reward=11.61
✓ [SUCCESS] Improvement! Δ=0.044648, new_best=0.715311, reward=11.17
✓ [SUCCESS] Improvement! Δ=0.131119, new_best=0.713796, reward=28.46
✓ [SUCCESS] Improvement! Δ=0.001515, new_best=0.715311, reward=1.22
✓ [SUCCESS] Improvement! Δ=0.027866, new_best=0.601581, reward=4.96
✓ [SUCCESS] Improvement! Δ=0.048454, new_best=0.650034, reward=6.18
---------------------------------
| rollout/           |          |
|    ep_len_mean     | 16       |
|    ep_rew_mean     | -46.9    |
| time/              |          |
|    episodes        | 364      |
|    fps             | 5        |
|    time_elapsed    | 1002     |
|    total_timesteps | 5824     |
---------------------------------
✓ [SUCCESS] Improvement! Δ=0.039777, new_best=0.665231, reward=13.59
✓ [SUCCESS] Improvement! Δ=0.072079, new_best=0.665231, reward=15.16
✓ [SUCCESS] Improvement! Δ=0.018629, new_best=0.683859, reward=6.76
✓ [SUCCESS] Improvement! Δ=0.046390, new_best=0.610910, reward=12.29
✓ [SUCCESS] Improvement! Δ=0.046787, new_best=0.657698, reward=6.00
---------------------------------
| rollout/           |          |
|    ep_len_mean     | 16       |
|    ep_rew_mean     | -47.1    |
| time/              |          |
|    episodes        | 368      |
|    fps             | 5        |
|    time_elapsed    | 1010     |
|    total_timesteps | 5888     |
---------------------------------
✓ [SUCCESS] Improvement! Δ=0.046589, new_best=0.628262, reward=11.63
✓ [SUCCESS] Improvement! Δ=0.066746, new_best=0.695008, reward=10.61
✓ [SUCCESS] Improvement! Δ=0.039941, new_best=0.713796, reward=14.83
✓ [SUCCESS] Improvement! Δ=0.034629, new_best=0.732303, reward=11.90
---------------------------------
| rollout/           |          |
|    ep_len_mean     | 16       |
|    ep_rew_mean     | -47.6    |
| time/              |          |
|    episodes        | 372      |
|    fps             | 5        |
|    time_elapsed    | 1019     |
|    total_timesteps | 5952     |
---------------------------------
✓ [SUCCESS] Improvement! Δ=0.046251, new_best=0.715311, reward=7.65
✓ [SUCCESS] Improvement! Δ=0.021528, new_best=0.716377, reward=6.35
✓ [SUCCESS] Improvement! Δ=0.004206, new_best=0.665231, reward=3.54
✓ [SUCCESS] Improvement! Δ=0.048278, new_best=0.713509, reward=12.45
---------------------------------
| rollout/           |          |
|    ep_len_mean     | 16       |
|    ep_rew_mean     | -47.4    |
| time/              |          |
|    episodes        | 376      |
|    fps             | 5        |
|    time_elapsed    | 1027     |
|    total_timesteps | 6016     |
---------------------------------
✓ [SUCCESS] Improvement! Δ=0.018501, new_best=0.713351, reward=4.73
✓ [SUCCESS] Improvement! Δ=0.001515, new_best=0.715311, reward=1.22
✓ [SUCCESS] Improvement! Δ=0.029889, new_best=0.650034, reward=4.22
---------------------------------
| rollout/           |          |
|    ep_len_mean     | 16       |
|    ep_rew_mean     | -47.3    |
| time/              |          |
|    episodes        | 380      |
|    fps             | 5        |
|    time_elapsed    | 1035     |
|    total_timesteps | 6080     |
---------------------------------
✓ [SUCCESS] Improvement! Δ=0.050447, new_best=0.724302, reward=12.22
✓ [SUCCESS] Improvement! Δ=0.036969, new_best=0.665231, reward=11.14
✓ [SUCCESS] Improvement! Δ=0.010570, new_best=0.675800, reward=4.86
✓ [SUCCESS] Improvement! Δ=0.049956, new_best=0.665231, reward=9.98
✓ [SUCCESS] Improvement! Δ=0.048566, new_best=0.713796, reward=13.00
---------------------------------
| rollout/           |          |
|    ep_len_mean     | 16       |
|    ep_rew_mean     | -47.9    |
| time/              |          |
|    episodes        | 384      |
|    fps             | 5        |
|    time_elapsed    | 1043     |
|    total_timesteps | 6144     |
---------------------------------
✓ [SUCCESS] Improvement! Δ=0.065534, new_best=0.665231, reward=12.57
✓ [SUCCESS] Improvement! Δ=0.048566, new_best=0.713796, reward=17.39
✓ [SUCCESS] Improvement! Δ=0.000312, new_best=0.629766, reward=1.63
✓ [SUCCESS] Improvement! Δ=0.027932, new_best=0.657698, reward=4.01
✓ [SUCCESS] Improvement! Δ=0.047755, new_best=0.658666, reward=17.15
---------------------------------
| rollout/           |          |
|    ep_len_mean     | 16       |
|    ep_rew_mean     | -47.4    |
| time/              |          |
|    episodes        | 388      |
|    fps             | 5        |
|    time_elapsed    | 1052     |
|    total_timesteps | 6208     |
---------------------------------
✓ [SUCCESS] Improvement! Δ=0.024246, new_best=0.592443, reward=4.49
✓ [SUCCESS] Improvement! Δ=0.072788, new_best=0.665231, reward=16.39
✓ [SUCCESS] Improvement! Δ=0.010570, new_best=0.675800, reward=4.86
✓ [SUCCESS] Improvement! Δ=0.039511, new_best=0.715311, reward=5.23
✓ [SUCCESS] Improvement! Δ=0.003750, new_best=0.601581, reward=2.90
✓ [SUCCESS] Improvement! Δ=0.051110, new_best=0.652690, reward=18.15
✓ [SUCCESS] Improvement! Δ=0.019417, new_best=0.650240, reward=4.46
✓ [SUCCESS] Improvement! Δ=0.014990, new_best=0.665231, reward=3.27
✓ [SUCCESS] Improvement! Δ=0.048566, new_best=0.713796, reward=17.39
✓ [SUCCESS] Improvement! Δ=0.013675, new_best=0.665231, reward=5.00
✓ [SUCCESS] Improvement! Δ=0.044232, new_best=0.709463, reward=11.00
---------------------------------
| rollout/           |          |
|    ep_len_mean     | 16       |
|    ep_rew_mean     | -47.3    |
| time/              |          |
|    episodes        | 392      |
|    fps             | 5        |
|    time_elapsed    | 1060     |
|    total_timesteps | 6272     |
---------------------------------
✓ [SUCCESS] Improvement! Δ=0.057570, new_best=0.665231, reward=8.46
✓ [SUCCESS] Improvement! Δ=0.051147, new_best=0.716377, reward=12.16
✓ [SUCCESS] Improvement! Δ=0.036211, new_best=0.657698, reward=4.88
✓ [SUCCESS] Improvement! Δ=0.038800, new_best=0.709463, reward=14.49
---------------------------------
| rollout/           |          |
|    ep_len_mean     | 16       |
|    ep_rew_mean     | -47.8    |
| time/              |          |
|    episodes        | 396      |
|    fps             | 5        |
|    time_elapsed    | 1068     |
|    total_timesteps | 6336     |
---------------------------------
✓ [SUCCESS] Improvement! Δ=0.015071, new_best=0.589862, reward=4.67
✓ [SUCCESS] Improvement! Δ=0.021049, new_best=0.610910, reward=6.29
✓ [SUCCESS] Improvement! Δ=0.022851, new_best=0.658666, reward=9.76
---------------------------------
| rollout/           |          |
|    ep_len_mean     | 16       |
|    ep_rew_mean     | -48.6    |
| time/              |          |
|    episodes        | 400      |
|    fps             | 5        |
|    time_elapsed    | 1077     |
|    total_timesteps | 6400     |
---------------------------------
✓ [SUCCESS] Improvement! Δ=0.022997, new_best=0.610910, reward=6.72
✓ [SUCCESS] Improvement! Δ=0.002757, new_best=0.613667, reward=3.03
✓ [SUCCESS] Improvement! Δ=0.015787, new_best=0.629454, reward=5.19
✓ [SUCCESS] Improvement! Δ=0.021676, new_best=0.601581, reward=6.69
✓ [SUCCESS] Improvement! Δ=0.048454, new_best=0.650034, reward=9.01
✓ [SUCCESS] Improvement! Δ=0.002656, new_best=0.652690, reward=2.55
✓ [SUCCESS] Improvement! Δ=0.001802, new_best=0.715311, reward=1.82
---------------------------------
| rollout/           |          |
|    ep_len_mean     | 16       |
|    ep_rew_mean     | -47.9    |
| time/              |          |
|    episodes        | 404      |
|    fps             | 5        |
|    time_elapsed    | 1085     |
|    total_timesteps | 6464     |
---------------------------------
✓ [SUCCESS] Improvement! Δ=0.036508, new_best=0.665231, reward=12.70
✓ [SUCCESS] Improvement! Δ=0.048566, new_best=0.713796, reward=17.39
✓ [SUCCESS] Improvement! Δ=0.117020, new_best=0.709463, reward=27.73
✓ [SUCCESS] Improvement! Δ=0.046251, new_best=0.715311, reward=5.94
---------------------------------
| rollout/           |          |
|    ep_len_mean     | 16       |
|    ep_rew_mean     | -49.2    |
| time/              |          |
|    episodes        | 408      |
|    fps             | 5        |
|    time_elapsed    | 1093     |
|    total_timesteps | 6528     |
---------------------------------
✓ [SUCCESS] Improvement! Δ=0.021423, new_best=0.632375, reward=6.83
✓ [SUCCESS] Improvement! Δ=0.032855, new_best=0.665231, reward=8.68
✓ [SUCCESS] Improvement! Δ=0.004206, new_best=0.665231, reward=1.84
✓ [SUCCESS] Improvement! Δ=0.050081, new_best=0.715311, reward=10.33
✓ [SUCCESS] Improvement! Δ=0.060704, new_best=0.665231, reward=14.31
✓ [SUCCESS] Improvement! Δ=0.048566, new_best=0.713796, reward=17.39
---------------------------------
| rollout/           |          |
|    ep_len_mean     | 16       |
|    ep_rew_mean     | -50.1    |
| time/              |          |
|    episodes        | 412      |
|    fps             | 5        |
|    time_elapsed    | 1101     |
|    total_timesteps | 6592     |
---------------------------------
✓ [SUCCESS] Improvement! Δ=0.100037, new_best=0.715311, reward=16.47
✓ [SUCCESS] Improvement! Δ=0.073177, new_best=0.709463, reward=21.42
✓ [SUCCESS] Improvement! Δ=0.014217, new_best=0.601581, reward=6.48
✓ [SUCCESS] Improvement! Δ=0.068155, new_best=0.665231, reward=13.87
---------------------------------
| rollout/           |          |
|    ep_len_mean     | 16       |
|    ep_rew_mean     | -50.2    |
| time/              |          |
|    episodes        | 416      |
|    fps             | 5        |
|    time_elapsed    | 1110     |
|    total_timesteps | 6656     |
---------------------------------
✓ [SUCCESS] Improvement! Δ=0.012326, new_best=0.715311, reward=2.36
✓ [SUCCESS] Improvement! Δ=0.046787, new_best=0.657698, reward=6.00
✓ [SUCCESS] Improvement! Δ=0.000968, new_best=0.658666, reward=2.35
---------------------------------
| rollout/           |          |
|    ep_len_mean     | 16       |
|    ep_rew_mean     | -50.7    |
| time/              |          |
|    episodes        | 420      |
|    fps             | 6        |
|    time_elapsed    | 1118     |
|    total_timesteps | 6720     |
---------------------------------
✓ [SUCCESS] Improvement! Δ=0.031452, new_best=0.715311, reward=4.38
✓ [SUCCESS] Improvement! Δ=0.036120, new_best=0.610910, reward=5.78
✓ [SUCCESS] Improvement! Δ=0.043529, new_best=0.654440, reward=15.90
✓ [SUCCESS] Improvement! Δ=0.044314, new_best=0.645894, reward=16.13
---------------------------------
| rollout/           |          |
|    ep_len_mean     | 16       |
|    ep_rew_mean     | -50.8    |
| time/              |          |
|    episodes        | 424      |
|    fps             | 6        |
|    time_elapsed    | 1124     |
|    total_timesteps | 6784     |
---------------------------------
✓ [SUCCESS] Improvement! Δ=0.048374, new_best=0.665231, reward=8.46
✓ [SUCCESS] Improvement! Δ=0.050081, new_best=0.715311, reward=6.35
✓ [SUCCESS] Improvement! Δ=0.037228, new_best=0.713796, reward=14.03
✓ [SUCCESS] Improvement! Δ=0.077965, new_best=0.665231, reward=16.22
✓ [SUCCESS] Improvement! Δ=0.050081, new_best=0.715311, reward=6.35
✓ [SUCCESS] Improvement! Δ=0.000088, new_best=0.665231, reward=2.28
---------------------------------
| rollout/           |          |
|    ep_len_mean     | 16       |
|    ep_rew_mean     | -51      |
| time/              |          |
|    episodes        | 428      |
|    fps             | 6        |
|    time_elapsed    | 1130     |
|    total_timesteps | 6848     |
---------------------------------
✓ [SUCCESS] Improvement! Δ=0.048079, new_best=0.665231, reward=10.71
✓ [SUCCESS] Improvement! Δ=0.010570, new_best=0.675800, reward=4.14
✓ [SUCCESS] Improvement! Δ=0.031860, new_best=0.658666, reward=12.43
✓ [SUCCESS] Improvement! Δ=0.127168, new_best=0.715311, reward=22.57
✓ [SUCCESS] Improvement! Δ=0.034407, new_best=0.665231, reward=7.19
---------------------------------
| rollout/           |          |
|    ep_len_mean     | 16       |
|    ep_rew_mean     | -50.4    |
| time/              |          |
|    episodes        | 432      |
|    fps             | 6        |
|    time_elapsed    | 1137     |
|    total_timesteps | 6912     |
---------------------------------
✓ [SUCCESS] Improvement! Δ=0.008425, new_best=0.665231, reward=3.14
✓ [SUCCESS] Improvement! Δ=0.013675, new_best=0.665231, reward=3.94
✓ [SUCCESS] Improvement! Δ=0.050081, new_best=0.715311, reward=6.35
✓ [SUCCESS] Improvement! Δ=0.072262, new_best=0.665231, reward=13.69
---------------------------------
| rollout/           |          |
|    ep_len_mean     | 16       |
|    ep_rew_mean     | -50.1    |
| time/              |          |
|    episodes        | 436      |
|    fps             | 6        |
|    time_elapsed    | 1143     |
|    total_timesteps | 6976     |
---------------------------------
✓ [SUCCESS] Improvement! Δ=0.005904, new_best=0.616856, reward=3.20
✓ [SUCCESS] Improvement! Δ=0.015519, new_best=0.632375, reward=6.57
✓ [SUCCESS] Improvement! Δ=0.013182, new_best=0.617151, reward=4.27
✓ [SUCCESS] Improvement! Δ=0.022081, new_best=0.639232, reward=5.99
✓ [SUCCESS] Improvement! Δ=0.025998, new_best=0.665231, reward=7.93
✓ [SUCCESS] Improvement! Δ=0.050081, new_best=0.715311, reward=6.35
✓ [SUCCESS] Improvement! Δ=0.046411, new_best=0.632375, reward=11.45
✓ [SUCCESS] Improvement! Δ=0.082936, new_best=0.715311, reward=12.56
✓ [SUCCESS] Improvement! Δ=0.036508, new_best=0.665231, reward=12.70
✓ [SUCCESS] Improvement! Δ=0.048566, new_best=0.713796, reward=17.39
---------------------------------
| rollout/           |          |
|    ep_len_mean     | 16       |
|    ep_rew_mean     | -49.4    |
| time/              |          |
|    episodes        | 440      |
|    fps             | 6        |
|    time_elapsed    | 1150     |
|    total_timesteps | 7040     |
---------------------------------
✓ [SUCCESS] Improvement! Δ=0.132634, new_best=0.715311, reward=28.87
✓ [SUCCESS] Improvement! Δ=0.030163, new_best=0.604527, reward=6.14
✓ [SUCCESS] Improvement! Δ=0.060704, new_best=0.665231, reward=14.73
✓ [SUCCESS] Improvement! Δ=0.010570, new_best=0.675800, reward=4.75
---------------------------------
| rollout/           |          |
|    ep_len_mean     | 16       |
|    ep_rew_mean     | -50.1    |
| time/              |          |
|    episodes        | 444      |
|    fps             | 6        |
|    time_elapsed    | 1157     |
|    total_timesteps | 7104     |
---------------------------------
✓ [SUCCESS] Improvement! Δ=0.042999, new_best=0.709463, reward=13.95
✓ [SUCCESS] Improvement! Δ=0.019189, new_best=0.665231, reward=4.86
✓ [SUCCESS] Improvement! Δ=0.041456, new_best=0.715311, reward=10.38
✓ [SUCCESS] Improvement! Δ=0.013500, new_best=0.665231, reward=6.14
✓ [SUCCESS] Improvement! Δ=0.050081, new_best=0.715311, reward=10.52
---------------------------------
| rollout/           |          |
|    ep_len_mean     | 16       |
|    ep_rew_mean     | -49.5    |
| time/              |          |
|    episodes        | 448      |
|    fps             | 6        |
|    time_elapsed    | 1163     |
|    total_timesteps | 7168     |
---------------------------------
✓ [SUCCESS] Improvement! Δ=0.047373, new_best=0.665231, reward=8.29
✓ [SUCCESS] Improvement! Δ=0.065573, new_best=0.713796, reward=19.74
✓ [SUCCESS] Improvement! Δ=0.001515, new_best=0.715311, reward=1.88
✓ [SUCCESS] Improvement! Δ=0.014990, new_best=0.665231, reward=3.27
✓ [SUCCESS] Improvement! Δ=0.050081, new_best=0.715311, reward=6.35
---------------------------------
| rollout/           |          |
|    ep_len_mean     | 16       |
|    ep_rew_mean     | -50.9    |
| time/              |          |
|    episodes        | 452      |
|    fps             | 6        |
|    time_elapsed    | 1170     |
|    total_timesteps | 7232     |
---------------------------------
✓ [SUCCESS] Improvement! Δ=0.061973, new_best=0.665231, reward=14.57
✓ [SUCCESS] Improvement! Δ=0.048566, new_best=0.713796, reward=17.39
✓ [SUCCESS] Improvement! Δ=0.011008, new_best=0.650240, reward=3.30
✓ [SUCCESS] Improvement! Δ=0.014990, new_best=0.665231, reward=5.61
✓ [SUCCESS] Improvement! Δ=0.048566, new_best=0.713796, reward=17.39
---------------------------------
| rollout/           |          |
|    ep_len_mean     | 16       |
|    ep_rew_mean     | -51.1    |
| time/              |          |
|    episodes        | 456      |
|    fps             | 6        |
|    time_elapsed    | 1178     |
|    total_timesteps | 7296     |
---------------------------------
✓ [SUCCESS] Improvement! Δ=0.062550, new_best=0.715311, reward=14.28
✓ [SUCCESS] Improvement! Δ=0.032601, new_best=0.715311, reward=4.50
✓ [SUCCESS] Improvement! Δ=0.036211, new_best=0.657698, reward=7.65
---------------------------------
| rollout/           |          |
|    ep_len_mean     | 16       |
|    ep_rew_mean     | -51.7    |
| time/              |          |
|    episodes        | 460      |
|    fps             | 6        |
|    time_elapsed    | 1186     |
|    total_timesteps | 7360     |
---------------------------------
✓ [SUCCESS] Improvement! Δ=0.024988, new_best=0.610953, reward=3.70
✓ [SUCCESS] Improvement! Δ=0.054278, new_best=0.665231, reward=10.70
✓ [SUCCESS] Improvement! Δ=0.026381, new_best=0.665231, reward=7.68
✓ [SUCCESS] Improvement! Δ=0.050081, new_best=0.715311, reward=6.35
✓ [SUCCESS] Improvement! Δ=0.032284, new_best=0.665231, reward=4.54
---------------------------------
| rollout/           |          |
|    ep_len_mean     | 16       |
|    ep_rew_mean     | -51.7    |
| time/              |          |
|    episodes        | 464      |
|    fps             | 6        |
|    time_elapsed    | 1194     |
|    total_timesteps | 7424     |
---------------------------------
✓ [SUCCESS] Improvement! Δ=0.007832, new_best=0.665231, reward=2.67
✓ [SUCCESS] Improvement! Δ=0.050081, new_best=0.715311, reward=8.17
✓ [SUCCESS] Improvement! Δ=0.048937, new_best=0.657698, reward=9.76
✓ [SUCCESS] Improvement! Δ=0.000968, new_best=0.658666, reward=3.26
✓ [SUCCESS] Improvement! Δ=0.014217, new_best=0.601581, reward=4.90
✓ [SUCCESS] Improvement! Δ=0.044314, new_best=0.645894, reward=10.82
✓ [SUCCESS] Improvement! Δ=0.001961, new_best=0.715311, reward=1.42
---------------------------------
| rollout/           |          |
|    ep_len_mean     | 16       |
|    ep_rew_mean     | -51.4    |
| time/              |          |
|    episodes        | 468      |
|    fps             | 6        |
|    time_elapsed    | 1203     |
|    total_timesteps | 7488     |
---------------------------------
✓ [SUCCESS] Improvement! Δ=0.039777, new_best=0.665231, reward=13.59
✓ [SUCCESS] Improvement! Δ=0.004206, new_best=0.665231, reward=2.61
✓ [SUCCESS] Improvement! Δ=0.040772, new_best=0.654440, reward=8.45
---------------------------------
| rollout/           |          |
|    ep_len_mean     | 16       |
|    ep_rew_mean     | -51.4    |
| time/              |          |
|    episodes        | 472      |
|    fps             | 6        |
|    time_elapsed    | 1211     |
|    total_timesteps | 7552     |
---------------------------------
✓ [SUCCESS] Improvement! Δ=0.039511, new_best=0.715311, reward=5.23
✓ [SUCCESS] Improvement! Δ=0.036969, new_best=0.665231, reward=7.82
✓ [SUCCESS] Improvement! Δ=0.050081, new_best=0.715311, reward=6.35
✓ [SUCCESS] Improvement! Δ=0.012563, new_best=0.654440, reward=6.04
✓ [SUCCESS] Improvement! Δ=0.004226, new_best=0.658666, reward=4.22
---------------------------------
| rollout/           |          |
|    ep_len_mean     | 16       |
|    ep_rew_mean     | -51      |
| time/              |          |
|    episodes        | 476      |
|    fps             | 6        |
|    time_elapsed    | 1219     |
|    total_timesteps | 7616     |
---------------------------------
✓ [SUCCESS] Improvement! Δ=0.047000, new_best=0.665231, reward=12.86
✓ [SUCCESS] Improvement! Δ=0.050081, new_best=0.715311, reward=8.17
✓ [SUCCESS] Improvement! Δ=0.057570, new_best=0.665231, reward=8.46
✓ [SUCCESS] Improvement! Δ=0.060704, new_best=0.665231, reward=16.23
✓ [SUCCESS] Improvement! Δ=0.044232, new_best=0.709463, reward=16.11
---------------------------------
| rollout/           |          |
|    ep_len_mean     | 16       |
|    ep_rew_mean     | -49.7    |
| time/              |          |
|    episodes        | 480      |
|    fps             | 6        |
|    time_elapsed    | 1227     |
|    total_timesteps | 7680     |
---------------------------------
✓ [SUCCESS] Improvement! Δ=0.019189, new_best=0.665231, reward=7.52
✓ [SUCCESS] Improvement! Δ=0.050081, new_best=0.715311, reward=8.17
✓ [SUCCESS] Improvement! Δ=0.072262, new_best=0.665231, reward=8.95
✓ [SUCCESS] Improvement! Δ=0.050081, new_best=0.715311, reward=10.02
✓ [SUCCESS] Improvement! Δ=0.076535, new_best=0.665231, reward=9.28
✓ [SUCCESS] Improvement! Δ=0.044232, new_best=0.709463, reward=11.71
---------------------------------
| rollout/           |          |
|    ep_len_mean     | 16       |
|    ep_rew_mean     | -50.2    |
| time/              |          |
|    episodes        | 484      |
|    fps             | 6        |
|    time_elapsed    | 1236     |
|    total_timesteps | 7744     |
---------------------------------
✓ [SUCCESS] Improvement! Δ=0.026461, new_best=0.683859, reward=6.24
✓ [SUCCESS] Improvement! Δ=0.071099, new_best=0.665231, reward=13.50
✓ [SUCCESS] Improvement! Δ=0.044232, new_best=0.709463, reward=12.04
✓ [SUCCESS] Improvement! Δ=0.000362, new_best=0.665231, reward=2.77
---------------------------------
| rollout/           |          |
|    ep_len_mean     | 16       |
|    ep_rew_mean     | -50.3    |
| time/              |          |
|    episodes        | 488      |
|    fps             | 6        |
|    time_elapsed    | 1244     |
|    total_timesteps | 7808     |
---------------------------------
✓ [SUCCESS] Improvement! Δ=0.072827, new_best=0.665231, reward=21.79
✓ [SUCCESS] Improvement! Δ=0.044232, new_best=0.709463, reward=16.11
✓ [SUCCESS] Improvement! Δ=0.086098, new_best=0.665231, reward=15.10
✓ [SUCCESS] Improvement! Δ=0.048566, new_best=0.713796, reward=13.00
✓ [SUCCESS] Improvement! Δ=0.001515, new_best=0.715311, reward=2.43
✓ [SUCCESS] Improvement! Δ=0.080341, new_best=0.665231, reward=22.18
---------------------------------
| rollout/           |          |
|    ep_len_mean     | 16       |
|    ep_rew_mean     | -50.7    |
| time/              |          |
|    episodes        | 492      |
|    fps             | 6        |
|    time_elapsed    | 1252     |
|    total_timesteps | 7872     |
---------------------------------
✓ [SUCCESS] Improvement! Δ=0.072262, new_best=0.665231, reward=8.95
✓ [SUCCESS] Improvement! Δ=0.048566, new_best=0.713796, reward=17.39
✓ [SUCCESS] Improvement! Δ=0.072827, new_best=0.665231, reward=9.02
✓ [SUCCESS] Improvement! Δ=0.000637, new_best=0.713987, reward=1.89
✓ [SUCCESS] Improvement! Δ=0.051998, new_best=0.665231, reward=12.55
✓ [SUCCESS] Improvement! Δ=0.044232, new_best=0.709463, reward=16.11
✓ [SUCCESS] Improvement! Δ=0.005849, new_best=0.715311, reward=3.19
---------------------------------
| rollout/           |          |
|    ep_len_mean     | 16       |
|    ep_rew_mean     | -50.2    |
| time/              |          |
|    episodes        | 496      |
|    fps             | 6        |
|    time_elapsed    | 1260     |
|    total_timesteps | 7936     |
---------------------------------
✓ [SUCCESS] Improvement! Δ=0.027429, new_best=0.665231, reward=7.60
✓ [SUCCESS] Improvement! Δ=0.044232, new_best=0.709463, reward=16.11
✓ [SUCCESS] Improvement! Δ=0.017007, new_best=0.665231, reward=6.09
✓ [SUCCESS] Improvement! Δ=0.050081, new_best=0.715311, reward=6.35
✓ [SUCCESS] Improvement! Δ=0.003156, new_best=0.591368, reward=2.21
✓ [SUCCESS] Improvement! Δ=0.073862, new_best=0.665231, reward=10.89
✓ [SUCCESS] Improvement! Δ=0.034407, new_best=0.665231, reward=7.07
---------------------------------
| rollout/           |          |
|    ep_len_mean     | 16       |
|    ep_rew_mean     | -49.7    |
| time/              |          |
|    episodes        | 500      |
|    fps             | 6        |
|    time_elapsed    | 1269     |
|    total_timesteps | 8000     |
---------------------------------
✓ [SUCCESS] Improvement! Δ=0.036969, new_best=0.665231, reward=11.14
✓ [SUCCESS] Improvement! Δ=0.050081, new_best=0.715311, reward=10.22
✓ [SUCCESS] Improvement! Δ=0.073557, new_best=0.665231, reward=10.85
✓ [SUCCESS] Improvement! Δ=0.050081, new_best=0.715311, reward=6.35
✓ [SUCCESS] Improvement! Δ=0.006477, new_best=0.709463, reward=4.89
✓ [SUCCESS] Improvement! Δ=0.005849, new_best=0.715311, reward=1.67
---------------------------------
| rollout/           |          |
|    ep_len_mean     | 16       |
|    ep_rew_mean     | -48.7    |
| time/              |          |
|    episodes        | 504      |
|    fps             | 6        |
|    time_elapsed    | 1277     |
|    total_timesteps | 8064     |
---------------------------------
✓ [SUCCESS] Improvement! Δ=0.015024, new_best=0.665231, reward=5.91
✓ [SUCCESS] Improvement! Δ=0.061262, new_best=0.665231, reward=9.25
✓ [SUCCESS] Improvement! Δ=0.050081, new_best=0.715311, reward=6.35
✓ [SUCCESS] Improvement! Δ=0.047792, new_best=0.763103, reward=9.60
✓ [SUCCESS] Improvement! Δ=0.080341, new_best=0.665231, reward=13.92
✓ [SUCCESS] Improvement! Δ=0.048566, new_best=0.713796, reward=17.39
✓ [SUCCESS] Improvement! Δ=0.021942, new_best=0.715311, reward=4.92
---------------------------------
| rollout/           |          |
|    ep_len_mean     | 16       |
|    ep_rew_mean     | -47.6    |
| time/              |          |
|    episodes        | 508      |
|    fps             | 6        |
|    time_elapsed    | 1285     |
|    total_timesteps | 8128     |
---------------------------------
✓ [SUCCESS] Improvement! Δ=0.022851, new_best=0.658666, reward=7.03
✓ [SUCCESS] Improvement! Δ=0.078688, new_best=0.715311, reward=18.35
✓ [SUCCESS] Improvement! Δ=0.077965, new_best=0.665231, reward=17.81
---------------------------------
| rollout/           |          |
|    ep_len_mean     | 16       |
|    ep_rew_mean     | -47.3    |
| time/              |          |
|    episodes        | 512      |
|    fps             | 6        |
|    time_elapsed    | 1293     |
|    total_timesteps | 8192     |
---------------------------------

================================================================================
EVALUATION METRICS - Round 2
================================================================================
Current Round Statistics:
  Average Fitness (top-128): -4.354434
  Diversity: 3.000000
  Novelty: 1.000000
  Highest in batch: 3.000000

Global Statistics:
  Global Maximum Fitness (normalized): 0.809917
  Initial Maximum Fitness: 0.311339
  Absolute Improvement: 0.498578
  Percentage Improvement: 160.14%
  Total Unique Sequences Discovered: 168
  Total Oracle Calls: 7680

  Buffer Status:
    Best in current pool: 0.809917
    Global best (tracked): 0.809917

Top 10 Discovered Sequences:
  1. Fitness: 0.809917 | Seq: DIYAICACCKVESKNEGKKNEVFNNYTFRGLGNKGVLPWKCNSLDMKYFCAVTTYVNESKYEKLKYKRCKYLNKETVDNVNDMPNSKKLQNVVVMGRTSWESIPKNFKPLSNRINIILSRTLKKEDFDEDVYIINKVEDLIVLLGKLNYYKCFIIGGSVVYQEFLEKKLIKKIYFTRINSTYECDVFFPEINENEFQIISVSDVYTSNNTTLDFIIYKK
  2. Fitness: 0.763103 | Seq: DIYAICACCKVESKNEGKKNEVFNNYTFRGLGNKGVLPWKCNSLDMKYFCAVTTYVNESKYEKLKYKRCKYLNKETVDNVNDMPNSKKLQNVVVMGRTSWESIPKKFKPLSNRINIILSRTLKKEDFDEDVYIINKVEDLIVLLGKLNYYKCFIIGGSVVYQEFLEKKLIKKIYFTRINSTYECDVFFPEINENEWQIISVSDVYTSNNTTLDFIIYKK
  3. Fitness: 0.758871 | Seq: DIYAICACCKVESKNEGKKNEVFNNYTFRGLGNKGVLPWKCNSLDMKYFCAVTTYVNESKYEKLKYKRCKYLNKETVDNVNDMPNSKKLQNVVVMGRTSWESIPKKFKPLSNRINIILSRTLKKEDFDEDVYIINKVEDLIVLLGKLNYYKCFIIGGSVVYQEFLEKKLIKKIYFTRINSTYECDVFFPEINENEFQIISVSDVYTSNNTTLDFIIYKK
  4. Fitness: 0.732303 | Seq: DIYAICACCKVESKNEGKKNEVFNNYTFRGLGNKGVLPWKCNSLDMKYFCAVTTYVNESKYEKLKYKRCKYLNKETVDNVNDMPNSKKLQNVVVMGRTSWESIPKQFKPLSNRINVILSRTLKKEDFDEDVYIINKVEDLIVLLGKLNYYKCFIIGGSVVYQEFLEKKLIKKIYFTRINSTYECDVFFPEINENEWQIISVSDVYTSNNTTLDFIIYKK
  5. Fitness: 0.724302 | Seq: DIYAICACCKVESKNEGKKNEVFNNYTFRGLGNKGVLPWKCNSLDMKYFCAVTTYVNESKYEKLKYKRCKYLNKETVDNVNDMPNSKKLQNVVVMGRTSWESIPKDFKPLSNRINVILSRTLKKEDFDEDVYIINKVEDLIVLLGKLNYYKCFIIGGSVVYQEFLEKKLIKKIYFTRINSTYECDVFFPEINENEYQIISVSDVYTSNNTTLDFIIYKK
  6. Fitness: 0.716377 | Seq: DIYAICACCKVESKNEGKKNEVFNNYTFRGLGNKGVLPWKCNSLDMKYFCAVTTYVNESKYEKLKYKRCKYLNKETVDNVNDMPNSKKLQNVVVMGRTSWESIPKNFKPLSNRINVILSRTLKKEDFDEDVYIINKVEDLIVLLGKLNYYKCFIIGGSVVYQEFLEKKLIKKIYFTRINSTYECDVFFPEINENEYQIISVSDVYTSNNTTLDFIIYKK
  7. Fitness: 0.715311 | Seq: DIYAICACCKVESKNEGKKNEVFNNYTFRGLGNKGVLPWKCNSLDMKYFCAVTTYVNESKYEKLKYKRCKYLNKETVDNVNDMPNSKKLQNVVVMGRTSWESIPKKFKPLSNRINIILSRTLKKEDFDEDVYIINKVEDLIVLLGKLNYYKCFIIGGSVVYQEFLEKKLIKKIYFTRINSTYECDVFFPEINENEYQIISVSDVYTSNNTTLDFIIYKK
  8. Fitness: 0.713987 | Seq: DIYAICACCKVESKNEGKKNEVFNNYTFRGLGNKGVLPWKCNSLDMKYFCAVTTYVNESKYEKLKYKRCKYLNKETVDNVNDMPNSKKLQNVVVMGRTSWESIPKEFKPLSNRINVILSRTLKKEDFDEDVYIINKVEDLIVLLGKLNYYKCFIIGGSVVYQEFLEKKLIKKIYFTRINSTYECDVFFPEINENEYQIISVSDVYTSNNTTLDFIIYKK
  9. Fitness: 0.713796 | Seq: DIYAICACCKVESKNEGKKNEVFNNYTFRGLGNKGVLPWKCNSLDMKYFCAVTTYVNESKYEKLKYKRCKYLNKETVDNVNDMPNSKKLQNVVVMGRTSWESIPKKFKPLSNRINVILSRTLKKEDFDEDVYIINKVEDLIVLLGKLNYYKCFIIGGSVVYQEFLEKKLIKKIYFTRINSTYECDVFFPEINENEWQIISVSDVYTSNNTTLDFIIYKK
  10. Fitness: 0.713509 | Seq: DIYAICACCKVESKNEGKKNEVFNNYTFRGLGNKGVLPWKCNSLDMKYFCAVTTYVNESKYEKLKYKRCKYLNKETVDNVNDMPNSKKLQNVVVMGRTSWESIPKKFKPLSNRINIILSRTLKKEDFDEDVYIINKVEELIVLLGKLNYYKCFIIGGSVVYQEFLEKKLIKKIYFTRINSTYECDVFFPEINENEWQIISVSDVYTSNNTTLDFIIYKK
================================================================================

✓ [SUCCESS] Improvement! Δ=0.000088, new_best=0.665231, reward=1.10
✓ [SUCCESS] Improvement! Δ=0.050081, new_best=0.715311, reward=9.72
✓ [SUCCESS] Improvement! Δ=0.020427, new_best=0.713796, reward=6.39
✓ [SUCCESS] Improvement! Δ=0.011789, new_best=0.709463, reward=4.92
✓ [SUCCESS] Improvement! Δ=0.027429, new_best=0.665231, reward=7.60
✓ [SUCCESS] Improvement! Δ=0.050081, new_best=0.715311, reward=6.35
----------------------------------
| rollout/           |           |
|    ep_len_mean     | 16        |
|    ep_rew_mean     | -47.2     |
| time/              |           |
|    episodes        | 516       |
|    fps             | 5         |
|    time_elapsed    | 1599      |
|    total_timesteps | 8256      |
| train/             |           |
|    actor_loss      | -1.27e+04 |
|    critic_loss     | 6.31e+06  |
|    ent_coef        | 2.67      |
|    ent_coef_loss   | -50       |
|    learning_rate   | 0.0003    |
|    n_updates       | 8192      |
----------------------------------
✓ [SUCCESS] Improvement! Δ=0.016435, new_best=0.665231, reward=6.60
✓ [SUCCESS] Improvement! Δ=0.050081, new_best=0.715311, reward=6.35
✓ [SUCCESS] Improvement! Δ=0.004473, new_best=0.665231, reward=2.49
✓ [SUCCESS] Improvement! Δ=0.048566, new_best=0.713796, reward=13.57
---------------------------------
| rollout/           |          |
|    ep_len_mean     | 16       |
|    ep_rew_mean     | -47.5    |
| time/              |          |
|    episodes        | 520      |
|    fps             | 5        |
|    time_elapsed    | 1608     |
|    total_timesteps | 8320     |
---------------------------------
✓ [SUCCESS] Improvement! Δ=0.016122, new_best=0.713796, reward=6.25
✓ [SUCCESS] Improvement! Δ=0.012469, new_best=0.665231, reward=4.85
✓ [SUCCESS] Improvement! Δ=0.048388, new_best=0.640831, reward=17.34
---------------------------------
| rollout/           |          |
|    ep_len_mean     | 16       |
|    ep_rew_mean     | -48.8    |
| time/              |          |
|    episodes        | 524      |
|    fps             | 5        |
|    time_elapsed    | 1616     |
|    total_timesteps | 8384     |
---------------------------------
✓ [SUCCESS] Improvement! Δ=0.006423, new_best=0.665231, reward=2.23
✓ [SUCCESS] Improvement! Δ=0.073557, new_best=0.665231, reward=10.85
✓ [SUCCESS] Improvement! Δ=0.050081, new_best=0.715311, reward=9.26
✓ [SUCCESS] Improvement! Δ=0.025998, new_best=0.665231, reward=9.41
✓ [SUCCESS] Improvement! Δ=0.019336, new_best=0.665231, reward=8.17
✓ [SUCCESS] Improvement! Δ=0.048566, new_best=0.713796, reward=15.67
---------------------------------
| rollout/           |          |
|    ep_len_mean     | 16       |
|    ep_rew_mean     | -49.2    |
| time/              |          |
|    episodes        | 528      |
|    fps             | 5        |
|    time_elapsed    | 1624     |
|    total_timesteps | 8448     |
---------------------------------
✓ [SUCCESS] Improvement! Δ=0.014217, new_best=0.601581, reward=6.48
✓ [SUCCESS] Improvement! Δ=0.063650, new_best=0.665231, reward=20.52
✓ [SUCCESS] Improvement! Δ=0.019189, new_best=0.665231, reward=7.52
✓ [SUCCESS] Improvement! Δ=0.050081, new_best=0.715311, reward=6.35
✓ [SUCCESS] Improvement! Δ=0.061973, new_best=0.665231, reward=19.66
✓ [SUCCESS] Improvement! Δ=0.002150, new_best=0.610910, reward=2.79
---------------------------------
| rollout/           |          |
|    ep_len_mean     | 16       |
|    ep_rew_mean     | -48.6    |
| time/              |          |
|    episodes        | 532      |
|    fps             | 5        |
|    time_elapsed    | 1632     |
|    total_timesteps | 8512     |
---------------------------------
✓ [SUCCESS] Improvement! Δ=0.039777, new_best=0.665231, reward=8.28
✓ [SUCCESS] Improvement! Δ=0.048566, new_best=0.713796, reward=17.39
✓ [SUCCESS] Improvement! Δ=0.027005, new_best=0.675800, reward=8.40
✓ [SUCCESS] Improvement! Δ=0.033662, new_best=0.709463, reward=12.97
✓ [SUCCESS] Improvement! Δ=0.048766, new_best=0.665231, reward=11.92
✓ [SUCCESS] Improvement! Δ=0.076535, new_best=0.665231, reward=19.87
✓ [SUCCESS] Improvement! Δ=0.048566, new_best=0.713796, reward=11.17
---------------------------------
| rollout/           |          |
|    ep_len_mean     | 16       |
|    ep_rew_mean     | -47.7    |
| time/              |          |
|    episodes        | 536      |
|    fps             | 5        |
|    time_elapsed    | 1640     |
|    total_timesteps | 8576     |
---------------------------------
✓ [SUCCESS] Improvement! Δ=0.099509, new_best=0.713796, reward=27.70
✓ [SUCCESS] Improvement! Δ=0.049307, new_best=0.763103, reward=11.94
✓ [SUCCESS] Improvement! Δ=0.028243, new_best=0.657698, reward=6.54
✓ [SUCCESS] Improvement! Δ=0.034193, new_best=0.715311, reward=6.01
---------------------------------
| rollout/           |          |
|    ep_len_mean     | 16       |
|    ep_rew_mean     | -49      |
| time/              |          |
|    episodes        | 540      |
|    fps             | 5        |
|    time_elapsed    | 1649     |
|    total_timesteps | 8640     |
---------------------------------
✓ [SUCCESS] Improvement! Δ=0.012540, new_best=0.665231, reward=6.28
✓ [SUCCESS] Improvement! Δ=0.048566, new_best=0.713796, reward=17.39
✓ [SUCCESS] Improvement! Δ=0.076079, new_best=0.715311, reward=13.62
✓ [SUCCESS] Improvement! Δ=0.015024, new_best=0.665231, reward=5.96
---------------------------------
| rollout/           |          |
|    ep_len_mean     | 16       |
|    ep_rew_mean     | -49.4    |
| time/              |          |
|    episodes        | 544      |
|    fps             | 5        |
|    time_elapsed    | 1657     |
|    total_timesteps | 8704     |
---------------------------------
✓ [SUCCESS] Improvement! Δ=0.047373, new_best=0.665231, reward=9.55
✓ [SUCCESS] Improvement! Δ=0.048566, new_best=0.713796, reward=12.40
✓ [SUCCESS] Improvement! Δ=0.020111, new_best=0.715311, reward=3.18
✓ [SUCCESS] Improvement! Δ=0.061545, new_best=0.650240, reward=8.24
✓ [SUCCESS] Improvement! Δ=0.014990, new_best=0.665231, reward=3.72
✓ [SUCCESS] Improvement! Δ=0.050081, new_best=0.715311, reward=8.93
---------------------------------
| rollout/           |          |
|    ep_len_mean     | 16       |
|    ep_rew_mean     | -49.4    |
| time/              |          |
|    episodes        | 548      |
|    fps             | 5        |
|    time_elapsed    | 1664     |
|    total_timesteps | 8768     |
---------------------------------
✓ [SUCCESS] Improvement! Δ=0.012469, new_best=0.665231, reward=3.72
✓ [SUCCESS] Improvement! Δ=0.050943, new_best=0.665231, reward=11.82
---------------------------------
| rollout/           |          |
|    ep_len_mean     | 16       |
|    ep_rew_mean     | -49.1    |
| time/              |          |
|    episodes        | 552      |
|    fps             | 5        |
|    time_elapsed    | 1670     |
|    total_timesteps | 8832     |
---------------------------------
✓ [SUCCESS] Improvement! Δ=0.024787, new_best=0.650240, reward=7.85
✓ [SUCCESS] Improvement! Δ=0.059222, new_best=0.709463, reward=14.81
✓ [SUCCESS] Improvement! Δ=0.019189, new_best=0.665231, reward=7.52
✓ [SUCCESS] Improvement! Δ=0.009846, new_best=0.592443, reward=5.31
---------------------------------
| rollout/           |          |
|    ep_len_mean     | 16       |
|    ep_rew_mean     | -48.6    |
| time/              |          |
|    episodes        | 556      |
|    fps             | 5        |
|    time_elapsed    | 1676     |
|    total_timesteps | 8896     |
---------------------------------
✓ [SUCCESS] Improvement! Δ=0.009417, new_best=0.665231, reward=4.10
✓ [SUCCESS] Improvement! Δ=0.044232, new_best=0.709463, reward=11.00
✓ [SUCCESS] Improvement! Δ=0.056772, new_best=0.709463, reward=19.22
✓ [SUCCESS] Improvement! Δ=0.002150, new_best=0.610910, reward=2.74
✓ [SUCCESS] Improvement! Δ=0.047755, new_best=0.658666, reward=17.15
✓ [SUCCESS] Improvement! Δ=0.028900, new_best=0.658666, reward=7.87
---------------------------------
| rollout/           |          |
|    ep_len_mean     | 16       |
|    ep_rew_mean     | -48.4    |
| time/              |          |
|    episodes        | 560      |
|    fps             | 5        |
|    time_elapsed    | 1683     |
|    total_timesteps | 8960     |
---------------------------------
✓ [SUCCESS] Improvement! Δ=0.071099, new_best=0.665231, reward=16.22
✓ [SUCCESS] Improvement! Δ=0.048566, new_best=0.713796, reward=9.75
✓ [SUCCESS] Improvement! Δ=0.077087, new_best=0.665231, reward=15.18
✓ [SUCCESS] Improvement! Δ=0.030892, new_best=0.657698, reward=6.30
---------------------------------
| rollout/           |          |
|    ep_len_mean     | 16       |
|    ep_rew_mean     | -49.6    |
| time/              |          |
|    episodes        | 564      |
|    fps             | 5        |
|    time_elapsed    | 1689     |
|    total_timesteps | 9024     |
---------------------------------
✓ [SUCCESS] Improvement! Δ=0.014217, new_best=0.601581, reward=6.48
✓ [SUCCESS] Improvement! Δ=0.063650, new_best=0.665231, reward=20.52
✓ [SUCCESS] Improvement! Δ=0.050081, new_best=0.715311, reward=6.35
✓ [SUCCESS] Improvement! Δ=0.083071, new_best=0.758871, reward=18.74
✓ [SUCCESS] Improvement! Δ=0.113731, new_best=0.715311, reward=19.06
✓ [SUCCESS] Improvement! Δ=0.000088, new_best=0.665231, reward=2.28
---------------------------------
| rollout/           |          |
|    ep_len_mean     | 16       |
|    ep_rew_mean     | -49.5    |
| time/              |          |
|    episodes        | 568      |
|    fps             | 5        |
|    time_elapsed    | 1696     |
|    total_timesteps | 9088     |
---------------------------------
✓ [SUCCESS] Improvement! Δ=0.001802, new_best=0.715311, reward=1.25
✓ [SUCCESS] Improvement! Δ=0.032284, new_best=0.665231, reward=4.54
✓ [SUCCESS] Improvement! Δ=0.020571, new_best=0.631524, reward=7.22
✓ [SUCCESS] Improvement! Δ=0.011856, new_best=0.643380, reward=5.83
✓ [SUCCESS] Improvement! Δ=0.037179, new_best=0.658666, reward=12.63
---------------------------------
| rollout/           |          |
|    ep_len_mean     | 16       |
|    ep_rew_mean     | -49.7    |
| time/              |          |
|    episodes        | 572      |
|    fps             | 5        |
|    time_elapsed    | 1702     |
|    total_timesteps | 9152     |
---------------------------------
✓ [SUCCESS] Improvement! Δ=0.004206, new_best=0.665231, reward=2.61
✓ [SUCCESS] Improvement! Δ=0.050081, new_best=0.715311, reward=9.26
✓ [SUCCESS] Improvement! Δ=0.017007, new_best=0.665231, reward=6.09
✓ [SUCCESS] Improvement! Δ=0.050081, new_best=0.715311, reward=6.35
✓ [SUCCESS] Improvement! Δ=0.054860, new_best=0.652690, reward=8.12
✓ [SUCCESS] Improvement! Δ=0.012540, new_best=0.665231, reward=6.49
✓ [SUCCESS] Improvement! Δ=0.050081, new_best=0.715311, reward=6.35
---------------------------------
| rollout/           |          |
|    ep_len_mean     | 16       |
|    ep_rew_mean     | -50.1    |
| time/              |          |
|    episodes        | 576      |
|    fps             | 5        |
|    time_elapsed    | 1709     |
|    total_timesteps | 9216     |
---------------------------------
✓ [SUCCESS] Improvement! Δ=0.020396, new_best=0.665231, reward=5.03
✓ [SUCCESS] Improvement! Δ=0.029777, new_best=0.695008, reward=4.71
✓ [SUCCESS] Improvement! Δ=0.030619, new_best=0.658666, reward=12.06
---------------------------------
| rollout/           |          |
|    ep_len_mean     | 16       |
|    ep_rew_mean     | -51.6    |
| time/              |          |
|    episodes        | 580      |
|    fps             | 5        |
|    time_elapsed    | 1716     |
|    total_timesteps | 9280     |
---------------------------------
✓ [SUCCESS] Improvement! Δ=0.001324, new_best=0.715311, reward=1.20
✓ [SUCCESS] Improvement! Δ=0.026381, new_best=0.665231, reward=7.01
✓ [SUCCESS] Improvement! Δ=0.050081, new_best=0.715311, reward=6.35
✓ [SUCCESS] Improvement! Δ=0.028945, new_best=0.665231, reward=10.03
✓ [SUCCESS] Improvement! Δ=0.044232, new_best=0.709463, reward=12.32
✓ [SUCCESS] Improvement! Δ=0.004334, new_best=0.713796, reward=4.26
✓ [SUCCESS] Improvement! Δ=0.047000, new_best=0.665231, reward=10.30
✓ [SUCCESS] Improvement! Δ=0.048566, new_best=0.713796, reward=13.57
---------------------------------
| rollout/           |          |
|    ep_len_mean     | 16       |
|    ep_rew_mean     | -51.2    |
| time/              |          |
|    episodes        | 584      |
|    fps             | 5        |
|    time_elapsed    | 1724     |
|    total_timesteps | 9344     |
---------------------------------
✓ [SUCCESS] Improvement! Δ=0.001719, new_best=0.629766, reward=1.35
✓ [SUCCESS] Improvement! Δ=0.026381, new_best=0.665231, reward=7.68
✓ [SUCCESS] Improvement! Δ=0.048566, new_best=0.713796, reward=13.57
✓ [SUCCESS] Improvement! Δ=0.045085, new_best=0.665231, reward=12.42
✓ [SUCCESS] Improvement! Δ=0.050081, new_best=0.715311, reward=11.16
✓ [SUCCESS] Improvement! Δ=0.058506, new_best=0.715311, reward=9.32
---------------------------------
| rollout/           |          |
|    ep_len_mean     | 16       |
|    ep_rew_mean     | -51      |
| time/              |          |
|    episodes        | 588      |
|    fps             | 5        |
|    time_elapsed    | 1732     |
|    total_timesteps | 9408     |
---------------------------------
✓ [SUCCESS] Improvement! Δ=0.045085, new_best=0.665231, reward=15.35
✓ [SUCCESS] Improvement! Δ=0.044232, new_best=0.709463, reward=13.76
✓ [SUCCESS] Improvement! Δ=0.005849, new_best=0.715311, reward=3.19
✓ [SUCCESS] Improvement! Δ=0.061262, new_best=0.665231, reward=9.25
✓ [SUCCESS] Improvement! Δ=0.007287, new_best=0.610910, reward=4.08
✓ [SUCCESS] Improvement! Δ=0.010577, new_best=0.621487, reward=4.00
✓ [SUCCESS] Improvement! Δ=0.036211, new_best=0.657698, reward=4.96
---------------------------------
| rollout/           |          |
|    ep_len_mean     | 16       |
|    ep_rew_mean     | -51.3    |
| time/              |          |
|    episodes        | 592      |
|    fps             | 5        |
|    time_elapsed    | 1740     |
|    total_timesteps | 9472     |
---------------------------------
✓ [SUCCESS] Improvement! Δ=0.024985, new_best=0.654440, reward=8.11
✓ [SUCCESS] Improvement! Δ=0.003258, new_best=0.657698, reward=2.20
✓ [SUCCESS] Improvement! Δ=0.080849, new_best=0.713796, reward=15.49
✓ [SUCCESS] Improvement! Δ=0.046788, new_best=0.760585, reward=12.81
---------------------------------
| rollout/           |          |
|    ep_len_mean     | 16       |
|    ep_rew_mean     | -52.5    |
| time/              |          |
|    episodes        | 596      |
|    fps             | 5        |
|    time_elapsed    | 1748     |
|    total_timesteps | 9536     |
---------------------------------
---------------------------------
| rollout/           |          |
|    ep_len_mean     | 16       |
|    ep_rew_mean     | -52.5    |
| time/              |          |
|    episodes        | 600      |
|    fps             | 5        |
|    time_elapsed    | 1756     |
|    total_timesteps | 9600     |
---------------------------------
✓ [SUCCESS] Improvement! Δ=0.012540, new_best=0.665231, reward=4.16
✓ [SUCCESS] Improvement! Δ=0.076188, new_best=0.665231, reward=17.45
✓ [SUCCESS] Improvement! Δ=0.050081, new_best=0.715311, reward=13.30
✓ [SUCCESS] Improvement! Δ=0.001961, new_best=0.715311, reward=1.26
✓ [SUCCESS] Improvement! Δ=0.005901, new_best=0.640831, reward=3.40
---------------------------------
| rollout/           |          |
|    ep_len_mean     | 16       |
|    ep_rew_mean     | -52.7    |
| time/              |          |
|    episodes        | 604      |
|    fps             | 5        |
|    time_elapsed    | 1765     |
|    total_timesteps | 9664     |
---------------------------------
✓ [SUCCESS] Improvement! Δ=0.025998, new_best=0.665231, reward=6.60
✓ [SUCCESS] Improvement! Δ=0.048566, new_best=0.713796, reward=13.28
✓ [SUCCESS] Improvement! Δ=0.019336, new_best=0.665231, reward=8.17
✓ [SUCCESS] Improvement! Δ=0.089858, new_best=0.715311, reward=21.70
---------------------------------
| rollout/           |          |
|    ep_len_mean     | 16       |
|    ep_rew_mean     | -53.4    |
| time/              |          |
|    episodes        | 608      |
|    fps             | 5        |
|    time_elapsed    | 1772     |
|    total_timesteps | 9728     |
---------------------------------
✓ [SUCCESS] Improvement! Δ=0.073557, new_best=0.665231, reward=11.37
✓ [SUCCESS] Improvement! Δ=0.050081, new_best=0.715311, reward=6.35
✓ [SUCCESS] Improvement! Δ=0.063650, new_best=0.665231, reward=17.71
✓ [SUCCESS] Improvement! Δ=0.021883, new_best=0.657698, reward=6.81
✓ [SUCCESS] Improvement! Δ=0.000968, new_best=0.658666, reward=3.26
---------------------------------
| rollout/           |          |
|    ep_len_mean     | 16       |
|    ep_rew_mean     | -53.5    |
| time/              |          |
|    episodes        | 612      |
|    fps             | 5        |
|    time_elapsed    | 1781     |
|    total_timesteps | 9792     |
---------------------------------
✓ [SUCCESS] Improvement! Δ=0.030326, new_best=0.665231, reward=10.25
✓ [SUCCESS] Improvement! Δ=0.076188, new_best=0.665231, reward=10.80
✓ [SUCCESS] Improvement! Δ=0.044232, new_best=0.709463, reward=16.11
✓ [SUCCESS] Improvement! Δ=0.014990, new_best=0.665231, reward=3.27
---------------------------------
| rollout/           |          |
|    ep_len_mean     | 16       |
|    ep_rew_mean     | -54.1    |
| time/              |          |
|    episodes        | 616      |
|    fps             | 5        |
|    time_elapsed    | 1789     |
|    total_timesteps | 9856     |
---------------------------------
✓ [SUCCESS] Improvement! Δ=0.002474, new_best=0.697674, reward=2.67
✓ [SUCCESS] Improvement! Δ=0.004206, new_best=0.665231, reward=2.61
✓ [SUCCESS] Improvement! Δ=0.050081, new_best=0.715311, reward=6.35
✓ [SUCCESS] Improvement! Δ=0.021299, new_best=0.665231, reward=4.95
✓ [SUCCESS] Improvement! Δ=0.048566, new_best=0.713796, reward=17.39
✓ [SUCCESS] Improvement! Δ=0.001515, new_best=0.715311, reward=1.77
---------------------------------
| rollout/           |          |
|    ep_len_mean     | 16       |
|    ep_rew_mean     | -53.9    |
| time/              |          |
|    episodes        | 620      |
|    fps             | 5        |
|    time_elapsed    | 1797     |
|    total_timesteps | 9920     |
---------------------------------
✓ [SUCCESS] Improvement! Δ=0.016435, new_best=0.665231, reward=6.00
✓ [SUCCESS] Improvement! Δ=0.048566, new_best=0.713796, reward=17.39
✓ [SUCCESS] Improvement! Δ=0.039777, new_best=0.665231, reward=13.59
✓ [SUCCESS] Improvement! Δ=0.021299, new_best=0.665231, reward=6.82
✓ [SUCCESS] Improvement! Δ=0.048566, new_best=0.713796, reward=12.74
✓ [SUCCESS] Improvement! Δ=0.001515, new_best=0.715311, reward=2.20
---------------------------------
| rollout/           |          |
|    ep_len_mean     | 16       |
|    ep_rew_mean     | -53.3    |
| time/              |          |
|    episodes        | 624      |
|    fps             | 5        |
|    time_elapsed    | 1805     |
|    total_timesteps | 9984     |
---------------------------------
✓ [SUCCESS] Improvement! Δ=0.004206, new_best=0.665231, reward=3.20
✓ [SUCCESS] Improvement! Δ=0.044232, new_best=0.709463, reward=11.69
✓ [SUCCESS] Improvement! Δ=0.031452, new_best=0.715311, reward=4.38
✓ [SUCCESS] Improvement! Δ=0.004206, new_best=0.665231, reward=2.61
✓ [SUCCESS] Improvement! Δ=0.044232, new_best=0.709463, reward=16.11
✓ [SUCCESS] Improvement! Δ=0.004334, new_best=0.713796, reward=4.26
---------------------------------
| rollout/           |          |
|    ep_len_mean     | 16       |
|    ep_rew_mean     | -53.8    |
| time/              |          |
|    episodes        | 628      |
|    fps             | 5        |
|    time_elapsed    | 1813     |
|    total_timesteps | 10048    |
---------------------------------
✓ [SUCCESS] Improvement! Δ=0.047333, new_best=0.713796, reward=17.03
✓ [SUCCESS] Improvement! Δ=0.076188, new_best=0.665231, reward=11.86
---------------------------------
| rollout/           |          |
|    ep_len_mean     | 16       |
|    ep_rew_mean     | -55.4    |
| time/              |          |
|    episodes        | 632      |
|    fps             | 5        |
|    time_elapsed    | 1821     |
|    total_timesteps | 10112    |
---------------------------------
✓ [SUCCESS] Improvement! Δ=0.032894, new_best=0.709463, reward=9.06
✓ [SUCCESS] Improvement! Δ=0.004334, new_best=0.713796, reward=4.26
✓ [SUCCESS] Improvement! Δ=0.036508, new_best=0.665231, reward=6.92
✓ [SUCCESS] Improvement! Δ=0.058974, new_best=0.665231, reward=13.96
✓ [SUCCESS] Improvement! Δ=0.010570, new_best=0.675800, reward=4.86
---------------------------------
| rollout/           |          |
|    ep_len_mean     | 16       |
|    ep_rew_mean     | -55.8    |
| time/              |          |
|    episodes        | 636      |
|    fps             | 5        |
|    time_elapsed    | 1829     |
|    total_timesteps | 10176    |
---------------------------------
✓ [SUCCESS] Improvement! Δ=0.036969, new_best=0.665231, reward=11.14
✓ [SUCCESS] Improvement! Δ=0.050081, new_best=0.715311, reward=6.73
✓ [SUCCESS] Improvement! Δ=0.013675, new_best=0.665231, reward=5.00
✓ [SUCCESS] Improvement! Δ=0.050081, new_best=0.715311, reward=10.33
✓ [SUCCESS] Improvement! Δ=0.007287, new_best=0.610910, reward=4.08
✓ [SUCCESS] Improvement! Δ=0.047755, new_best=0.658666, reward=14.42
✓ [SUCCESS] Improvement! Δ=0.016789, new_best=0.658666, reward=7.96
---------------------------------
| rollout/           |          |
|    ep_len_mean     | 16       |
|    ep_rew_mean     | -55.1    |
| time/              |          |
|    episodes        | 640      |
|    fps             | 5        |
|    time_elapsed    | 1838     |
|    total_timesteps | 10240    |
---------------------------------
✓ [SUCCESS] Improvement! Δ=0.019336, new_best=0.665231, reward=7.31
✓ [SUCCESS] Improvement! Δ=0.001981, new_best=0.665231, reward=2.83
✓ [SUCCESS] Improvement! Δ=0.026381, new_best=0.665231, reward=5.62
✓ [SUCCESS] Improvement! Δ=0.050081, new_best=0.715311, reward=6.35
✓ [SUCCESS] Improvement! Δ=0.070353, new_best=0.665231, reward=16.31
---------------------------------
| rollout/           |          |
|    ep_len_mean     | 16       |
|    ep_rew_mean     | -54.3    |
| time/              |          |
|    episodes        | 644      |
|    fps             | 5        |
|    time_elapsed    | 1846     |
|    total_timesteps | 10304    |
---------------------------------
✓ [SUCCESS] Improvement! Δ=0.026551, new_best=0.665231, reward=6.70
✓ [SUCCESS] Improvement! Δ=0.042487, new_best=0.634930, reward=6.39
✓ [SUCCESS] Improvement! Δ=0.001091, new_best=0.636021, reward=2.77
✓ [SUCCESS] Improvement! Δ=0.071099, new_best=0.665231, reward=16.22
✓ [SUCCESS] Improvement! Δ=0.024674, new_best=0.654440, reward=6.17
✓ [SUCCESS] Improvement! Δ=0.003258, new_best=0.657698, reward=1.40
✓ [SUCCESS] Improvement! Δ=0.000968, new_best=0.658666, reward=3.26
---------------------------------
| rollout/           |          |
|    ep_len_mean     | 16       |
|    ep_rew_mean     | -54.5    |
| time/              |          |
|    episodes        | 648      |
|    fps             | 5        |
|    time_elapsed    | 1854     |
|    total_timesteps | 10368    |
---------------------------------
✓ [SUCCESS] Improvement! Δ=0.001961, new_best=0.715311, reward=1.63
✓ [SUCCESS] Improvement! Δ=0.048705, new_best=0.709463, reward=12.54
✓ [SUCCESS] Improvement! Δ=0.030326, new_best=0.665231, reward=8.14
✓ [SUCCESS] Improvement! Δ=0.044232, new_best=0.709463, reward=16.11
✓ [SUCCESS] Improvement! Δ=0.092592, new_best=0.763103, reward=20.65
---------------------------------
| rollout/           |          |
|    ep_len_mean     | 16       |
|    ep_rew_mean     | -54.3    |
| time/              |          |
|    episodes        | 652      |
|    fps             | 5        |
|    time_elapsed    | 1862     |
|    total_timesteps | 10432    |
---------------------------------
✓ [SUCCESS] Improvement! Δ=0.018859, new_best=0.665231, reward=5.07
✓ [SUCCESS] Improvement! Δ=0.048566, new_best=0.713796, reward=17.39
✓ [SUCCESS] Improvement! Δ=0.045085, new_best=0.665231, reward=15.35
✓ [SUCCESS] Improvement! Δ=0.007832, new_best=0.665231, reward=2.67
✓ [SUCCESS] Improvement! Δ=0.033662, new_best=0.709463, reward=12.97
---------------------------------
| rollout/           |          |
|    ep_len_mean     | 16       |
|    ep_rew_mean     | -54.2    |
| time/              |          |
|    episodes        | 656      |
|    fps             | 5        |
|    time_elapsed    | 1870     |
|    total_timesteps | 10496    |
---------------------------------
✓ [SUCCESS] Improvement! Δ=0.014263, new_best=0.709463, reward=5.57
✓ [SUCCESS] Improvement! Δ=0.044648, new_best=0.715311, reward=5.77
✓ [SUCCESS] Improvement! Δ=0.004206, new_best=0.665231, reward=2.99
✓ [SUCCESS] Improvement! Δ=0.048566, new_best=0.713796, reward=13.52
---------------------------------
| rollout/           |          |
|    ep_len_mean     | 16       |
|    ep_rew_mean     | -55      |
| time/              |          |
|    episodes        | 660      |
|    fps             | 5        |
|    time_elapsed    | 1878     |
|    total_timesteps | 10560    |
---------------------------------
✓ [SUCCESS] Improvement! Δ=0.035510, new_best=0.665143, reward=8.92
✓ [SUCCESS] Improvement! Δ=0.000088, new_best=0.665231, reward=2.28
---------------------------------
| rollout/           |          |
|    ep_len_mean     | 16       |
|    ep_rew_mean     | -54.8    |
| time/              |          |
|    episodes        | 664      |
|    fps             | 5        |
|    time_elapsed    | 1886     |
|    total_timesteps | 10624    |
---------------------------------
✓ [SUCCESS] Improvement! Δ=0.004810, new_best=0.640831, reward=4.40
✓ [SUCCESS] Improvement! Δ=0.021049, new_best=0.610910, reward=4.07
✓ [SUCCESS] Improvement! Δ=0.046787, new_best=0.657698, reward=6.36
✓ [SUCCESS] Improvement! Δ=0.054074, new_best=0.657698, reward=9.24
✓ [SUCCESS] Improvement! Δ=0.038743, new_best=0.715311, reward=6.63
---------------------------------
| rollout/           |          |
|    ep_len_mean     | 16       |
|    ep_rew_mean     | -55      |
| time/              |          |
|    episodes        | 668      |
|    fps             | 5        |
|    time_elapsed    | 1894     |
|    total_timesteps | 10688    |
---------------------------------
✓ [SUCCESS] Improvement! Δ=0.004810, new_best=0.640831, reward=4.40
✓ [SUCCESS] Improvement! Δ=0.061513, new_best=0.665231, reward=16.13
---------------------------------
| rollout/           |          |
|    ep_len_mean     | 16       |
|    ep_rew_mean     | -54.6    |
| time/              |          |
|    episodes        | 672      |
|    fps             | 5        |
|    time_elapsed    | 1902     |
|    total_timesteps | 10752    |
---------------------------------
✓ [SUCCESS] Improvement! Δ=0.065534, new_best=0.665231, reward=14.52
✓ [SUCCESS] Improvement! Δ=0.001802, new_best=0.715311, reward=3.16
---------------------------------
| rollout/           |          |
|    ep_len_mean     | 16       |
|    ep_rew_mean     | -55.4    |
| time/              |          |
|    episodes        | 676      |
|    fps             | 5        |
|    time_elapsed    | 1910     |
|    total_timesteps | 10816    |
---------------------------------
✓ [SUCCESS] Improvement! Δ=0.001855, new_best=0.678423, reward=2.02
✓ [SUCCESS] Improvement! Δ=0.001802, new_best=0.715311, reward=1.87
✓ [SUCCESS] Improvement! Δ=0.084680, new_best=0.763103, reward=19.06
✓ [SUCCESS] Improvement! Δ=0.061262, new_best=0.665231, reward=9.25
✓ [SUCCESS] Improvement! Δ=0.097872, new_best=0.763103, reward=21.72
---------------------------------
| rollout/           |          |
|    ep_len_mean     | 16       |
|    ep_rew_mean     | -54.7    |
| time/              |          |
|    episodes        | 680      |
|    fps             | 5        |
|    time_elapsed    | 1918     |
|    total_timesteps | 10880    |
---------------------------------
✓ [SUCCESS] Improvement! Δ=0.085534, new_best=0.713796, reward=24.57
✓ [SUCCESS] Improvement! Δ=0.001515, new_best=0.715311, reward=1.77
✓ [SUCCESS] Improvement! Δ=0.044031, new_best=0.657698, reward=5.71
---------------------------------
| rollout/           |          |
|    ep_len_mean     | 16       |
|    ep_rew_mean     | -55.4    |
| time/              |          |
|    episodes        | 684      |
|    fps             | 5        |
|    time_elapsed    | 1926     |
|    total_timesteps | 10944    |
---------------------------------
---------------------------------
| rollout/           |          |
|    ep_len_mean     | 16       |
|    ep_rew_mean     | -55.6    |
| time/              |          |
|    episodes        | 688      |
|    fps             | 5        |
|    time_elapsed    | 1935     |
|    total_timesteps | 11008    |
---------------------------------
✓ [SUCCESS] Improvement! Δ=0.073862, new_best=0.665231, reward=18.28
✓ [SUCCESS] Improvement! Δ=0.044232, new_best=0.709463, reward=11.75
✓ [SUCCESS] Improvement! Δ=0.050236, new_best=0.665231, reward=13.13
---------------------------------
| rollout/           |          |
|    ep_len_mean     | 16       |
|    ep_rew_mean     | -55.9    |
| time/              |          |
|    episodes        | 692      |
|    fps             | 5        |
|    time_elapsed    | 1943     |
|    total_timesteps | 11072    |
---------------------------------
✓ [SUCCESS] Improvement! Δ=0.065277, new_best=0.715311, reward=11.60
✓ [SUCCESS] Improvement! Δ=0.002150, new_best=0.610910, reward=2.74
✓ [SUCCESS] Improvement! Δ=0.047755, new_best=0.658666, reward=17.15
---------------------------------
| rollout/           |          |
|    ep_len_mean     | 16       |
|    ep_rew_mean     | -55.4    |
| time/              |          |
|    episodes        | 696      |
|    fps             | 5        |
|    time_elapsed    | 1951     |
|    total_timesteps | 11136    |
---------------------------------
✓ [SUCCESS] Improvement! Δ=0.010344, new_best=0.665231, reward=4.80
✓ [SUCCESS] Improvement! Δ=0.030326, new_best=0.665231, reward=11.23
✓ [SUCCESS] Improvement! Δ=0.050081, new_best=0.715311, reward=9.26
✓ [SUCCESS] Improvement! Δ=0.073086, new_best=0.665231, reward=12.80
✓ [SUCCESS] Improvement! Δ=0.050081, new_best=0.715311, reward=8.17
✓ [SUCCESS] Improvement! Δ=0.038951, new_best=0.709463, reward=14.54
---------------------------------
| rollout/           |          |
|    ep_len_mean     | 16       |
|    ep_rew_mean     | -55.7    |
| time/              |          |
|    episodes        | 700      |
|    fps             | 5        |
|    time_elapsed    | 1959     |
|    total_timesteps | 11200    |
---------------------------------
✓ [SUCCESS] Improvement! Δ=0.030603, new_best=0.665231, reward=4.69
✓ [SUCCESS] Improvement! Δ=0.044232, new_best=0.709463, reward=16.11
✓ [SUCCESS] Improvement! Δ=0.005849, new_best=0.715311, reward=1.67
✓ [SUCCESS] Improvement! Δ=0.006423, new_best=0.665231, reward=2.97
✓ [SUCCESS] Improvement! Δ=0.050081, new_best=0.715311, reward=7.11
---------------------------------
| rollout/           |          |
|    ep_len_mean     | 16       |
|    ep_rew_mean     | -55.7    |
| time/              |          |
|    episodes        | 704      |
|    fps             | 5        |
|    time_elapsed    | 1967     |
|    total_timesteps | 11264    |
---------------------------------
✓ [SUCCESS] Improvement! Δ=0.057913, new_best=0.715311, reward=10.38
✓ [SUCCESS] Improvement! Δ=0.005901, new_best=0.640831, reward=4.04
---------------------------------
| rollout/           |          |
|    ep_len_mean     | 16       |
|    ep_rew_mean     | -55.7    |
| time/              |          |
|    episodes        | 708      |
|    fps             | 5        |
|    time_elapsed    | 1975     |
|    total_timesteps | 11328    |
---------------------------------
✓ [SUCCESS] Improvement! Δ=0.070353, new_best=0.665231, reward=16.31
✓ [SUCCESS] Improvement! Δ=0.048566, new_best=0.713796, reward=17.39
✓ [SUCCESS] Improvement! Δ=0.001515, new_best=0.715311, reward=1.22
✓ [SUCCESS] Improvement! Δ=0.037954, new_best=0.716377, reward=10.52
✓ [SUCCESS] Improvement! Δ=0.051998, new_best=0.665231, reward=14.21
✓ [SUCCESS] Improvement! Δ=0.050081, new_best=0.715311, reward=6.35
---------------------------------
| rollout/           |          |
|    ep_len_mean     | 16       |
|    ep_rew_mean     | -55.3    |
| time/              |          |
|    episodes        | 712      |
|    fps             | 5        |
|    time_elapsed    | 1984     |
|    total_timesteps | 11392    |
---------------------------------
✓ [SUCCESS] Improvement! Δ=0.048079, new_best=0.665231, reward=13.84
✓ [SUCCESS] Improvement! Δ=0.050081, new_best=0.715311, reward=12.12
✓ [SUCCESS] Improvement! Δ=0.007287, new_best=0.610910, reward=4.08
✓ [SUCCESS] Improvement! Δ=0.047755, new_best=0.658666, reward=17.15
✓ [SUCCESS] Improvement! Δ=0.003328, new_best=0.661994, reward=3.15
---------------------------------
| rollout/           |          |
|    ep_len_mean     | 16       |
|    ep_rew_mean     | -54.5    |
| time/              |          |
|    episodes        | 716      |
|    fps             | 5        |
|    time_elapsed    | 1992     |
|    total_timesteps | 11456    |
---------------------------------
✓ [SUCCESS] Improvement! Δ=0.072079, new_best=0.665231, reward=13.66
✓ [SUCCESS] Improvement! Δ=0.032443, new_best=0.697674, reward=9.08
✓ [SUCCESS] Improvement! Δ=0.011789, new_best=0.709463, reward=6.47
✓ [SUCCESS] Improvement! Δ=0.004334, new_best=0.713796, reward=4.26
✓ [SUCCESS] Improvement! Δ=0.034407, new_best=0.665231, reward=7.19
✓ [SUCCESS] Improvement! Δ=0.072262, new_best=0.665231, reward=8.95
✓ [SUCCESS] Improvement! Δ=0.050081, new_best=0.715311, reward=6.35
✓ [SUCCESS] Improvement! Δ=0.018859, new_best=0.665231, reward=7.53
---------------------------------
| rollout/           |          |
|    ep_len_mean     | 16       |
|    ep_rew_mean     | -54.1    |
| time/              |          |
|    episodes        | 720      |
|    fps             | 5        |
|    time_elapsed    | 2000     |
|    total_timesteps | 11520    |
---------------------------------
✓ [SUCCESS] Improvement! Δ=0.072079, new_best=0.665231, reward=15.16
✓ [SUCCESS] Improvement! Δ=0.044232, new_best=0.709463, reward=16.11
✓ [SUCCESS] Improvement! Δ=0.111632, new_best=0.709463, reward=26.54
✓ [SUCCESS] Improvement! Δ=0.004334, new_best=0.713796, reward=4.26
✓ [SUCCESS] Improvement! Δ=0.048079, new_best=0.665231, reward=13.84
✓ [SUCCESS] Improvement! Δ=0.048566, new_best=0.713796, reward=17.39
---------------------------------
| rollout/           |          |
|    ep_len_mean     | 16       |
|    ep_rew_mean     | -54.2    |
| time/              |          |
|    episodes        | 724      |
|    fps             | 5        |
|    time_elapsed    | 2008     |
|    total_timesteps | 11584    |
---------------------------------
✓ [SUCCESS] Improvement! Δ=0.000968, new_best=0.658666, reward=3.26
✓ [SUCCESS] Improvement! Δ=0.106205, new_best=0.709463, reward=28.96
---------------------------------
| rollout/           |          |
|    ep_len_mean     | 16       |
|    ep_rew_mean     | -54.4    |
| time/              |          |
|    episodes        | 728      |
|    fps             | 5        |
|    time_elapsed    | 2016     |
|    total_timesteps | 11648    |
---------------------------------
✓ [SUCCESS] Improvement! Δ=0.006477, new_best=0.709463, reward=3.47
✓ [SUCCESS] Improvement! Δ=0.004334, new_best=0.713796, reward=4.26
✓ [SUCCESS] Improvement! Δ=0.044648, new_best=0.715311, reward=5.77
---------------------------------
| rollout/           |          |
|    ep_len_mean     | 16       |
|    ep_rew_mean     | -54.1    |
| time/              |          |
|    episodes        | 732      |
|    fps             | 5        |
|    time_elapsed    | 2024     |
|    total_timesteps | 11712    |
---------------------------------
✓ [SUCCESS] Improvement! Δ=0.005901, new_best=0.640831, reward=4.72
✓ [SUCCESS] Improvement! Δ=0.049956, new_best=0.665231, reward=10.29
---------------------------------
| rollout/           |          |
|    ep_len_mean     | 16       |
|    ep_rew_mean     | -54.6    |
| time/              |          |
|    episodes        | 736      |
|    fps             | 5        |
|    time_elapsed    | 2032     |
|    total_timesteps | 11776    |
---------------------------------
✓ [SUCCESS] Improvement! Δ=0.012469, new_best=0.665231, reward=3.72
✓ [SUCCESS] Improvement! Δ=0.029777, new_best=0.695008, reward=5.82
✓ [SUCCESS] Improvement! Δ=0.014455, new_best=0.709463, reward=7.26
✓ [SUCCESS] Improvement! Δ=0.004334, new_best=0.713796, reward=2.55
✓ [SUCCESS] Improvement! Δ=0.067400, new_best=0.665231, reward=17.22
✓ [SUCCESS] Improvement! Δ=0.048566, new_best=0.713796, reward=11.88
✓ [SUCCESS] Improvement! Δ=0.027429, new_best=0.665231, reward=5.33
✓ [SUCCESS] Improvement! Δ=0.048566, new_best=0.713796, reward=13.57
---------------------------------
| rollout/           |          |
|    ep_len_mean     | 16       |
|    ep_rew_mean     | -54.3    |
| time/              |          |
|    episodes        | 740      |
|    fps             | 5        |
|    time_elapsed    | 2041     |
|    total_timesteps | 11840    |
---------------------------------
✓ [SUCCESS] Improvement! Δ=0.057570, new_best=0.665231, reward=8.46
✓ [SUCCESS] Improvement! Δ=0.081473, new_best=0.716377, reward=21.87
---------------------------------
| rollout/           |          |
|    ep_len_mean     | 16       |
|    ep_rew_mean     | -55.1    |
| time/              |          |
|    episodes        | 744      |
|    fps             | 5        |
|    time_elapsed    | 2049     |
|    total_timesteps | 11904    |
---------------------------------
✓ [SUCCESS] Improvement! Δ=0.048766, new_best=0.665231, reward=11.92
✓ [SUCCESS] Improvement! Δ=0.028945, new_best=0.665231, reward=6.48
✓ [SUCCESS] Improvement! Δ=0.000088, new_best=0.665231, reward=2.04
✓ [SUCCESS] Improvement! Δ=0.048566, new_best=0.713796, reward=14.62
---------------------------------
| rollout/           |          |
|    ep_len_mean     | 16       |
|    ep_rew_mean     | -55.4    |
| time/              |          |
|    episodes        | 748      |
|    fps             | 5        |
|    time_elapsed    | 2057     |
|    total_timesteps | 11968    |
---------------------------------
✓ [SUCCESS] Improvement! Δ=0.044821, new_best=0.665231, reward=15.27
✓ [SUCCESS] Improvement! Δ=0.050081, new_best=0.715311, reward=6.35
✓ [SUCCESS] Improvement! Δ=0.049956, new_best=0.665231, reward=12.14
✓ [SUCCESS] Improvement! Δ=0.003258, new_best=0.657698, reward=1.40
✓ [SUCCESS] Improvement! Δ=0.015196, new_best=0.665231, reward=4.88
---------------------------------
| rollout/           |          |
|    ep_len_mean     | 16       |
|    ep_rew_mean     | -54.8    |
| time/              |          |
|    episodes        | 752      |
|    fps             | 5        |
|    time_elapsed    | 2065     |
|    total_timesteps | 12032    |
---------------------------------
✓ [SUCCESS] Improvement! Δ=0.039777, new_best=0.665231, reward=13.59
✓ [SUCCESS] Improvement! Δ=0.048566, new_best=0.713796, reward=17.39
✓ [SUCCESS] Improvement! Δ=0.060439, new_best=0.665231, reward=19.67
✓ [SUCCESS] Improvement! Δ=0.093640, new_best=0.758871, reward=20.87
✓ [SUCCESS] Improvement! Δ=0.002150, new_best=0.610910, reward=2.45
---------------------------------
| rollout/           |          |
|    ep_len_mean     | 16       |
|    ep_rew_mean     | -54.9    |
| time/              |          |
|    episodes        | 756      |
|    fps             | 5        |
|    time_elapsed    | 2073     |
|    total_timesteps | 12096    |
---------------------------------
✓ [SUCCESS] Improvement! Δ=0.046434, new_best=0.652690, reward=16.76
✓ [SUCCESS] Improvement! Δ=0.046787, new_best=0.657698, reward=6.00
✓ [SUCCESS] Improvement! Δ=0.004206, new_best=0.665231, reward=1.55
✓ [SUCCESS] Improvement! Δ=0.050081, new_best=0.715311, reward=6.35
✓ [SUCCESS] Improvement! Δ=0.000968, new_best=0.658666, reward=3.26
---------------------------------
| rollout/           |          |
|    ep_len_mean     | 16       |
|    ep_rew_mean     | -54.4    |
| time/              |          |
|    episodes        | 760      |
|    fps             | 5        |
|    time_elapsed    | 2081     |
|    total_timesteps | 12160    |
---------------------------------
✓ [SUCCESS] Improvement! Δ=0.046787, new_best=0.657698, reward=9.50
✓ [SUCCESS] Improvement! Δ=0.000968, new_best=0.658666, reward=2.94
✓ [SUCCESS] Improvement! Δ=0.044232, new_best=0.709463, reward=16.11
✓ [SUCCESS] Improvement! Δ=0.004334, new_best=0.713796, reward=4.26
---------------------------------
| rollout/           |          |
|    ep_len_mean     | 16       |
|    ep_rew_mean     | -53.6    |
| time/              |          |
|    episodes        | 764      |
|    fps             | 5        |
|    time_elapsed    | 2089     |
|    total_timesteps | 12224    |
---------------------------------
✓ [SUCCESS] Improvement! Δ=0.065557, new_best=0.669181, reward=20.14
✓ [SUCCESS] Improvement! Δ=0.016094, new_best=0.709463, reward=5.74
---------------------------------
| rollout/           |          |
|    ep_len_mean     | 16       |
|    ep_rew_mean     | -53.7    |
| time/              |          |
|    episodes        | 768      |
|    fps             | 5        |
|    time_elapsed    | 2097     |
|    total_timesteps | 12288    |
---------------------------------

================================================================================
EVALUATION METRICS - Round 3
================================================================================
Current Round Statistics:
  Average Fitness (top-128): -4.346362
  Diversity: 3.000000
  Novelty: 1.000000
  Highest in batch: 3.000000

Global Statistics:
  Global Maximum Fitness (normalized): 0.809917
  Initial Maximum Fitness: 0.311339
  Absolute Improvement: 0.498578
  Percentage Improvement: 160.14%
  Total Unique Sequences Discovered: 191
  Total Oracle Calls: 11520

  Buffer Status:
    Best in current pool: 0.809917
    Global best (tracked): 0.809917

Top 10 Discovered Sequences:
  1. Fitness: 0.809917 | Seq: DIYAICACCKVESKNEGKKNEVFNNYTFRGLGNKGVLPWKCNSLDMKYFCAVTTYVNESKYEKLKYKRCKYLNKETVDNVNDMPNSKKLQNVVVMGRTSWESIPKNFKPLSNRINIILSRTLKKEDFDEDVYIINKVEDLIVLLGKLNYYKCFIIGGSVVYQEFLEKKLIKKIYFTRINSTYECDVFFPEINENEFQIISVSDVYTSNNTTLDFIIYKK
  2. Fitness: 0.763103 | Seq: DIYAICACCKVESKNEGKKNEVFNNYTFRGLGNKGVLPWKCNSLDMKYFCAVTTYVNESKYEKLKYKRCKYLNKETVDNVNDMPNSKKLQNVVVMGRTSWESIPKKFKPLSNRINIILSRTLKKEDFDEDVYIINKVEDLIVLLGKLNYYKCFIIGGSVVYQEFLEKKLIKKIYFTRINSTYECDVFFPEINENEWQIISVSDVYTSNNTTLDFIIYKK
  3. Fitness: 0.760585 | Seq: DIYAICACCKVESKNEGKKNEVFNNYTFRGLGNKGVLPWKCNSLDMKYFCAVTTYVNESKYEKLKYKRCKYLNKETVDNVNDMPNSKKLQNVVVMGRTSWESIPKNFKPLSNRINVILSRTLKKEDFDEDVYIINKVEDLIVLLGKLNYYKCFIIGGSVVYQEFLEKKLIKKIYFTRINSTYECDVFFPEINENEFQIISVSDVYTSNNTTLDFIIYKK
  4. Fitness: 0.758871 | Seq: DIYAICACCKVESKNEGKKNEVFNNYTFRGLGNKGVLPWKCNSLDMKYFCAVTTYVNESKYEKLKYKRCKYLNKETVDNVNDMPNSKKLQNVVVMGRTSWESIPKKFKPLSNRINIILSRTLKKEDFDEDVYIINKVEDLIVLLGKLNYYKCFIIGGSVVYQEFLEKKLIKKIYFTRINSTYECDVFFPEINENEFQIISVSDVYTSNNTTLDFIIYKK
  5. Fitness: 0.732303 | Seq: DIYAICACCKVESKNEGKKNEVFNNYTFRGLGNKGVLPWKCNSLDMKYFCAVTTYVNESKYEKLKYKRCKYLNKETVDNVNDMPNSKKLQNVVVMGRTSWESIPKQFKPLSNRINVILSRTLKKEDFDEDVYIINKVEDLIVLLGKLNYYKCFIIGGSVVYQEFLEKKLIKKIYFTRINSTYECDVFFPEINENEWQIISVSDVYTSNNTTLDFIIYKK
  6. Fitness: 0.724302 | Seq: DIYAICACCKVESKNEGKKNEVFNNYTFRGLGNKGVLPWKCNSLDMKYFCAVTTYVNESKYEKLKYKRCKYLNKETVDNVNDMPNSKKLQNVVVMGRTSWESIPKDFKPLSNRINVILSRTLKKEDFDEDVYIINKVEDLIVLLGKLNYYKCFIIGGSVVYQEFLEKKLIKKIYFTRINSTYECDVFFPEINENEYQIISVSDVYTSNNTTLDFIIYKK
  7. Fitness: 0.720032 | Seq: DIYAICACCKVESKNEGKKNEVFNNYTFRGLGNKGVLPWKCNSLDMKYFCAVTTYVNESKYEKLKYKRCKYLNKETVDNVNDMPNSKKLQNVVVMGRTSWESIPKRFKPLSNRINVILSRTLKKEDFDEDVYIINKVEDLIVLLGKLNYYKCFIIGGSVVYQEFLEKKLIKKIYFTRINSTYECDVFFPEINENEFQIISVSDVYTSNNTTLDFIIYKK
  8. Fitness: 0.716377 | Seq: DIYAICACCKVESKNEGKKNEVFNNYTFRGLGNKGVLPWKCNSLDMKYFCAVTTYVNESKYEKLKYKRCKYLNKETVDNVNDMPNSKKLQNVVVMGRTSWESIPKNFKPLSNRINVILSRTLKKEDFDEDVYIINKVEDLIVLLGKLNYYKCFIIGGSVVYQEFLEKKLIKKIYFTRINSTYECDVFFPEINENEYQIISVSDVYTSNNTTLDFIIYKK
  9. Fitness: 0.715311 | Seq: DIYAICACCKVESKNEGKKNEVFNNYTFRGLGNKGVLPWKCNSLDMKYFCAVTTYVNESKYEKLKYKRCKYLNKETVDNVNDMPNSKKLQNVVVMGRTSWESIPKKFKPLSNRINIILSRTLKKEDFDEDVYIINKVEDLIVLLGKLNYYKCFIIGGSVVYQEFLEKKLIKKIYFTRINSTYECDVFFPEINENEYQIISVSDVYTSNNTTLDFIIYKK
  10. Fitness: 0.713987 | Seq: DIYAICACCKVESKNEGKKNEVFNNYTFRGLGNKGVLPWKCNSLDMKYFCAVTTYVNESKYEKLKYKRCKYLNKETVDNVNDMPNSKKLQNVVVMGRTSWESIPKEFKPLSNRINVILSRTLKKEDFDEDVYIINKVEDLIVLLGKLNYYKCFIIGGSVVYQEFLEKKLIKKIYFTRINSTYECDVFFPEINENEYQIISVSDVYTSNNTTLDFIIYKK
================================================================================

✓ [SUCCESS] Improvement! Δ=0.057983, new_best=0.713796, reward=13.71
✓ [SUCCESS] Improvement! Δ=0.001515, new_best=0.715311, reward=2.28
✓ [SUCCESS] Improvement! Δ=0.077173, new_best=0.713796, reward=22.45
✓ [SUCCESS] Improvement! Δ=0.005901, new_best=0.640831, reward=3.23
----------------------------------
| rollout/           |           |
|    ep_len_mean     | 16        |
|    ep_rew_mean     | -54.5     |
| time/              |           |
|    episodes        | 772       |
|    fps             | 5         |
|    time_elapsed    | 2326      |
|    total_timesteps | 12352     |
| train/             |           |
|    actor_loss      | -1.16e+05 |
|    critic_loss     | 2.9e+08   |
|    ent_coef        | 10.7      |
|    ent_coef_loss   | -190      |
|    learning_rate   | 0.0003    |
|    n_updates       | 12288     |
----------------------------------
✓ [SUCCESS] Improvement! Δ=0.026551, new_best=0.665231, reward=6.70
✓ [SUCCESS] Improvement! Δ=0.048566, new_best=0.713796, reward=17.39
✓ [SUCCESS] Improvement! Δ=0.007832, new_best=0.665231, reward=2.67
---------------------------------
| rollout/           |          |
|    ep_len_mean     | 16       |
|    ep_rew_mean     | -52.9    |
| time/              |          |
|    episodes        | 776      |
|    fps             | 5        |
|    time_elapsed    | 2332     |
|    total_timesteps | 12416    |
---------------------------------
✓ [SUCCESS] Improvement! Δ=0.009313, new_best=0.665231, reward=2.27
✓ [SUCCESS] Improvement! Δ=0.063214, new_best=0.709463, reward=11.10
✓ [SUCCESS] Improvement! Δ=0.004334, new_best=0.713796, reward=2.84
✓ [SUCCESS] Improvement! Δ=0.016342, new_best=0.610953, reward=2.78
---------------------------------
| rollout/           |          |
|    ep_len_mean     | 16       |
|    ep_rew_mean     | -53.4    |
| time/              |          |
|    episodes        | 780      |
|    fps             | 5        |
|    time_elapsed    | 2338     |
|    total_timesteps | 12480    |
---------------------------------
✓ [SUCCESS] Improvement! Δ=0.001091, new_best=0.636021, reward=2.57
✓ [SUCCESS] Improvement! Δ=0.018982, new_best=0.665231, reward=4.82
✓ [SUCCESS] Improvement! Δ=0.061262, new_best=0.665231, reward=9.25
---------------------------------
| rollout/           |          |
|    ep_len_mean     | 16       |
|    ep_rew_mean     | -52.8    |
| time/              |          |
|    episodes        | 784      |
|    fps             | 5        |
|    time_elapsed    | 2345     |
|    total_timesteps | 12544    |
---------------------------------
✓ [SUCCESS] Improvement! Δ=0.029889, new_best=0.650034, reward=4.22
✓ [SUCCESS] Improvement! Δ=0.002656, new_best=0.652690, reward=3.76
✓ [SUCCESS] Improvement! Δ=0.068155, new_best=0.665231, reward=13.87
✓ [SUCCESS] Improvement! Δ=0.044800, new_best=0.715311, reward=6.49
---------------------------------
| rollout/           |          |
|    ep_len_mean     | 16       |
|    ep_rew_mean     | -54.1    |
| time/              |          |
|    episodes        | 788      |
|    fps             | 5        |
|    time_elapsed    | 2351     |
|    total_timesteps | 12608    |
---------------------------------
✓ [SUCCESS] Improvement! Δ=0.026381, new_best=0.665231, reward=7.68
✓ [SUCCESS] Improvement! Δ=0.074072, new_best=0.739303, reward=14.96
✓ [SUCCESS] Improvement! Δ=0.004473, new_best=0.665231, reward=1.99
✓ [SUCCESS] Improvement! Δ=0.050081, new_best=0.715311, reward=6.35
✓ [SUCCESS] Improvement! Δ=0.056504, new_best=0.715311, reward=10.70
---------------------------------
| rollout/           |          |
|    ep_len_mean     | 16       |
|    ep_rew_mean     | -53.9    |
| time/              |          |
|    episodes        | 792      |
|    fps             | 5        |
|    time_elapsed    | 2357     |
|    total_timesteps | 12672    |
---------------------------------
✓ [SUCCESS] Improvement! Δ=0.055583, new_best=0.665231, reward=14.16
✓ [SUCCESS] Improvement! Δ=0.008625, new_best=0.673855, reward=3.87
✓ [SUCCESS] Improvement! Δ=0.077509, new_best=0.715311, reward=15.32
---------------------------------
| rollout/           |          |
|    ep_len_mean     | 16       |
|    ep_rew_mean     | -53.9    |
| time/              |          |
|    episodes        | 796      |
|    fps             | 5        |
|    time_elapsed    | 2364     |
|    total_timesteps | 12736    |
---------------------------------
✓ [SUCCESS] Improvement! Δ=0.073078, new_best=0.707306, reward=16.73
✓ [SUCCESS] Improvement! Δ=0.050943, new_best=0.665231, reward=14.07
✓ [SUCCESS] Improvement! Δ=0.048566, new_best=0.713796, reward=11.11
✓ [SUCCESS] Improvement! Δ=0.008425, new_best=0.665231, reward=3.14
✓ [SUCCESS] Improvement! Δ=0.050081, new_best=0.715311, reward=6.35
---------------------------------
| rollout/           |          |
|    ep_len_mean     | 16       |
|    ep_rew_mean     | -52.7    |
| time/              |          |
|    episodes        | 800      |
|    fps             | 5        |
|    time_elapsed    | 2370     |
|    total_timesteps | 12800    |
---------------------------------
✓ [SUCCESS] Improvement! Δ=0.050236, new_best=0.665231, reward=6.37
✓ [SUCCESS] Improvement! Δ=0.009417, new_best=0.665231, reward=4.10
✓ [SUCCESS] Improvement! Δ=0.050081, new_best=0.715311, reward=9.50
---------------------------------
| rollout/           |          |
|    ep_len_mean     | 16       |
|    ep_rew_mean     | -54.4    |
| time/              |          |
|    episodes        | 804      |
|    fps             | 5        |
|    time_elapsed    | 2376     |
|    total_timesteps | 12864    |
---------------------------------
✓ [SUCCESS] Improvement! Δ=0.015024, new_best=0.665231, reward=5.91
✓ [SUCCESS] Improvement! Δ=0.023535, new_best=0.665231, reward=6.44
✓ [SUCCESS] Improvement! Δ=0.070353, new_best=0.665231, reward=18.45
✓ [SUCCESS] Improvement! Δ=0.048566, new_best=0.713796, reward=17.39
---------------------------------
| rollout/           |          |
|    ep_len_mean     | 16       |
|    ep_rew_mean     | -53.9    |
| time/              |          |
|    episodes        | 808      |
|    fps             | 5        |
|    time_elapsed    | 2383     |
|    total_timesteps | 12928    |
---------------------------------
✓ [SUCCESS] Improvement! Δ=0.060704, new_best=0.665231, reward=14.89
✓ [SUCCESS] Improvement! Δ=0.000851, new_best=0.632375, reward=2.86
✓ [SUCCESS] Improvement! Δ=0.016094, new_best=0.709463, reward=7.75
✓ [SUCCESS] Improvement! Δ=0.048079, new_best=0.665231, reward=13.84
---------------------------------
| rollout/           |          |
|    ep_len_mean     | 16       |
|    ep_rew_mean     | -54.4    |
| time/              |          |
|    episodes        | 812      |
|    fps             | 5        |
|    time_elapsed    | 2389     |
|    total_timesteps | 12992    |
---------------------------------
✓ [SUCCESS] Improvement! Δ=0.015519, new_best=0.632375, reward=7.58
✓ [SUCCESS] Improvement! Δ=0.054864, new_best=0.715311, reward=9.99
✓ [SUCCESS] Improvement! Δ=0.061262, new_best=0.665231, reward=9.25
✓ [SUCCESS] Improvement! Δ=0.010570, new_best=0.675800, reward=4.86
✓ [SUCCESS] Improvement! Δ=0.033662, new_best=0.709463, reward=10.90
✓ [SUCCESS] Improvement! Δ=0.103903, new_best=0.715311, reward=23.99
---------------------------------
| rollout/           |          |
|    ep_len_mean     | 16       |
|    ep_rew_mean     | -54.4    |
| time/              |          |
|    episodes        | 816      |
|    fps             | 5        |
|    time_elapsed    | 2395     |
|    total_timesteps | 13056    |
---------------------------------
✓ [SUCCESS] Improvement! Δ=0.085678, new_best=0.715311, reward=10.72
✓ [SUCCESS] Improvement! Δ=0.000362, new_best=0.665231, reward=1.72
✓ [SUCCESS] Improvement! Δ=0.049116, new_best=0.763103, reward=12.59
---------------------------------
| rollout/           |          |
|    ep_len_mean     | 16       |
|    ep_rew_mean     | -54.8    |
| time/              |          |
|    episodes        | 820      |
|    fps             | 5        |
|    time_elapsed    | 2402     |
|    total_timesteps | 13120    |
---------------------------------
✓ [SUCCESS] Improvement! Δ=0.012540, new_best=0.665231, reward=4.33
✓ [SUCCESS] Improvement! Δ=0.097872, new_best=0.763103, reward=21.72
✓ [SUCCESS] Improvement! Δ=0.016435, new_best=0.665231, reward=6.00
---------------------------------
| rollout/           |          |
|    ep_len_mean     | 16       |
|    ep_rew_mean     | -55      |
| time/              |          |
|    episodes        | 824      |
|    fps             | 5        |
|    time_elapsed    | 2408     |
|    total_timesteps | 13184    |
---------------------------------
✓ [SUCCESS] Improvement! Δ=0.018789, new_best=0.713796, reward=8.55
✓ [SUCCESS] Improvement! Δ=0.045938, new_best=0.665231, reward=12.63
✓ [SUCCESS] Improvement! Δ=0.050236, new_best=0.665231, reward=12.36
---------------------------------
| rollout/           |          |
|    ep_len_mean     | 16       |
|    ep_rew_mean     | -54.9    |
| time/              |          |
|    episodes        | 828      |
|    fps             | 5        |
|    time_elapsed    | 2414     |
|    total_timesteps | 13248    |
---------------------------------
✓ [SUCCESS] Improvement! Δ=0.012540, new_best=0.665231, reward=6.28
✓ [SUCCESS] Improvement! Δ=0.044232, new_best=0.709463, reward=12.57
✓ [SUCCESS] Improvement! Δ=0.009417, new_best=0.665231, reward=4.10
---------------------------------
| rollout/           |          |
|    ep_len_mean     | 16       |
|    ep_rew_mean     | -54.4    |
| time/              |          |
|    episodes        | 832      |
|    fps             | 5        |
|    time_elapsed    | 2421     |
|    total_timesteps | 13312    |
---------------------------------
✓ [SUCCESS] Improvement! Δ=0.007820, new_best=0.621487, reward=4.21
✓ [SUCCESS] Improvement! Δ=0.036211, new_best=0.657698, reward=10.61
✓ [SUCCESS] Improvement! Δ=0.032284, new_best=0.665231, reward=4.54
---------------------------------
| rollout/           |          |
|    ep_len_mean     | 16       |
|    ep_rew_mean     | -54.1    |
| time/              |          |
|    episodes        | 836      |
|    fps             | 5        |
|    time_elapsed    | 2427     |
|    total_timesteps | 13376    |
---------------------------------
✓ [SUCCESS] Improvement! Δ=0.030603, new_best=0.665231, reward=4.69
✓ [SUCCESS] Improvement! Δ=0.051147, new_best=0.716377, reward=14.44
✓ [SUCCESS] Improvement! Δ=0.023535, new_best=0.665231, reward=6.79
✓ [SUCCESS] Improvement! Δ=0.050081, new_best=0.715311, reward=10.00
✓ [SUCCESS] Improvement! Δ=0.026375, new_best=0.629633, reward=4.77
✓ [SUCCESS] Improvement! Δ=0.035598, new_best=0.665231, reward=7.59
---------------------------------
| rollout/           |          |
|    ep_len_mean     | 16       |
|    ep_rew_mean     | -54.2    |
| time/              |          |
|    episodes        | 840      |
|    fps             | 5        |
|    time_elapsed    | 2433     |
|    total_timesteps | 13440    |
---------------------------------
✓ [SUCCESS] Improvement! Δ=0.054936, new_best=0.664584, reward=19.29
✓ [SUCCESS] Improvement! Δ=0.000647, new_best=0.665231, reward=2.30
✓ [SUCCESS] Improvement! Δ=0.034407, new_best=0.665231, reward=7.19
---------------------------------
| rollout/           |          |
|    ep_len_mean     | 16       |
|    ep_rew_mean     | -54      |
| time/              |          |
|    episodes        | 844      |
|    fps             | 5        |
|    time_elapsed    | 2439     |
|    total_timesteps | 13504    |
---------------------------------
✓ [SUCCESS] Improvement! Δ=0.001515, new_best=0.715311, reward=2.32
✓ [SUCCESS] Improvement! Δ=0.001066, new_best=0.716377, reward=2.61
✓ [SUCCESS] Improvement! Δ=0.000647, new_best=0.665231, reward=2.30
---------------------------------
| rollout/           |          |
|    ep_len_mean     | 16       |
|    ep_rew_mean     | -53.9    |
| time/              |          |
|    episodes        | 848      |
|    fps             | 5        |
|    time_elapsed    | 2446     |
|    total_timesteps | 13568    |
---------------------------------
✓ [SUCCESS] Improvement! Δ=0.015024, new_best=0.665231, reward=5.91
✓ [SUCCESS] Improvement! Δ=0.050081, new_best=0.715311, reward=6.35
✓ [SUCCESS] Improvement! Δ=0.021299, new_best=0.665231, reward=5.21
✓ [SUCCESS] Improvement! Δ=0.048566, new_best=0.713796, reward=17.39
✓ [SUCCESS] Improvement! Δ=0.001515, new_best=0.715311, reward=1.57
✓ [SUCCESS] Improvement! Δ=0.026381, new_best=0.665231, reward=7.68
✓ [SUCCESS] Improvement! Δ=0.026551, new_best=0.665231, reward=6.70
✓ [SUCCESS] Improvement! Δ=0.044232, new_best=0.709463, reward=16.11
---------------------------------
| rollout/           |          |
|    ep_len_mean     | 16       |
|    ep_rew_mean     | -53.6    |
| time/              |          |
|    episodes        | 852      |
|    fps             | 5        |
|    time_elapsed    | 2452     |
|    total_timesteps | 13632    |
---------------------------------
✓ [SUCCESS] Improvement! Δ=0.021942, new_best=0.715311, reward=5.17
✓ [SUCCESS] Improvement! Δ=0.013500, new_best=0.665231, reward=6.14
✓ [SUCCESS] Improvement! Δ=0.044232, new_best=0.709463, reward=16.11
✓ [SUCCESS] Improvement! Δ=0.005849, new_best=0.715311, reward=1.67
---------------------------------
| rollout/           |          |
|    ep_len_mean     | 16       |
|    ep_rew_mean     | -55.1    |
| time/              |          |
|    episodes        | 856      |
|    fps             | 5        |
|    time_elapsed    | 2459     |
|    total_timesteps | 13696    |
---------------------------------
✓ [SUCCESS] Improvement! Δ=0.013675, new_best=0.665231, reward=5.00
✓ [SUCCESS] Improvement! Δ=0.010570, new_best=0.675800, reward=3.72
✓ [SUCCESS] Improvement! Δ=0.051998, new_best=0.665231, reward=15.10
✓ [SUCCESS] Improvement! Δ=0.002825, new_best=0.697674, reward=2.74
---------------------------------
| rollout/           |          |
|    ep_len_mean     | 16       |
|    ep_rew_mean     | -54.7    |
| time/              |          |
|    episodes        | 860      |
|    fps             | 5        |
|    time_elapsed    | 2465     |
|    total_timesteps | 13760    |
---------------------------------
✓ [SUCCESS] Improvement! Δ=0.114037, new_best=0.758871, reward=23.77
✓ [SUCCESS] Improvement! Δ=0.030603, new_best=0.665231, reward=9.34
---------------------------------
| rollout/           |          |
|    ep_len_mean     | 16       |
|    ep_rew_mean     | -55.5    |
| time/              |          |
|    episodes        | 864      |
|    fps             | 5        |
|    time_elapsed    | 2472     |
|    total_timesteps | 13824    |
---------------------------------
✓ [SUCCESS] Improvement! Δ=0.105494, new_best=0.709463, reward=28.84
---------------------------------
| rollout/           |          |
|    ep_len_mean     | 16       |
|    ep_rew_mean     | -56.4    |
| time/              |          |
|    episodes        | 868      |
|    fps             | 5        |
|    time_elapsed    | 2478     |
|    total_timesteps | 13888    |
---------------------------------
✓ [SUCCESS] Improvement! Δ=0.023535, new_best=0.665231, reward=7.28
✓ [SUCCESS] Improvement! Δ=0.050081, new_best=0.715311, reward=6.35
✓ [SUCCESS] Improvement! Δ=0.013500, new_best=0.665231, reward=3.62
✓ [SUCCESS] Improvement! Δ=0.044232, new_best=0.709463, reward=16.11
✓ [SUCCESS] Improvement! Δ=0.026393, new_best=0.654440, reward=9.09
---------------------------------
| rollout/           |          |
|    ep_len_mean     | 16       |
|    ep_rew_mean     | -56.1    |
| time/              |          |
|    episodes        | 872      |
|    fps             | 5        |
|    time_elapsed    | 2485     |
|    total_timesteps | 13952    |
---------------------------------
✓ [SUCCESS] Improvement! Δ=0.045938, new_best=0.665231, reward=12.19
✓ [SUCCESS] Improvement! Δ=0.048566, new_best=0.713796, reward=14.86
✓ [SUCCESS] Improvement! Δ=0.050236, new_best=0.665231, reward=6.37
✓ [SUCCESS] Improvement! Δ=0.050081, new_best=0.715311, reward=6.35
✓ [SUCCESS] Improvement! Δ=0.036888, new_best=0.715311, reward=8.67
---------------------------------
| rollout/           |          |
|    ep_len_mean     | 16       |
|    ep_rew_mean     | -56.4    |
| time/              |          |
|    episodes        | 876      |
|    fps             | 5        |
|    time_elapsed    | 2491     |
|    total_timesteps | 14016    |
---------------------------------
✓ [SUCCESS] Improvement! Δ=0.001324, new_best=0.715311, reward=1.20
✓ [SUCCESS] Improvement! Δ=0.019189, new_best=0.665231, reward=5.91
✓ [SUCCESS] Improvement! Δ=0.044232, new_best=0.709463, reward=11.26
✓ [SUCCESS] Improvement! Δ=0.012469, new_best=0.665231, reward=3.72
---------------------------------
| rollout/           |          |
|    ep_len_mean     | 16       |
|    ep_rew_mean     | -56.7    |
| time/              |          |
|    episodes        | 880      |
|    fps             | 5        |
|    time_elapsed    | 2498     |
|    total_timesteps | 14080    |
---------------------------------
✓ [SUCCESS] Improvement! Δ=0.007287, new_best=0.610910, reward=4.08
✓ [SUCCESS] Improvement! Δ=0.030966, new_best=0.641877, reward=8.77
✓ [SUCCESS] Improvement! Δ=0.026551, new_best=0.665231, reward=6.50
✓ [SUCCESS] Improvement! Δ=0.050081, new_best=0.715311, reward=6.35
---------------------------------
| rollout/           |          |
|    ep_len_mean     | 16       |
|    ep_rew_mean     | -57.2    |
| time/              |          |
|    episodes        | 884      |
|    fps             | 5        |
|    time_elapsed    | 2504     |
|    total_timesteps | 14144    |
---------------------------------
✓ [SUCCESS] Improvement! Δ=0.055583, new_best=0.665231, reward=14.16
✓ [SUCCESS] Improvement! Δ=0.050081, new_best=0.715311, reward=10.33
✓ [SUCCESS] Improvement! Δ=0.018859, new_best=0.665231, reward=7.53
✓ [SUCCESS] Improvement! Δ=0.050081, new_best=0.715311, reward=9.95
✓ [SUCCESS] Improvement! Δ=0.004334, new_best=0.713796, reward=4.26
---------------------------------
| rollout/           |          |
|    ep_len_mean     | 16       |
|    ep_rew_mean     | -55.1    |
| time/              |          |
|    episodes        | 888      |
|    fps             | 5        |
|    time_elapsed    | 2510     |
|    total_timesteps | 14208    |
---------------------------------
✓ [SUCCESS] Improvement! Δ=0.015821, new_best=0.657698, reward=2.73
✓ [SUCCESS] Improvement! Δ=0.047373, new_best=0.665231, reward=11.61
---------------------------------
| rollout/           |          |
|    ep_len_mean     | 16       |
|    ep_rew_mean     | -55.4    |
| time/              |          |
|    episodes        | 892      |
|    fps             | 5        |
|    time_elapsed    | 2517     |
|    total_timesteps | 14272    |
---------------------------------
✓ [SUCCESS] Improvement! Δ=0.039777, new_best=0.665231, reward=5.42
✓ [SUCCESS] Improvement! Δ=0.050081, new_best=0.715311, reward=10.07
✓ [SUCCESS] Improvement! Δ=0.052483, new_best=0.683859, reward=15.16
✓ [SUCCESS] Improvement! Δ=0.029937, new_best=0.713796, reward=11.86
✓ [SUCCESS] Improvement! Δ=0.001515, new_best=0.715311, reward=1.22
✓ [SUCCESS] Improvement! Δ=0.014990, new_best=0.665231, reward=3.27
---------------------------------
| rollout/           |          |
|    ep_len_mean     | 16       |
|    ep_rew_mean     | -54.4    |
| time/              |          |
|    episodes        | 896      |
|    fps             | 5        |
|    time_elapsed    | 2523     |
|    total_timesteps | 14336    |
---------------------------------
✓ [SUCCESS] Improvement! Δ=0.026551, new_best=0.665231, reward=6.70
✓ [SUCCESS] Improvement! Δ=0.010570, new_best=0.675800, reward=4.86
✓ [SUCCESS] Improvement! Δ=0.004206, new_best=0.665231, reward=2.61
✓ [SUCCESS] Improvement! Δ=0.009417, new_best=0.665231, reward=4.10
✓ [SUCCESS] Improvement! Δ=0.050081, new_best=0.715311, reward=8.29
---------------------------------
| rollout/           |          |
|    ep_len_mean     | 16       |
|    ep_rew_mean     | -54.6    |
| time/              |          |
|    episodes        | 900      |
|    fps             | 5        |
|    time_elapsed    | 2529     |
|    total_timesteps | 14400    |
---------------------------------
✓ [SUCCESS] Improvement! Δ=0.015196, new_best=0.665231, reward=4.23
✓ [SUCCESS] Improvement! Δ=0.044232, new_best=0.709463, reward=12.53
✓ [SUCCESS] Improvement! Δ=0.012326, new_best=0.715311, reward=3.84
✓ [SUCCESS] Improvement! Δ=0.048211, new_best=0.665231, reward=6.34
✓ [SUCCESS] Improvement! Δ=0.048566, new_best=0.713796, reward=17.39
---------------------------------
| rollout/           |          |
|    ep_len_mean     | 16       |
|    ep_rew_mean     | -52.8    |
| time/              |          |
|    episodes        | 904      |
|    fps             | 5        |
|    time_elapsed    | 2535     |
|    total_timesteps | 14464    |
---------------------------------
✓ [SUCCESS] Improvement! Δ=0.013500, new_best=0.665231, reward=6.14
✓ [SUCCESS] Improvement! Δ=0.035136, new_best=0.665231, reward=7.30
✓ [SUCCESS] Improvement! Δ=0.044232, new_best=0.709463, reward=16.11
✓ [SUCCESS] Improvement! Δ=0.028945, new_best=0.665231, reward=10.03
✓ [SUCCESS] Improvement! Δ=0.010570, new_best=0.675800, reward=4.86
✓ [SUCCESS] Improvement! Δ=0.004784, new_best=0.665231, reward=3.96
✓ [SUCCESS] Improvement! Δ=0.044232, new_best=0.709463, reward=16.11
---------------------------------
| rollout/           |          |
|    ep_len_mean     | 16       |
|    ep_rew_mean     | -51.9    |
| time/              |          |
|    episodes        | 908      |
|    fps             | 5        |
|    time_elapsed    | 2543     |
|    total_timesteps | 14528    |
---------------------------------
✓ [SUCCESS] Improvement! Δ=0.035607, new_best=0.709463, reward=11.39
✓ [SUCCESS] Improvement! Δ=0.028345, new_best=0.709463, reward=11.39
---------------------------------
| rollout/           |          |
|    ep_len_mean     | 16       |
|    ep_rew_mean     | -52.9    |
| time/              |          |
|    episodes        | 912      |
|    fps             | 5        |
|    time_elapsed    | 2551     |
|    total_timesteps | 14592    |
---------------------------------
✓ [SUCCESS] Improvement! Δ=0.010541, new_best=0.665231, reward=4.48
✓ [SUCCESS] Improvement! Δ=0.009313, new_best=0.665231, reward=2.27
---------------------------------
| rollout/           |          |
|    ep_len_mean     | 16       |
|    ep_rew_mean     | -53.8    |
| time/              |          |
|    episodes        | 916      |
|    fps             | 5        |
|    time_elapsed    | 2559     |
|    total_timesteps | 14656    |
---------------------------------
✓ [SUCCESS] Improvement! Δ=0.009417, new_best=0.665231, reward=4.10
✓ [SUCCESS] Improvement! Δ=0.044232, new_best=0.709463, reward=11.61
✓ [SUCCESS] Improvement! Δ=0.050655, new_best=0.709463, reward=13.31
✓ [SUCCESS] Improvement! Δ=0.044800, new_best=0.715311, reward=5.79
---------------------------------
| rollout/           |          |
|    ep_len_mean     | 16       |
|    ep_rew_mean     | -54.3    |
| time/              |          |
|    episodes        | 920      |
|    fps             | 5        |
|    time_elapsed    | 2567     |
|    total_timesteps | 14720    |
---------------------------------
✓ [SUCCESS] Improvement! Δ=0.001981, new_best=0.665231, reward=2.83
✓ [SUCCESS] Improvement! Δ=0.046787, new_best=0.657698, reward=8.98
✓ [SUCCESS] Improvement! Δ=0.000968, new_best=0.658666, reward=2.21
✓ [SUCCESS] Improvement! Δ=0.041456, new_best=0.715311, reward=5.44
---------------------------------
| rollout/           |          |
|    ep_len_mean     | 16       |
|    ep_rew_mean     | -53.9    |
| time/              |          |
|    episodes        | 924      |
|    fps             | 5        |
|    time_elapsed    | 2576     |
|    total_timesteps | 14784    |
---------------------------------
✓ [SUCCESS] Improvement! Δ=0.009417, new_best=0.665231, reward=3.76
---------------------------------
| rollout/           |          |
|    ep_len_mean     | 16       |
|    ep_rew_mean     | -54      |
| time/              |          |
|    episodes        | 928      |
|    fps             | 5        |
|    time_elapsed    | 2584     |
|    total_timesteps | 14848    |
---------------------------------
✓ [SUCCESS] Improvement! Δ=0.000088, new_best=0.665231, reward=2.28
✓ [SUCCESS] Improvement! Δ=0.007832, new_best=0.665231, reward=2.67
✓ [SUCCESS] Improvement! Δ=0.044232, new_best=0.709463, reward=12.57
---------------------------------
| rollout/           |          |
|    ep_len_mean     | 16       |
|    ep_rew_mean     | -53.8    |
| time/              |          |
|    episodes        | 932      |
|    fps             | 5        |
|    time_elapsed    | 2592     |
|    total_timesteps | 14912    |
---------------------------------
✓ [SUCCESS] Improvement! Δ=0.028607, new_best=0.665231, reward=9.94
✓ [SUCCESS] Improvement! Δ=0.046787, new_best=0.657698, reward=6.00
✓ [SUCCESS] Improvement! Δ=0.035136, new_best=0.665231, reward=7.30
✓ [SUCCESS] Improvement! Δ=0.050081, new_best=0.715311, reward=12.12
---------------------------------
| rollout/           |          |
|    ep_len_mean     | 16       |
|    ep_rew_mean     | -53.5    |
| time/              |          |
|    episodes        | 936      |
|    fps             | 5        |
|    time_elapsed    | 2601     |
|    total_timesteps | 14976    |
---------------------------------
✓ [SUCCESS] Improvement! Δ=0.009313, new_best=0.665231, reward=4.60
✓ [SUCCESS] Improvement! Δ=0.044232, new_best=0.709463, reward=11.09
✓ [SUCCESS] Improvement! Δ=0.047755, new_best=0.658666, reward=13.38
---------------------------------
| rollout/           |          |
|    ep_len_mean     | 16       |
|    ep_rew_mean     | -53.6    |
| time/              |          |
|    episodes        | 940      |
|    fps             | 5        |
|    time_elapsed    | 2609     |
|    total_timesteps | 15040    |
---------------------------------
✓ [SUCCESS] Improvement! Δ=0.036888, new_best=0.715311, reward=7.22
✓ [SUCCESS] Improvement! Δ=0.044821, new_best=0.665231, reward=14.17
✓ [SUCCESS] Improvement! Δ=0.020303, new_best=0.715311, reward=5.21
---------------------------------
| rollout/           |          |
|    ep_len_mean     | 16       |
|    ep_rew_mean     | -53.7    |
| time/              |          |
|    episodes        | 944      |
|    fps             | 5        |
|    time_elapsed    | 2617     |
|    total_timesteps | 15104    |
---------------------------------
✓ [SUCCESS] Improvement! Δ=0.036508, new_best=0.665231, reward=12.70
✓ [SUCCESS] Improvement! Δ=0.050081, new_best=0.715311, reward=6.35
✓ [SUCCESS] Improvement! Δ=0.048079, new_best=0.665231, reward=11.76
✓ [SUCCESS] Improvement! Δ=0.018982, new_best=0.665231, reward=5.45
✓ [SUCCESS] Improvement! Δ=0.050081, new_best=0.715311, reward=6.35
✓ [SUCCESS] Improvement! Δ=0.028332, new_best=0.665231, reward=8.51
✓ [SUCCESS] Improvement! Δ=0.044232, new_best=0.709463, reward=16.11
---------------------------------
| rollout/           |          |
|    ep_len_mean     | 16       |
|    ep_rew_mean     | -52.8    |
| time/              |          |
|    episodes        | 948      |
|    fps             | 5        |
|    time_elapsed    | 2625     |
|    total_timesteps | 15168    |
---------------------------------
✓ [SUCCESS] Improvement! Δ=0.025998, new_best=0.665231, reward=5.99
✓ [SUCCESS] Improvement! Δ=0.050081, new_best=0.715311, reward=6.35
✓ [SUCCESS] Improvement! Δ=0.004473, new_best=0.665231, reward=3.78
✓ [SUCCESS] Improvement! Δ=0.046787, new_best=0.657698, reward=11.75
✓ [SUCCESS] Improvement! Δ=0.033855, new_best=0.665231, reward=11.46
✓ [SUCCESS] Improvement! Δ=0.050081, new_best=0.715311, reward=7.09
---------------------------------
| rollout/           |          |
|    ep_len_mean     | 16       |
|    ep_rew_mean     | -53      |
| time/              |          |
|    episodes        | 952      |
|    fps             | 5        |
|    time_elapsed    | 2634     |
|    total_timesteps | 15232    |
---------------------------------
✓ [SUCCESS] Improvement! Δ=0.000088, new_best=0.665231, reward=2.28
✓ [SUCCESS] Improvement! Δ=0.039511, new_best=0.715311, reward=5.23
✓ [SUCCESS] Improvement! Δ=0.006423, new_best=0.665231, reward=3.39
✓ [SUCCESS] Improvement! Δ=0.048566, new_best=0.713796, reward=15.08
---------------------------------
| rollout/           |          |
|    ep_len_mean     | 16       |
|    ep_rew_mean     | -51.8    |
| time/              |          |
|    episodes        | 956      |
|    fps             | 5        |
|    time_elapsed    | 2642     |
|    total_timesteps | 15296    |
---------------------------------
✓ [SUCCESS] Improvement! Δ=0.002150, new_best=0.610910, reward=2.74
✓ [SUCCESS] Improvement! Δ=0.043529, new_best=0.654440, reward=13.37
✓ [SUCCESS] Improvement! Δ=0.003258, new_best=0.657698, reward=1.40
✓ [SUCCESS] Improvement! Δ=0.096231, new_best=0.709463, reward=22.06
---------------------------------
| rollout/           |          |
|    ep_len_mean     | 16       |
|    ep_rew_mean     | -53.2    |
| time/              |          |
|    episodes        | 960      |
|    fps             | 5        |
|    time_elapsed    | 2650     |
|    total_timesteps | 15360    |
---------------------------------
✓ [SUCCESS] Improvement! Δ=0.049956, new_best=0.665231, reward=10.29
✓ [SUCCESS] Improvement! Δ=0.050081, new_best=0.715311, reward=10.07
✓ [SUCCESS] Improvement! Δ=0.001324, new_best=0.715311, reward=1.20
✓ [SUCCESS] Improvement! Δ=0.039511, new_best=0.715311, reward=5.23
✓ [SUCCESS] Improvement! Δ=0.004784, new_best=0.665231, reward=2.99
✓ [SUCCESS] Improvement! Δ=0.050081, new_best=0.715311, reward=6.35
---------------------------------
| rollout/           |          |
|    ep_len_mean     | 16       |
|    ep_rew_mean     | -52.5    |
| time/              |          |
|    episodes        | 964      |
|    fps             | 5        |
|    time_elapsed    | 2658     |
|    total_timesteps | 15424    |
---------------------------------
✓ [SUCCESS] Improvement! Δ=0.058974, new_best=0.665231, reward=12.43
✓ [SUCCESS] Improvement! Δ=0.067087, new_best=0.715311, reward=12.77
✓ [SUCCESS] Improvement! Δ=0.045938, new_best=0.665231, reward=12.63
✓ [SUCCESS] Improvement! Δ=0.097872, new_best=0.763103, reward=21.72
---------------------------------
| rollout/           |          |
|    ep_len_mean     | 16       |
|    ep_rew_mean     | -51      |
| time/              |          |
|    episodes        | 968      |
|    fps             | 5        |
|    time_elapsed    | 2666     |
|    total_timesteps | 15488    |
---------------------------------
✓ [SUCCESS] Improvement! Δ=0.026551, new_best=0.665231, reward=8.17
✓ [SUCCESS] Improvement! Δ=0.048566, new_best=0.713796, reward=11.86
✓ [SUCCESS] Improvement! Δ=0.005283, new_best=0.654689, reward=4.54
✓ [SUCCESS] Improvement! Δ=0.010541, new_best=0.665231, reward=2.57
✓ [SUCCESS] Improvement! Δ=0.010344, new_best=0.665231, reward=3.76
---------------------------------
| rollout/           |          |
|    ep_len_mean     | 16       |
|    ep_rew_mean     | -50.8    |
| time/              |          |
|    episodes        | 972      |
|    fps             | 5        |
|    time_elapsed    | 2675     |
|    total_timesteps | 15552    |
---------------------------------
✓ [SUCCESS] Improvement! Δ=0.025998, new_best=0.665231, reward=6.60
✓ [SUCCESS] Improvement! Δ=0.048566, new_best=0.713796, reward=17.39
✓ [SUCCESS] Improvement! Δ=0.047000, new_best=0.665231, reward=10.30
✓ [SUCCESS] Improvement! Δ=0.039777, new_best=0.665231, reward=6.23
---------------------------------
| rollout/           |          |
|    ep_len_mean     | 16       |
|    ep_rew_mean     | -50.3    |
| time/              |          |
|    episodes        | 976      |
|    fps             | 5        |
|    time_elapsed    | 2683     |
|    total_timesteps | 15616    |
---------------------------------
✓ [SUCCESS] Improvement! Δ=0.014990, new_best=0.665231, reward=3.27
✓ [SUCCESS] Improvement! Δ=0.004206, new_best=0.665231, reward=2.88
✓ [SUCCESS] Improvement! Δ=0.050081, new_best=0.715311, reward=10.07
✓ [SUCCESS] Improvement! Δ=0.048847, new_best=0.715311, reward=6.22
---------------------------------
| rollout/           |          |
|    ep_len_mean     | 16       |
|    ep_rew_mean     | -50.2    |
| time/              |          |
|    episodes        | 980      |
|    fps             | 5        |
|    time_elapsed    | 2691     |
|    total_timesteps | 15680    |
---------------------------------
✓ [SUCCESS] Improvement! Δ=0.005849, new_best=0.715311, reward=1.67
✓ [SUCCESS] Improvement! Δ=0.049235, new_best=0.665231, reward=12.79
✓ [SUCCESS] Improvement! Δ=0.026381, new_best=0.665231, reward=9.07
✓ [SUCCESS] Improvement! Δ=0.044232, new_best=0.709463, reward=16.11
✓ [SUCCESS] Improvement! Δ=0.051998, new_best=0.665231, reward=7.77
✓ [SUCCESS] Improvement! Δ=0.048566, new_best=0.713796, reward=17.39
---------------------------------
| rollout/           |          |
|    ep_len_mean     | 16       |
|    ep_rew_mean     | -49.1    |
| time/              |          |
|    episodes        | 984      |
|    fps             | 5        |
|    time_elapsed    | 2700     |
|    total_timesteps | 15744    |
---------------------------------
✓ [SUCCESS] Improvement! Δ=0.016435, new_best=0.665231, reward=6.13
✓ [SUCCESS] Improvement! Δ=0.022848, new_best=0.665231, reward=6.65
✓ [SUCCESS] Improvement! Δ=0.050081, new_best=0.715311, reward=6.35
✓ [SUCCESS] Improvement! Δ=0.047792, new_best=0.763103, reward=12.56
✓ [SUCCESS] Improvement! Δ=0.035598, new_best=0.665231, reward=5.40
---------------------------------
| rollout/           |          |
|    ep_len_mean     | 16       |
|    ep_rew_mean     | -49.6    |
| time/              |          |
|    episodes        | 988      |
|    fps             | 5        |
|    time_elapsed    | 2708     |
|    total_timesteps | 15808    |
---------------------------------
✓ [SUCCESS] Improvement! Δ=0.028811, new_best=0.640831, reward=11.53
✓ [SUCCESS] Improvement! Δ=0.079259, new_best=0.707306, reward=17.97
✓ [SUCCESS] Improvement! Δ=0.022848, new_best=0.665231, reward=3.87
✓ [SUCCESS] Improvement! Δ=0.044232, new_best=0.709463, reward=16.11
---------------------------------
| rollout/           |          |
|    ep_len_mean     | 16       |
|    ep_rew_mean     | -49      |
| time/              |          |
|    episodes        | 992      |
|    fps             | 5        |
|    time_elapsed    | 2716     |
|    total_timesteps | 15872    |
---------------------------------
✓ [SUCCESS] Improvement! Δ=0.004784, new_best=0.665231, reward=3.96
✓ [SUCCESS] Improvement! Δ=0.050081, new_best=0.715311, reward=7.11
✓ [SUCCESS] Improvement! Δ=0.044736, new_best=0.713796, reward=12.68
✓ [SUCCESS] Improvement! Δ=0.017007, new_best=0.665231, reward=5.47
✓ [SUCCESS] Improvement! Δ=0.044232, new_best=0.709463, reward=14.51
---------------------------------
| rollout/           |          |
|    ep_len_mean     | 16       |
|    ep_rew_mean     | -50      |
| time/              |          |
|    episodes        | 996      |
|    fps             | 5        |
|    time_elapsed    | 2725     |
|    total_timesteps | 15936    |
---------------------------------
✓ [SUCCESS] Improvement! Δ=0.033855, new_best=0.665231, reward=9.89
✓ [SUCCESS] Improvement! Δ=0.044232, new_best=0.709463, reward=16.11
✓ [SUCCESS] Improvement! Δ=0.033855, new_best=0.665231, reward=8.09
---------------------------------
| rollout/           |          |
|    ep_len_mean     | 16       |
|    ep_rew_mean     | -50.5    |
| time/              |          |
|    episodes        | 1000     |
|    fps             | 5        |
|    time_elapsed    | 2733     |
|    total_timesteps | 16000    |
---------------------------------
✓ [SUCCESS] Improvement! Δ=0.048506, new_best=0.693673, reward=11.57
✓ [SUCCESS] Improvement! Δ=0.001452, new_best=0.695124, reward=2.31
✓ [SUCCESS] Improvement! Δ=0.001452, new_best=0.695124, reward=1.21
✓ [SUCCESS] Improvement! Δ=0.004206, new_best=0.665231, reward=2.88
---------------------------------
| rollout/           |          |
|    ep_len_mean     | 16       |
|    ep_rew_mean     | -50.9    |
| time/              |          |
|    episodes        | 1004     |
|    fps             | 5        |
|    time_elapsed    | 2741     |
|    total_timesteps | 16064    |
---------------------------------
✓ [SUCCESS] Improvement! Δ=0.047373, new_best=0.665231, reward=15.00
✓ [SUCCESS] Improvement! Δ=0.048566, new_best=0.713796, reward=12.06
✓ [SUCCESS] Improvement! Δ=0.044232, new_best=0.689399, reward=16.11
✓ [SUCCESS] Improvement! Δ=0.025912, new_best=0.715311, reward=4.89
✓ [SUCCESS] Improvement! Δ=0.028945, new_best=0.665231, reward=8.20
✓ [SUCCESS] Improvement! Δ=0.050081, new_best=0.715311, reward=9.26
---------------------------------
| rollout/           |          |
|    ep_len_mean     | 16       |
|    ep_rew_mean     | -52.3    |
| time/              |          |
|    episodes        | 1008     |
|    fps             | 5        |
|    time_elapsed    | 2749     |
|    total_timesteps | 16128    |
---------------------------------
✓ [SUCCESS] Improvement! Δ=0.050236, new_best=0.665231, reward=10.03
✓ [SUCCESS] Improvement! Δ=0.044232, new_best=0.709463, reward=16.11
✓ [SUCCESS] Improvement! Δ=0.020187, new_best=0.715311, reward=4.85
✓ [SUCCESS] Improvement! Δ=0.014455, new_best=0.709463, reward=5.49
---------------------------------
| rollout/           |          |
|    ep_len_mean     | 16       |
|    ep_rew_mean     | -51.6    |
| time/              |          |
|    episodes        | 1012     |
|    fps             | 5        |
|    time_elapsed    | 2758     |
|    total_timesteps | 16192    |
---------------------------------
✓ [SUCCESS] Improvement! Δ=0.025998, new_best=0.665231, reward=6.60
✓ [SUCCESS] Improvement! Δ=0.050081, new_best=0.715311, reward=9.26
---------------------------------
| rollout/           |          |
|    ep_len_mean     | 16       |
|    ep_rew_mean     | -52.3    |
| time/              |          |
|    episodes        | 1016     |
|    fps             | 5        |
|    time_elapsed    | 2766     |
|    total_timesteps | 16256    |
---------------------------------
✓ [SUCCESS] Improvement! Δ=0.053649, new_best=0.709463, reward=17.38
✓ [SUCCESS] Improvement! Δ=0.000088, new_best=0.665231, reward=1.57
✓ [SUCCESS] Improvement! Δ=0.020111, new_best=0.715311, reward=5.40
---------------------------------
| rollout/           |          |
|    ep_len_mean     | 16       |
|    ep_rew_mean     | -51.8    |
| time/              |          |
|    episodes        | 1020     |
|    fps             | 5        |
|    time_elapsed    | 2774     |
|    total_timesteps | 16320    |
---------------------------------
✓ [SUCCESS] Improvement! Δ=0.021942, new_best=0.715311, reward=3.38
✓ [SUCCESS] Improvement! Δ=0.010344, new_best=0.665231, reward=4.80
✓ [SUCCESS] Improvement! Δ=0.027429, new_best=0.665231, reward=7.60
✓ [SUCCESS] Improvement! Δ=0.044232, new_best=0.709463, reward=14.51
---------------------------------
| rollout/           |          |
|    ep_len_mean     | 16       |
|    ep_rew_mean     | -52.1    |
| time/              |          |
|    episodes        | 1024     |
|    fps             | 5        |
|    time_elapsed    | 2782     |
|    total_timesteps | 16384    |
---------------------------------

================================================================================
EVALUATION METRICS - Round 4
================================================================================
Current Round Statistics:
  Average Fitness (top-128): -4.341018
  Diversity: 3.000000
  Novelty: 1.000000
  Highest in batch: 3.000000

Global Statistics:
  Global Maximum Fitness (normalized): 0.809917
  Initial Maximum Fitness: 0.311339
  Absolute Improvement: 0.498578
  Percentage Improvement: 160.14%
  Total Unique Sequences Discovered: 209
  Total Oracle Calls: 15360

  Buffer Status:
    Best in current pool: 0.809917
    Global best (tracked): 0.809917

Top 10 Discovered Sequences:
  1. Fitness: 0.809917 | Seq: DIYAICACCKVESKNEGKKNEVFNNYTFRGLGNKGVLPWKCNSLDMKYFCAVTTYVNESKYEKLKYKRCKYLNKETVDNVNDMPNSKKLQNVVVMGRTSWESIPKNFKPLSNRINIILSRTLKKEDFDEDVYIINKVEDLIVLLGKLNYYKCFIIGGSVVYQEFLEKKLIKKIYFTRINSTYECDVFFPEINENEFQIISVSDVYTSNNTTLDFIIYKK
  2. Fitness: 0.763103 | Seq: DIYAICACCKVESKNEGKKNEVFNNYTFRGLGNKGVLPWKCNSLDMKYFCAVTTYVNESKYEKLKYKRCKYLNKETVDNVNDMPNSKKLQNVVVMGRTSWESIPKKFKPLSNRINIILSRTLKKEDFDEDVYIINKVEDLIVLLGKLNYYKCFIIGGSVVYQEFLEKKLIKKIYFTRINSTYECDVFFPEINENEWQIISVSDVYTSNNTTLDFIIYKK
  3. Fitness: 0.760585 | Seq: DIYAICACCKVESKNEGKKNEVFNNYTFRGLGNKGVLPWKCNSLDMKYFCAVTTYVNESKYEKLKYKRCKYLNKETVDNVNDMPNSKKLQNVVVMGRTSWESIPKNFKPLSNRINVILSRTLKKEDFDEDVYIINKVEDLIVLLGKLNYYKCFIIGGSVVYQEFLEKKLIKKIYFTRINSTYECDVFFPEINENEFQIISVSDVYTSNNTTLDFIIYKK
  4. Fitness: 0.758871 | Seq: DIYAICACCKVESKNEGKKNEVFNNYTFRGLGNKGVLPWKCNSLDMKYFCAVTTYVNESKYEKLKYKRCKYLNKETVDNVNDMPNSKKLQNVVVMGRTSWESIPKKFKPLSNRINIILSRTLKKEDFDEDVYIINKVEDLIVLLGKLNYYKCFIIGGSVVYQEFLEKKLIKKIYFTRINSTYECDVFFPEINENEFQIISVSDVYTSNNTTLDFIIYKK
  5. Fitness: 0.739303 | Seq: DIYAICACCKVESKNEGKKNEVFNNYTFRGLGNKGVLPWKCNSLDMKYFCAVTTYVNESKYEKLKYKRCKYLNKETVDNVNDMPNSKKLQNVVIMGRTSWESIPKKFKPLSNRINIILSRTLKKEDFDEDVYIINKVEDLIVLLGKLNYYKCFIIGGSVVYQEFLEKKLIKKIYFTRINSTYECDVFFPEINENEFQIISVSDVYTSNNTTLDFIIYKK
  6. Fitness: 0.732303 | Seq: DIYAICACCKVESKNEGKKNEVFNNYTFRGLGNKGVLPWKCNSLDMKYFCAVTTYVNESKYEKLKYKRCKYLNKETVDNVNDMPNSKKLQNVVVMGRTSWESIPKQFKPLSNRINVILSRTLKKEDFDEDVYIINKVEDLIVLLGKLNYYKCFIIGGSVVYQEFLEKKLIKKIYFTRINSTYECDVFFPEINENEWQIISVSDVYTSNNTTLDFIIYKK
  7. Fitness: 0.724302 | Seq: DIYAICACCKVESKNEGKKNEVFNNYTFRGLGNKGVLPWKCNSLDMKYFCAVTTYVNESKYEKLKYKRCKYLNKETVDNVNDMPNSKKLQNVVVMGRTSWESIPKDFKPLSNRINVILSRTLKKEDFDEDVYIINKVEDLIVLLGKLNYYKCFIIGGSVVYQEFLEKKLIKKIYFTRINSTYECDVFFPEINENEYQIISVSDVYTSNNTTLDFIIYKK
  8. Fitness: 0.720032 | Seq: DIYAICACCKVESKNEGKKNEVFNNYTFRGLGNKGVLPWKCNSLDMKYFCAVTTYVNESKYEKLKYKRCKYLNKETVDNVNDMPNSKKLQNVVVMGRTSWESIPKRFKPLSNRINVILSRTLKKEDFDEDVYIINKVEDLIVLLGKLNYYKCFIIGGSVVYQEFLEKKLIKKIYFTRINSTYECDVFFPEINENEFQIISVSDVYTSNNTTLDFIIYKK
  9. Fitness: 0.716377 | Seq: DIYAICACCKVESKNEGKKNEVFNNYTFRGLGNKGVLPWKCNSLDMKYFCAVTTYVNESKYEKLKYKRCKYLNKETVDNVNDMPNSKKLQNVVVMGRTSWESIPKNFKPLSNRINVILSRTLKKEDFDEDVYIINKVEDLIVLLGKLNYYKCFIIGGSVVYQEFLEKKLIKKIYFTRINSTYECDVFFPEINENEYQIISVSDVYTSNNTTLDFIIYKK
  10. Fitness: 0.715311 | Seq: DIYAICACCKVESKNEGKKNEVFNNYTFRGLGNKGVLPWKCNSLDMKYFCAVTTYVNESKYEKLKYKRCKYLNKETVDNVNDMPNSKKLQNVVVMGRTSWESIPKKFKPLSNRINIILSRTLKKEDFDEDVYIINKVEDLIVLLGKLNYYKCFIIGGSVVYQEFLEKKLIKKIYFTRINSTYECDVFFPEINENEYQIISVSDVYTSNNTTLDFIIYKK
================================================================================


################################################################################
FINAL RESEARCH PAPER METRICS - DHFR OPTIMIZATION
################################################################################

Key Results:
  Initial Maximum Fitness: 0.311339
  Global Maximum Fitness Achieved: 0.809917
  Absolute Improvement: 0.498578
  Percentage Improvement: 160.14%

Exploration Statistics:
  Total Rounds Completed: 4
  Total Oracle Calls: 15360
  Total Sequences Evaluated: 512
  Total Unique Sequences: 209

Top 20 Sequences Discovered:
  Rank 1: Fitness = 0.809917
         Sequence = DIYAICACCKVESKNEGKKNEVFNNYTFRGLGNKGVLPWKCNSLDMKYFCAVTTYVNESKYEKLKYKRCKYLNKETVDNVNDMPNSKKLQNVVVMGRTSWESIPKNFKPLSNRINIILSRTLKKEDFDEDVYIINKVEDLIVLLGKLNYYKCFIIGGSVVYQEFLEKKLIKKIYFTRINSTYECDVFFPEINENEFQIISVSDVYTSNNTTLDFIIYKK
  Rank 2: Fitness = 0.763103
         Sequence = DIYAICACCKVESKNEGKKNEVFNNYTFRGLGNKGVLPWKCNSLDMKYFCAVTTYVNESKYEKLKYKRCKYLNKETVDNVNDMPNSKKLQNVVVMGRTSWESIPKKFKPLSNRINIILSRTLKKEDFDEDVYIINKVEDLIVLLGKLNYYKCFIIGGSVVYQEFLEKKLIKKIYFTRINSTYECDVFFPEINENEWQIISVSDVYTSNNTTLDFIIYKK
  Rank 3: Fitness = 0.760585
         Sequence = DIYAICACCKVESKNEGKKNEVFNNYTFRGLGNKGVLPWKCNSLDMKYFCAVTTYVNESKYEKLKYKRCKYLNKETVDNVNDMPNSKKLQNVVVMGRTSWESIPKNFKPLSNRINVILSRTLKKEDFDEDVYIINKVEDLIVLLGKLNYYKCFIIGGSVVYQEFLEKKLIKKIYFTRINSTYECDVFFPEINENEFQIISVSDVYTSNNTTLDFIIYKK
  Rank 4: Fitness = 0.758871
         Sequence = DIYAICACCKVESKNEGKKNEVFNNYTFRGLGNKGVLPWKCNSLDMKYFCAVTTYVNESKYEKLKYKRCKYLNKETVDNVNDMPNSKKLQNVVVMGRTSWESIPKKFKPLSNRINIILSRTLKKEDFDEDVYIINKVEDLIVLLGKLNYYKCFIIGGSVVYQEFLEKKLIKKIYFTRINSTYECDVFFPEINENEFQIISVSDVYTSNNTTLDFIIYKK
  Rank 5: Fitness = 0.739303
         Sequence = DIYAICACCKVESKNEGKKNEVFNNYTFRGLGNKGVLPWKCNSLDMKYFCAVTTYVNESKYEKLKYKRCKYLNKETVDNVNDMPNSKKLQNVVIMGRTSWESIPKKFKPLSNRINIILSRTLKKEDFDEDVYIINKVEDLIVLLGKLNYYKCFIIGGSVVYQEFLEKKLIKKIYFTRINSTYECDVFFPEINENEFQIISVSDVYTSNNTTLDFIIYKK
  Rank 6: Fitness = 0.732303
         Sequence = DIYAICACCKVESKNEGKKNEVFNNYTFRGLGNKGVLPWKCNSLDMKYFCAVTTYVNESKYEKLKYKRCKYLNKETVDNVNDMPNSKKLQNVVVMGRTSWESIPKQFKPLSNRINVILSRTLKKEDFDEDVYIINKVEDLIVLLGKLNYYKCFIIGGSVVYQEFLEKKLIKKIYFTRINSTYECDVFFPEINENEWQIISVSDVYTSNNTTLDFIIYKK
  Rank 7: Fitness = 0.724302
         Sequence = DIYAICACCKVESKNEGKKNEVFNNYTFRGLGNKGVLPWKCNSLDMKYFCAVTTYVNESKYEKLKYKRCKYLNKETVDNVNDMPNSKKLQNVVVMGRTSWESIPKDFKPLSNRINVILSRTLKKEDFDEDVYIINKVEDLIVLLGKLNYYKCFIIGGSVVYQEFLEKKLIKKIYFTRINSTYECDVFFPEINENEYQIISVSDVYTSNNTTLDFIIYKK
  Rank 8: Fitness = 0.720032
         Sequence = DIYAICACCKVESKNEGKKNEVFNNYTFRGLGNKGVLPWKCNSLDMKYFCAVTTYVNESKYEKLKYKRCKYLNKETVDNVNDMPNSKKLQNVVVMGRTSWESIPKRFKPLSNRINVILSRTLKKEDFDEDVYIINKVEDLIVLLGKLNYYKCFIIGGSVVYQEFLEKKLIKKIYFTRINSTYECDVFFPEINENEFQIISVSDVYTSNNTTLDFIIYKK
  Rank 9: Fitness = 0.716377
         Sequence = DIYAICACCKVESKNEGKKNEVFNNYTFRGLGNKGVLPWKCNSLDMKYFCAVTTYVNESKYEKLKYKRCKYLNKETVDNVNDMPNSKKLQNVVVMGRTSWESIPKNFKPLSNRINVILSRTLKKEDFDEDVYIINKVEDLIVLLGKLNYYKCFIIGGSVVYQEFLEKKLIKKIYFTRINSTYECDVFFPEINENEYQIISVSDVYTSNNTTLDFIIYKK
  Rank 10: Fitness = 0.715311
         Sequence = DIYAICACCKVESKNEGKKNEVFNNYTFRGLGNKGVLPWKCNSLDMKYFCAVTTYVNESKYEKLKYKRCKYLNKETVDNVNDMPNSKKLQNVVVMGRTSWESIPKKFKPLSNRINIILSRTLKKEDFDEDVYIINKVEDLIVLLGKLNYYKCFIIGGSVVYQEFLEKKLIKKIYFTRINSTYECDVFFPEINENEYQIISVSDVYTSNNTTLDFIIYKK
  Rank 11: Fitness = 0.713987
         Sequence = DIYAICACCKVESKNEGKKNEVFNNYTFRGLGNKGVLPWKCNSLDMKYFCAVTTYVNESKYEKLKYKRCKYLNKETVDNVNDMPNSKKLQNVVVMGRTSWESIPKEFKPLSNRINVILSRTLKKEDFDEDVYIINKVEDLIVLLGKLNYYKCFIIGGSVVYQEFLEKKLIKKIYFTRINSTYECDVFFPEINENEYQIISVSDVYTSNNTTLDFIIYKK
  Rank 12: Fitness = 0.713796
         Sequence = DIYAICACCKVESKNEGKKNEVFNNYTFRGLGNKGVLPWKCNSLDMKYFCAVTTYVNESKYEKLKYKRCKYLNKETVDNVNDMPNSKKLQNVVVMGRTSWESIPKKFKPLSNRINVILSRTLKKEDFDEDVYIINKVEDLIVLLGKLNYYKCFIIGGSVVYQEFLEKKLIKKIYFTRINSTYECDVFFPEINENEWQIISVSDVYTSNNTTLDFIIYKK
  Rank 13: Fitness = 0.713509
         Sequence = DIYAICACCKVESKNEGKKNEVFNNYTFRGLGNKGVLPWKCNSLDMKYFCAVTTYVNESKYEKLKYKRCKYLNKETVDNVNDMPNSKKLQNVVVMGRTSWESIPKKFKPLSNRINIILSRTLKKEDFDEDVYIINKVEELIVLLGKLNYYKCFIIGGSVVYQEFLEKKLIKKIYFTRINSTYECDVFFPEINENEWQIISVSDVYTSNNTTLDFIIYKK
  Rank 14: Fitness = 0.713351
         Sequence = DIYAICACCKVESKNEGKKNEVFNNYTFRGLGNKGVLPWKCNSLDMKYFCAVTTYVNESKYEKLKYKRCKYLNKETVDNVNDMPNSKKLQNVVVMGRTSWESIPKKFKPLSNRINIILSRTLKKEDFDEDVYIINKVEDLIVLLGKLNYYKCFIIGGSVVYQEFLEKKLIKKIYFTRINSTYECDVFFPEYNENEYQIISVSDVYTSNNTTLDFIIYKK
  Rank 15: Fitness = 0.709463
         Sequence = DIYAICACCKVESKNEGKKNEVFNNYTFRGLGNKGVLPWKCNSLDMKYFCAVTTYVNESKYEKLKYKRCKYLNKETVDNVNDMPNSKKLQNVVVMGRTSWESIPKKFKPLSNRINVILSRTLKKEDFDEDVYIINKVEDLIVLLGKLNYYKCFIIGGSVVYQEFLEKKLIKKIYFTRINSTYECDVFFPEINENEFQIISVSDVYTSNNTTLDFIIYKK
  Rank 16: Fitness = 0.707306
         Sequence = DIYAICACCKVESKNEGKKNEVFNNYTFRGLLNKGVLPWKCNSLDMKYFCAVTTYVNESKYEKLKYKRCKYLNKETVDNVNDMPNSKKLQNVVVMGRTSWESIPKKFKPLSNRINIILSRTLKKEDFDEDVYIINKVEDLIVLLGKLNYYKCFIIGGSVVYQEFLEKKLIKKIYFTRINSTYECDVFFPEINENEWQIISVSDVYTSNNTTLDFIIYKK
  Rank 17: Fitness = 0.706338
wandb: 
wandb: Run history:
wandb:   Cumulative Best ▁▁▄▄▄▄▅▅▅▅▅█████████████████████████████
wandb: Cumulative Reward █████▇▇▇▇▇▆▆▆▆▆▆▅▅▅▅▅▅▅▄▄▄▄▃▃▃▂▂▂▂▂▂▂▁▁▁
wandb:           Fitness ▄██▅▃█▆█▄██▅█████▃█▇▇█▁▇██▆▇▇▇▅▅▃█▃▃█▇██
wandb:    eval/diversity ▁▁▁▁
wandb:      eval/fitness ▁▅▇█
wandb:         eval/high ▁▁▁▁
wandb:      eval/novelty ▁▁▁▁
wandb:        eval/round ▁▃▆█
wandb: 
wandb: Run summary:
wandb:   Cumulative Best 0.80992
wandb: Cumulative Reward -51331.89674
wandb:           Fitness 0.7323
wandb:    eval/diversity 3
wandb:      eval/fitness 0.65788
wandb:         eval/high 3
wandb:      eval/novelty 1
wandb:        eval/round 3
wandb: 
wandb: You can sync this run to the cloud by running:
wandb: wandb sync ~/basework/LatProtRL/wandb/offline-run-20260408_041933-qilipu7i
wandb: Find logs at: ./wandb/offline-run-20260408_041933-qilipu7i/logs
         Sequence = DIYAICACCKVESKNEGKKNEVFNNYTFRGLGNKGVLPWKCNSLDMKYFCAVTTYVNESKYEKLKYKRCKYLNKETVDNVNDMPNSKKLQNVVVMGRTSWESIPKKFKPLSDRINIILSRTLKKEDFDEDVYIINKVEDLIVLLGKLNYYKCFIIGGSVVYQEFLEKKLIKKIYFTRINSTYECDVFFPEINENEWQIISVSDVYTSNNTTLDFIIYKK
  Rank 18: Fitness = 0.702986
         Sequence = DIYAICACCKVESKNEGKKNEVFNNYTFRGLGNKGVLPWKCNSLDMKYFCAVTTYVNESKYEKLKYKRCKYLNKETVDNVNDMPNSKKLQNVVVMGRTSWESIPKTFKPLSNRINVILSRTLKKEDFDEDVYIINKVEDLIVLLGKLNYYKCFIIGGSVVYQEFLEKKLIKKIYFTRINSTYECDVFFPEINENEWQIISVSDVYTSNNTTLDFIIYKK
  Rank 19: Fitness = 0.697674
         Sequence = DIYAICACCKVESKNEGKKNEVFNNYTFRGLGNKGVLPWKCNSLDMKYFCAVTTYVNESKYEKLKYKRCKYLNKETVDNVNDMPNSKKLQNVVIMGRTSWESIPKKFKPLSNRINVILSRTLKKEDFDEDVYIINKVEDLIVLLGKLNYYKCFIIGGSVVYQEFLEKKLIKKIYFTRINSTYECDVFFPEINENEWQIISVSDVYTSNNTTLDFIIYKK
  Rank 20: Fitness = 0.695200
         Sequence = DIYAICACCKVESKNEGKKNEVFNNYTFRGLGNKGVLPWKCNSLDMKYFCAVTTYVNESKYEKLKYKRCKYLNKETVDNVNDMPNSKKLQNVVVMGRTSWESIPKKFKPLSNRINVIISRTLKKEDFDEDVYIINKVEDLIVLLGKLNYYKCFIIGGSVVYQEFLEKKLIKKIYFTRINSTYECDVFFPEINENEWQIISVSDVYTSNNTTLDFIIYKK

Global Best Sequence (for validation):
  Fitness (normalized): 0.809917
  Full Sequence: DIYAICACCKVESKNEGKKNEVFNNYTFRGLGNKGVLPWKCNSLDMKYFCAVTTYVNESKYEKLKYKRCKYLNKETVDNVNDMPNSKKLQNVVVMGRTSWESIPKNFKPLSNRINIILSRTLKKEDFDEDVYIINKVEDLIVLLGKLNYYKCFIIGGSVVYQEFLEKKLIKKIYFTRINSTYECDVFFPEINENEFQIISVSDVYTSNNTTLDFIIYKK

  Final Buffer Status:
    Best in final pool: 0.809917
    Global best (tracked): 0.809917 (raw: 2.602318)

Final metrics saved to: results/SAC_DHFR_medium_211_sac_unconstrained_04_19_33/final_research_metrics.json
################################################################################

