wandb: Tracking run with wandb version 0.21.4
wandb: W&B syncing is set to `offline` in this directory. Run `wandb online` or set WANDB_MODE=online to enable cloud syncing.
wandb: Run data is saved locally in ~/basework/LatProtRL/wandb/offline-run-20260408_041940-c87bw066

================================================================================
SAC 4-ROUND CHECK: Entropy=True, Size=True, BLOSUM=True
================================================================================

📊 Calibrating DHFROracle predictions...
  ✅ Calibration: target = 0.986364 * pred + -0.0382 (R²=0.8737)
[BUFFER] Initializing with sequences from 10th percentile
[BUFFER] Fitness range: [0.2798, 0.3113]
[BUFFER] Using sequences at indices 3680-3808 out of 4161
Using cuda:2 device
Wrapping the env with a `Monitor` wrapper
Wrapping the env in a DummyVecEnv.
🔍 Loading oracle checkpoint from: ckpt/DHFR/oracle.ckpt
✅ Oracle model loaded successfully!

================================================================================
STEP 0 SNAPSHOT
================================================================================
Initial Maximum Fitness: 0.311339
================================================================================

✓ [SUCCESS] Improvement! Δ=0.362031, new_best=0.665915, reward=19.53
[BUFFER] New global best! Fitness=0.665915, Raw=1.212410
---------------------------------
| rollout/           |          |
|    ep_len_mean     | 16       |
|    ep_rew_mean     | -32.5    |
| time/              |          |
|    episodes        | 4        |
|    fps             | 13       |
|    time_elapsed    | 4        |
|    total_timesteps | 64       |
---------------------------------
✓ [SUCCESS] Improvement! Δ=0.206997, new_best=0.563583, reward=53.90
✓ [SUCCESS] Improvement! Δ=0.102331, new_best=0.665915, reward=29.39
✓ [SUCCESS] Improvement! Δ=0.049798, new_best=0.715713, reward=6.63
[BUFFER] New global best! Fitness=0.715713, Raw=1.693063
✓ [SUCCESS] Improvement! Δ=0.043319, new_best=0.484123, reward=16.63
✓ [SUCCESS] Improvement! Δ=0.341100, new_best=0.665915, reward=45.93
✓ [SUCCESS] Improvement! Δ=0.043282, new_best=0.381426, reward=5.74
✓ [SUCCESS] Improvement! Δ=0.249551, new_best=0.630977, reward=48.76
✓ [SUCCESS] Improvement! Δ=0.034938, new_best=0.665915, reward=9.50
---------------------------------
| rollout/           |          |
|    ep_len_mean     | 16       |
|    ep_rew_mean     | -20.7    |
| time/              |          |
|    episodes        | 8        |
|    fps             | 13       |
|    time_elapsed    | 9        |
|    total_timesteps | 128      |
---------------------------------
✓ [SUCCESS] Improvement! Δ=0.360690, new_best=0.665915, reward=53.15
✓ [SUCCESS] Improvement! Δ=0.049798, new_best=0.715713, reward=5.20
✓ [SUCCESS] Improvement! Δ=0.001060, new_best=0.716773, reward=1.83
[BUFFER] New global best! Fitness=0.716773, Raw=1.703296
✓ [SUCCESS] Improvement! Δ=0.287197, new_best=0.665915, reward=16.98
✓ [SUCCESS] Improvement! Δ=0.416736, new_best=0.715713, reward=55.08
---------------------------------
| rollout/           |          |
|    ep_len_mean     | 16       |
|    ep_rew_mean     | -23      |
| time/              |          |
|    episodes        | 12       |
|    fps             | 13       |
|    time_elapsed    | 14       |
|    total_timesteps | 192      |
---------------------------------
✓ [SUCCESS] Improvement! Δ=0.282212, new_best=0.665915, reward=53.09
✓ [SUCCESS] Improvement! Δ=0.049798, new_best=0.715713, reward=6.63
✓ [SUCCESS] Improvement! Δ=0.060696, new_best=0.381426, reward=13.20
✓ [SUCCESS] Improvement! Δ=0.211042, new_best=0.592469, reward=46.73
✓ [SUCCESS] Improvement! Δ=0.073446, new_best=0.665915, reward=20.87
✓ [SUCCESS] Improvement! Δ=0.043983, new_best=0.709898, reward=16.83
✓ [SUCCESS] Improvement! Δ=0.014261, new_best=0.311890, reward=5.41
✓ [SUCCESS] Improvement! Δ=0.095826, new_best=0.665915, reward=20.31
✓ [SUCCESS] Improvement! Δ=0.049798, new_best=0.715713, reward=5.97
---------------------------------
| rollout/           |          |
|    ep_len_mean     | 16       |
|    ep_rew_mean     | -16.9    |
| time/              |          |
|    episodes        | 16       |
|    fps             | 13       |
|    time_elapsed    | 19       |
|    total_timesteps | 256      |
---------------------------------
✓ [SUCCESS] Improvement! Δ=0.302722, new_best=0.665915, reward=69.60
✓ [SUCCESS] Improvement! Δ=0.049798, new_best=0.715713, reward=10.13
✓ [SUCCESS] Improvement! Δ=0.149242, new_best=0.665915, reward=37.84
✓ [SUCCESS] Improvement! Δ=0.306015, new_best=0.665915, reward=66.81
✓ [SUCCESS] Improvement! Δ=0.020577, new_best=0.342033, reward=6.77
---------------------------------
| rollout/           |          |
|    ep_len_mean     | 16       |
|    ep_rew_mean     | -14      |
| time/              |          |
|    episodes        | 20       |
|    fps             | 13       |
|    time_elapsed    | 23       |
|    total_timesteps | 320      |
---------------------------------
✓ [SUCCESS] Improvement! Δ=0.410747, new_best=0.715713, reward=33.13
✓ [SUCCESS] Improvement! Δ=0.043284, new_best=0.655185, reward=13.58
✓ [SUCCESS] Improvement! Δ=0.357107, new_best=0.665915, reward=57.24
✓ [SUCCESS] Improvement! Δ=0.016175, new_best=0.342033, reward=8.16
---------------------------------
| rollout/           |          |
|    ep_len_mean     | 16       |
|    ep_rew_mean     | -16.6    |
| time/              |          |
|    episodes        | 24       |
|    fps             | 13       |
|    time_elapsed    | 28       |
|    total_timesteps | 384      |
---------------------------------
✓ [SUCCESS] Improvement! Δ=0.159638, new_best=0.604749, reward=33.34
✓ [SUCCESS] Improvement! Δ=0.110964, new_best=0.715713, reward=24.17
✓ [SUCCESS] Improvement! Δ=0.129902, new_best=0.598144, reward=23.45
✓ [SUCCESS] Improvement! Δ=0.010525, new_best=0.608669, reward=3.29
✓ [SUCCESS] Improvement! Δ=0.057245, new_best=0.665915, reward=5.85
✓ [SUCCESS] Improvement! Δ=0.019660, new_best=0.327548, reward=8.91
✓ [SUCCESS] Improvement! Δ=0.125094, new_best=0.665915, reward=28.25
---------------------------------
| rollout/           |          |
|    ep_len_mean     | 16       |
|    ep_rew_mean     | -17.7    |
| time/              |          |
|    episodes        | 28       |
|    fps             | 13       |
|    time_elapsed    | 33       |
|    total_timesteps | 448      |
---------------------------------
✓ [SUCCESS] Improvement! Δ=0.259408, new_best=0.665915, reward=52.58
✓ [SUCCESS] Improvement! Δ=0.317756, new_best=0.665915, reward=17.21
✓ [SUCCESS] Improvement! Δ=0.050858, new_best=0.716773, reward=10.06
✓ [SUCCESS] Improvement! Δ=0.271522, new_best=0.715713, reward=31.13
✓ [SUCCESS] Improvement! Δ=0.177052, new_best=0.551322, reward=28.10
✓ [SUCCESS] Improvement! Δ=0.146854, new_best=0.698175, reward=29.05
---------------------------------
| rollout/           |          |
|    ep_len_mean     | 16       |
|    ep_rew_mean     | -17.6    |
| time/              |          |
|    episodes        | 32       |
|    fps             | 13       |
|    time_elapsed    | 38       |
|    total_timesteps | 512      |
---------------------------------
✓ [SUCCESS] Improvement! Δ=0.075748, new_best=0.440804, reward=18.23
✓ [SUCCESS] Improvement! Δ=0.075759, new_best=0.665915, reward=14.99
✓ [SUCCESS] Improvement! Δ=0.049798, new_best=0.715713, reward=6.63
✓ [SUCCESS] Improvement! Δ=0.099050, new_best=0.764965, reward=21.37
[BUFFER] New global best! Fitness=0.764965, Raw=2.168443
✓ [SUCCESS] Improvement! Δ=0.019660, new_best=0.309587, reward=7.45
---------------------------------
| rollout/           |          |
|    ep_len_mean     | 16       |
|    ep_rew_mean     | -20.2    |
| time/              |          |
|    episodes        | 36       |
|    fps             | 12       |
|    time_elapsed    | 44       |
|    total_timesteps | 576      |
---------------------------------
✓ [SUCCESS] Improvement! Δ=0.282811, new_best=0.665915, reward=74.63
✓ [SUCCESS] Improvement! Δ=0.137484, new_best=0.665915, reward=16.31
✓ [SUCCESS] Improvement! Δ=0.049798, new_best=0.715713, reward=6.63
✓ [SUCCESS] Improvement! Δ=0.223809, new_best=0.548094, reward=51.97
✓ [SUCCESS] Improvement! Δ=0.117821, new_best=0.665915, reward=32.07
✓ [SUCCESS] Improvement! Δ=0.010510, new_best=0.676425, reward=4.54
✓ [SUCCESS] Improvement! Δ=0.001348, new_best=0.324240, reward=3.54
✓ [SUCCESS] Improvement! Δ=0.185817, new_best=0.510058, reward=37.54
✓ [SUCCESS] Improvement! Δ=0.155857, new_best=0.665915, reward=35.25
✓ [SUCCESS] Improvement! Δ=0.049798, new_best=0.715713, reward=10.89
---------------------------------
| rollout/           |          |
|    ep_len_mean     | 16       |
|    ep_rew_mean     | -16.4    |
| time/              |          |
|    episodes        | 40       |
|    fps             | 13       |
|    time_elapsed    | 49       |
|    total_timesteps | 640      |
---------------------------------
✓ [SUCCESS] Improvement! Δ=0.076460, new_best=0.381426, reward=18.83
✓ [SUCCESS] Improvement! Δ=0.284488, new_best=0.665915, reward=69.29
✓ [SUCCESS] Improvement! Δ=0.015609, new_best=0.358758, reward=6.76
---------------------------------
| rollout/           |          |
|    ep_len_mean     | 16       |
|    ep_rew_mean     | -17.7    |
| time/              |          |
|    episodes        | 44       |
|    fps             | 13       |
|    time_elapsed    | 53       |
|    total_timesteps | 704      |
---------------------------------
✓ [SUCCESS] Improvement! Δ=0.067771, new_best=0.665915, reward=15.53
✓ [SUCCESS] Improvement! Δ=0.048292, new_best=0.714207, reward=13.08
✓ [SUCCESS] Improvement! Δ=0.357107, new_best=0.665915, reward=57.24
✓ [SUCCESS] Improvement! Δ=0.048292, new_best=0.714207, reward=16.27
✓ [SUCCESS] Improvement! Δ=0.001506, new_best=0.715713, reward=1.28
✓ [SUCCESS] Improvement! Δ=0.331014, new_best=0.665915, reward=84.23
✓ [SUCCESS] Improvement! Δ=0.049798, new_best=0.715713, reward=6.36
---------------------------------
| rollout/           |          |
|    ep_len_mean     | 16       |
|    ep_rew_mean     | -16.3    |
| time/              |          |
|    episodes        | 48       |
|    fps             | 13       |
|    time_elapsed    | 58       |
|    total_timesteps | 768      |
---------------------------------
✓ [SUCCESS] Improvement! Δ=0.047808, new_best=0.665915, reward=15.87
✓ [SUCCESS] Improvement! Δ=0.035244, new_best=0.569566, reward=12.11
✓ [SUCCESS] Improvement! Δ=0.089820, new_best=0.659387, reward=28.65
✓ [SUCCESS] Improvement! Δ=0.283937, new_best=0.665915, reward=57.69
---------------------------------
| rollout/           |          |
|    ep_len_mean     | 16       |
|    ep_rew_mean     | -16.8    |
| time/              |          |
|    episodes        | 52       |
|    fps             | 13       |
|    time_elapsed    | 63       |
|    total_timesteps | 832      |
---------------------------------
✓ [SUCCESS] Improvement! Δ=0.058540, new_best=0.651009, reward=6.25
✓ [SUCCESS] Improvement! Δ=0.014906, new_best=0.665915, reward=6.84
✓ [SUCCESS] Improvement! Δ=0.060638, new_best=0.611901, reward=7.84
✓ [SUCCESS] Improvement! Δ=0.047486, new_best=0.659387, reward=17.93
✓ [SUCCESS] Improvement! Δ=0.171935, new_best=0.665915, reward=15.41
---------------------------------
| rollout/           |          |
|    ep_len_mean     | 16       |
|    ep_rew_mean     | -19.1    |
| time/              |          |
|    episodes        | 56       |
|    fps             | 13       |
|    time_elapsed    | 68       |
|    total_timesteps | 896      |
---------------------------------
✓ [SUCCESS] Improvement! Δ=0.073142, new_best=0.665915, reward=9.81
✓ [SUCCESS] Improvement! Δ=0.049798, new_best=0.715713, reward=6.63
✓ [SUCCESS] Improvement! Δ=0.025932, new_best=0.513344, reward=10.18
✓ [SUCCESS] Improvement! Δ=0.035174, new_best=0.548519, reward=14.09
✓ [SUCCESS] Improvement! Δ=0.117396, new_best=0.665915, reward=14.56
✓ [SUCCESS] Improvement! Δ=0.121551, new_best=0.611901, reward=26.19
✓ [SUCCESS] Improvement! Δ=0.046524, new_best=0.658424, reward=12.13
✓ [SUCCESS] Improvement! Δ=0.133260, new_best=0.665915, reward=15.23
✓ [SUCCESS] Improvement! Δ=0.010510, new_best=0.676425, reward=5.09
---------------------------------
| rollout/           |          |
|    ep_len_mean     | 16       |
|    ep_rew_mean     | -19      |
| time/              |          |
|    episodes        | 60       |
|    fps             | 13       |
|    time_elapsed    | 73       |
|    total_timesteps | 960      |
---------------------------------
✓ [SUCCESS] Improvement! Δ=0.016031, new_best=0.714207, reward=8.12
✓ [SUCCESS] Improvement! Δ=0.123482, new_best=0.665915, reward=17.38
✓ [SUCCESS] Improvement! Δ=0.164075, new_best=0.547660, reward=24.06
✓ [SUCCESS] Improvement! Δ=0.168053, new_best=0.715713, reward=35.95
✓ [SUCCESS] Improvement! Δ=0.098824, new_best=0.611901, reward=28.48
---------------------------------
| rollout/           |          |
|    ep_len_mean     | 16       |
|    ep_rew_mean     | -21.3    |
| time/              |          |
|    episodes        | 64       |
|    fps             | 13       |
|    time_elapsed    | 78       |
|    total_timesteps | 1024     |
---------------------------------
✓ [SUCCESS] Improvement! Δ=0.171127, new_best=0.615962, reward=30.69
✓ [SUCCESS] Improvement! Δ=0.049953, new_best=0.665915, reward=6.65
✓ [SUCCESS] Improvement! Δ=0.005816, new_best=0.715713, reward=1.75
✓ [SUCCESS] Improvement! Δ=0.281746, new_best=0.665915, reward=79.00
✓ [SUCCESS] Improvement! Δ=0.043983, new_best=0.709898, reward=16.83
✓ [SUCCESS] Improvement! Δ=0.005816, new_best=0.715713, reward=1.68
✓ [SUCCESS] Improvement! Δ=0.087448, new_best=0.440804, reward=11.14
---------------------------------
| rollout/           |          |
|    ep_len_mean     | 16       |
|    ep_rew_mean     | -20.6    |
| time/              |          |
|    episodes        | 68       |
|    fps             | 13       |
|    time_elapsed    | 83       |
|    total_timesteps | 1088     |
---------------------------------
✓ [SUCCESS] Improvement! Δ=0.050186, new_best=0.513344, reward=3.04
✓ [SUCCESS] Improvement! Δ=0.061654, new_best=0.574998, reward=22.34
✓ [SUCCESS] Improvement! Δ=0.090917, new_best=0.665915, reward=18.69
✓ [SUCCESS] Improvement! Δ=0.126567, new_best=0.715713, reward=23.76
✓ [SUCCESS] Improvement! Δ=0.270023, new_best=0.665915, reward=33.04
✓ [SUCCESS] Improvement! Δ=0.049798, new_best=0.715713, reward=6.63
✓ [SUCCESS] Improvement! Δ=0.087685, new_best=0.611901, reward=16.72
✓ [SUCCESS] Improvement! Δ=0.046524, new_best=0.658424, reward=10.42
---------------------------------
| rollout/           |          |
|    ep_len_mean     | 16       |
|    ep_rew_mean     | -20.9    |
| time/              |          |
|    episodes        | 72       |
|    fps             | 13       |
|    time_elapsed    | 88       |
|    total_timesteps | 1152     |
---------------------------------
✓ [SUCCESS] Improvement! Δ=0.056665, new_best=0.611901, reward=16.65
✓ [SUCCESS] Improvement! Δ=0.182672, new_best=0.665915, reward=38.34
✓ [SUCCESS] Improvement! Δ=0.258154, new_best=0.665915, reward=30.46
---------------------------------
| rollout/           |          |
|    ep_len_mean     | 16       |
|    ep_rew_mean     | -22.5    |
| time/              |          |
|    episodes        | 76       |
|    fps             | 13       |
|    time_elapsed    | 93       |
|    total_timesteps | 1216     |
---------------------------------
✓ [SUCCESS] Improvement! Δ=0.303390, new_best=0.709898, reward=69.95
✓ [SUCCESS] Improvement! Δ=0.061132, new_best=0.523853, reward=16.71
✓ [SUCCESS] Improvement! Δ=0.088047, new_best=0.611901, reward=22.07
✓ [SUCCESS] Improvement! Δ=0.043284, new_best=0.655185, reward=16.62
---------------------------------
| rollout/           |          |
|    ep_len_mean     | 16       |
|    ep_rew_mean     | -22.8    |
| time/              |          |
|    episodes        | 80       |
|    fps             | 13       |
|    time_elapsed    | 98       |
|    total_timesteps | 1280     |
---------------------------------
✓ [SUCCESS] Improvement! Δ=0.114380, new_best=0.658424, reward=19.47
✓ [SUCCESS] Improvement! Δ=0.000962, new_best=0.659387, reward=2.79
✓ [SUCCESS] Improvement! Δ=0.182620, new_best=0.665915, reward=19.81
✓ [SUCCESS] Improvement! Δ=0.049798, new_best=0.715713, reward=6.63
✓ [SUCCESS] Improvement! Δ=0.018470, new_best=0.734183, reward=4.82
✓ [SUCCESS] Improvement! Δ=0.127170, new_best=0.665915, reward=21.24
✓ [SUCCESS] Improvement! Δ=0.014906, new_best=0.665915, reward=3.43
✓ [SUCCESS] Improvement! Δ=0.043983, new_best=0.709898, reward=14.83
---------------------------------
| rollout/           |          |
|    ep_len_mean     | 16       |
|    ep_rew_mean     | -24.1    |
| time/              |          |
|    episodes        | 84       |
|    fps             | 13       |
|    time_elapsed    | 103      |
|    total_timesteps | 1344     |
---------------------------------
✓ [SUCCESS] Improvement! Δ=0.119420, new_best=0.715713, reward=23.86
✓ [SUCCESS] Improvement! Δ=0.037782, new_best=0.714207, reward=14.90
✓ [SUCCESS] Improvement! Δ=0.001506, new_best=0.715713, reward=2.05
✓ [SUCCESS] Improvement! Δ=0.048652, new_best=0.714207, reward=14.04
✓ [SUCCESS] Improvement! Δ=0.056645, new_best=0.622418, reward=17.39
✓ [SUCCESS] Improvement! Δ=0.032767, new_best=0.655185, reward=13.34
✓ [SUCCESS] Improvement! Δ=0.047017, new_best=0.702201, reward=12.63
---------------------------------
| rollout/           |          |
|    ep_len_mean     | 16       |
|    ep_rew_mean     | -24.5    |
| time/              |          |
|    episodes        | 88       |
|    fps             | 13       |
|    time_elapsed    | 108      |
|    total_timesteps | 1408     |
---------------------------------
✓ [SUCCESS] Improvement! Δ=0.174910, new_best=0.665915, reward=14.36
✓ [SUCCESS] Improvement! Δ=0.043983, new_best=0.709898, reward=13.93
✓ [SUCCESS] Improvement! Δ=0.005816, new_best=0.715713, reward=1.75
✓ [SUCCESS] Improvement! Δ=0.002566, new_best=0.716773, reward=2.08
✓ [SUCCESS] Improvement! Δ=0.011495, new_best=0.651009, reward=3.72
✓ [SUCCESS] Improvement! Δ=0.014906, new_best=0.665915, reward=6.23
✓ [SUCCESS] Improvement! Δ=0.093112, new_best=0.759027, reward=22.84
---------------------------------
| rollout/           |          |
|    ep_len_mean     | 16       |
|    ep_rew_mean     | -25.2    |
| time/              |          |
|    episodes        | 92       |
|    fps             | 12       |
|    time_elapsed    | 113      |
|    total_timesteps | 1472     |
---------------------------------
✓ [SUCCESS] Improvement! Δ=0.061166, new_best=0.665915, reward=16.85
✓ [SUCCESS] Improvement! Δ=0.049798, new_best=0.715713, reward=6.63
✓ [SUCCESS] Improvement! Δ=0.153671, new_best=0.665915, reward=39.45
✓ [SUCCESS] Improvement! Δ=0.075534, new_best=0.546099, reward=17.08
✓ [SUCCESS] Improvement! Δ=0.039183, new_best=0.585282, reward=5.46
✓ [SUCCESS] Improvement! Δ=0.080633, new_best=0.665915, reward=16.50
✓ [SUCCESS] Improvement! Δ=0.067711, new_best=0.763236, reward=17.21
---------------------------------
| rollout/           |          |
|    ep_len_mean     | 16       |
|    ep_rew_mean     | -24.9    |
| time/              |          |
|    episodes        | 96       |
|    fps             | 12       |
|    time_elapsed    | 118      |
|    total_timesteps | 1536     |
---------------------------------
✓ [SUCCESS] Improvement! Δ=0.021629, new_best=0.513344, reward=6.68
✓ [SUCCESS] Improvement! Δ=0.152571, new_best=0.665915, reward=33.29
✓ [SUCCESS] Improvement! Δ=0.025549, new_best=0.512244, reward=5.92
✓ [SUCCESS] Improvement! Δ=0.203469, new_best=0.715713, reward=36.17
✓ [SUCCESS] Improvement! Δ=0.021180, new_best=0.511802, reward=8.16
✓ [SUCCESS] Improvement! Δ=0.025852, new_best=0.665915, reward=6.27
✓ [SUCCESS] Improvement! Δ=0.032203, new_best=0.698118, reward=3.43
✓ [SUCCESS] Improvement! Δ=0.016089, new_best=0.714207, reward=5.65
---------------------------------
| rollout/           |          |
|    ep_len_mean     | 16       |
|    ep_rew_mean     | -24.4    |
| time/              |          |
|    episodes        | 100      |
|    fps             | 12       |
|    time_elapsed    | 123      |
|    total_timesteps | 1600     |
---------------------------------
✓ [SUCCESS] Improvement! Δ=0.035003, new_best=0.611901, reward=8.66
✓ [SUCCESS] Improvement! Δ=0.046524, new_best=0.658424, reward=6.27
✓ [SUCCESS] Improvement! Δ=0.064592, new_best=0.585282, reward=13.59
✓ [SUCCESS] Improvement! Δ=0.006147, new_best=0.591430, reward=5.04
---------------------------------
| rollout/           |          |
|    ep_len_mean     | 16       |
|    ep_rew_mean     | -24.8    |
| time/              |          |
|    episodes        | 104      |
|    fps             | 12       |
|    time_elapsed    | 128      |
|    total_timesteps | 1664     |
---------------------------------
✓ [SUCCESS] Improvement! Δ=0.033021, new_best=0.665915, reward=7.83
✓ [SUCCESS] Improvement! Δ=0.048292, new_best=0.714207, reward=16.01
✓ [SUCCESS] Improvement! Δ=0.141149, new_best=0.665915, reward=25.44
---------------------------------
| rollout/           |          |
|    ep_len_mean     | 16       |
|    ep_rew_mean     | -26.4    |
| time/              |          |
|    episodes        | 108      |
|    fps             | 12       |
|    time_elapsed    | 133      |
|    total_timesteps | 1728     |
---------------------------------
✓ [SUCCESS] Improvement! Δ=0.100082, new_best=0.611901, reward=30.26
✓ [SUCCESS] Improvement! Δ=0.046524, new_best=0.658424, reward=6.27
✓ [SUCCESS] Improvement! Δ=0.133754, new_best=0.665915, reward=32.36
✓ [SUCCESS] Improvement! Δ=0.075630, new_best=0.665915, reward=13.92
✓ [SUCCESS] Improvement! Δ=0.076759, new_best=0.611901, reward=19.86
---------------------------------
| rollout/           |          |
|    ep_len_mean     | 16       |
|    ep_rew_mean     | -26.4    |
| time/              |          |
|    episodes        | 112      |
|    fps             | 12       |
|    time_elapsed    | 138      |
|    total_timesteps | 1792     |
---------------------------------
✓ [SUCCESS] Improvement! Δ=0.108715, new_best=0.611901, reward=25.23
✓ [SUCCESS] Improvement! Δ=0.046718, new_best=0.651009, reward=8.95
✓ [SUCCESS] Improvement! Δ=0.014906, new_best=0.665915, reward=3.28
✓ [SUCCESS] Improvement! Δ=0.123401, new_best=0.665915, reward=15.84
✓ [SUCCESS] Improvement! Δ=0.043983, new_best=0.709898, reward=16.83
✓ [SUCCESS] Improvement! Δ=0.005816, new_best=0.715713, reward=3.50
✓ [SUCCESS] Improvement! Δ=0.145933, new_best=0.665915, reward=23.34
---------------------------------
| rollout/           |          |
|    ep_len_mean     | 16       |
|    ep_rew_mean     | -27.4    |
| time/              |          |
|    episodes        | 116      |
|    fps             | 12       |
|    time_elapsed    | 143      |
|    total_timesteps | 1856     |
---------------------------------
✓ [SUCCESS] Improvement! Δ=0.024535, new_best=0.655185, reward=10.77
✓ [SUCCESS] Improvement! Δ=0.016736, new_best=0.540821, reward=4.66
✓ [SUCCESS] Improvement! Δ=0.125094, new_best=0.665915, reward=32.12
✓ [SUCCESS] Improvement! Δ=0.146543, new_best=0.665915, reward=16.64
---------------------------------
| rollout/           |          |
|    ep_len_mean     | 16       |
|    ep_rew_mean     | -29.2    |
| time/              |          |
|    episodes        | 120      |
|    fps             | 12       |
|    time_elapsed    | 148      |
|    total_timesteps | 1920     |
---------------------------------
✓ [SUCCESS] Improvement! Δ=0.092404, new_best=0.640063, reward=25.05
✓ [SUCCESS] Improvement! Δ=0.025852, new_best=0.665915, reward=6.90
✓ [SUCCESS] Improvement! Δ=0.035397, new_best=0.665915, reward=5.64
✓ [SUCCESS] Improvement! Δ=0.035003, new_best=0.611901, reward=8.66
✓ [SUCCESS] Improvement! Δ=0.043284, new_best=0.655185, reward=16.62
---------------------------------
| rollout/           |          |
|    ep_len_mean     | 16       |
|    ep_rew_mean     | -29.1    |
| time/              |          |
|    episodes        | 124      |
|    fps             | 12       |
|    time_elapsed    | 153      |
|    total_timesteps | 1984     |
---------------------------------
✓ [SUCCESS] Improvement! Δ=0.034938, new_best=0.665915, reward=12.90
✓ [SUCCESS] Improvement! Δ=0.049798, new_best=0.715713, reward=12.23
✓ [SUCCESS] Improvement! Δ=0.106364, new_best=0.611901, reward=31.94
✓ [SUCCESS] Improvement! Δ=0.047486, new_best=0.659387, reward=17.93
✓ [SUCCESS] Improvement! Δ=0.060463, new_best=0.676425, reward=13.25
✓ [SUCCESS] Improvement! Δ=0.039288, new_best=0.715713, reward=9.63
✓ [SUCCESS] Improvement! Δ=0.048058, new_best=0.546099, reward=14.52
---------------------------------
| rollout/           |          |
|    ep_len_mean     | 16       |
|    ep_rew_mean     | -29.8    |
| time/              |          |
|    episodes        | 128      |
|    fps             | 12       |
|    time_elapsed    | 158      |
|    total_timesteps | 2048     |
---------------------------------
✓ [SUCCESS] Improvement! Δ=0.046735, new_best=0.665915, reward=11.28
✓ [SUCCESS] Improvement! Δ=0.043983, new_best=0.709898, reward=16.22
✓ [SUCCESS] Improvement! Δ=0.036969, new_best=0.659387, reward=14.65
✓ [SUCCESS] Improvement! Δ=0.057183, new_best=0.665915, reward=7.45
✓ [SUCCESS] Improvement! Δ=0.053606, new_best=0.719521, reward=4.08
✓ [SUCCESS] Improvement! Δ=0.020363, new_best=0.611901, reward=3.86
✓ [SUCCESS] Improvement! Δ=0.046524, new_best=0.658424, reward=6.27
---------------------------------
| rollout/           |          |
|    ep_len_mean     | 16       |
|    ep_rew_mean     | -30.8    |
| time/              |          |
|    episodes        | 132      |
|    fps             | 12       |
|    time_elapsed    | 163      |
|    total_timesteps | 2112     |
---------------------------------
✓ [SUCCESS] Improvement! Δ=0.071855, new_best=0.665915, reward=21.42
✓ [SUCCESS] Improvement! Δ=0.043983, new_best=0.709898, reward=12.54
✓ [SUCCESS] Improvement! Δ=0.114593, new_best=0.665915, reward=26.53
✓ [SUCCESS] Improvement! Δ=0.049798, new_best=0.715713, reward=10.64
✓ [SUCCESS] Improvement! Δ=0.046967, new_best=0.611901, reward=10.14
✓ [SUCCESS] Improvement! Δ=0.047486, new_best=0.659387, reward=17.93
---------------------------------
| rollout/           |          |
|    ep_len_mean     | 16       |
|    ep_rew_mean     | -30.4    |
| time/              |          |
|    episodes        | 136      |
|    fps             | 12       |
|    time_elapsed    | 168      |
|    total_timesteps | 2176     |
---------------------------------
✓ [SUCCESS] Improvement! Δ=0.049798, new_best=0.715713, reward=7.79
✓ [SUCCESS] Improvement! Δ=0.020333, new_best=0.564378, reward=6.77
✓ [SUCCESS] Improvement! Δ=0.047523, new_best=0.611901, reward=12.23
✓ [SUCCESS] Improvement! Δ=0.056665, new_best=0.611901, reward=13.04
✓ [SUCCESS] Improvement! Δ=0.043284, new_best=0.655185, reward=13.58
✓ [SUCCESS] Improvement! Δ=0.058538, new_best=0.611901, reward=16.52
---------------------------------
| rollout/           |          |
|    ep_len_mean     | 16       |
|    ep_rew_mean     | -32.5    |
| time/              |          |
|    episodes        | 140      |
|    fps             | 12       |
|    time_elapsed    | 173      |
|    total_timesteps | 2240     |
---------------------------------
✓ [SUCCESS] Improvement! Δ=0.102331, new_best=0.665915, reward=29.39
✓ [SUCCESS] Improvement! Δ=0.114593, new_best=0.665915, reward=12.82
✓ [SUCCESS] Improvement! Δ=0.057245, new_best=0.665915, reward=8.84
✓ [SUCCESS] Improvement! Δ=0.048292, new_best=0.714207, reward=18.18
✓ [SUCCESS] Improvement! Δ=0.001506, new_best=0.715713, reward=1.28
✓ [SUCCESS] Improvement! Δ=0.100082, new_best=0.611901, reward=30.26
✓ [SUCCESS] Improvement! Δ=0.046524, new_best=0.658424, reward=6.27
---------------------------------
| rollout/           |          |
|    ep_len_mean     | 16       |
|    ep_rew_mean     | -32.5    |
| time/              |          |
|    episodes        | 144      |
|    fps             | 12       |
|    time_elapsed    | 178      |
|    total_timesteps | 2304     |
---------------------------------
✓ [SUCCESS] Improvement! Δ=0.012330, new_best=0.524132, reward=5.69
✓ [SUCCESS] Improvement! Δ=0.088858, new_best=0.658424, reward=16.90
✓ [SUCCESS] Improvement! Δ=0.000087, new_best=0.665915, reward=1.76
✓ [SUCCESS] Improvement! Δ=0.025852, new_best=0.665915, reward=4.93
✓ [SUCCESS] Improvement! Δ=0.043983, new_best=0.709898, reward=12.52
---------------------------------
| rollout/           |          |
|    ep_len_mean     | 16       |
|    ep_rew_mean     | -34.6    |
| time/              |          |
|    episodes        | 148      |
|    fps             | 12       |
|    time_elapsed    | 183      |
|    total_timesteps | 2368     |
---------------------------------
✓ [SUCCESS] Improvement! Δ=0.018196, new_best=0.611901, reward=7.99
✓ [SUCCESS] Improvement! Δ=0.031422, new_best=0.563583, reward=8.80
✓ [SUCCESS] Improvement! Δ=0.195444, new_best=0.759027, reward=51.34
✓ [SUCCESS] Improvement! Δ=0.075630, new_best=0.665915, reward=14.99
✓ [SUCCESS] Improvement! Δ=0.134173, new_best=0.665915, reward=24.29
---------------------------------
| rollout/           |          |
|    ep_len_mean     | 16       |
|    ep_rew_mean     | -34.8    |
| time/              |          |
|    episodes        | 152      |
|    fps             | 12       |
|    time_elapsed    | 188      |
|    total_timesteps | 2432     |
---------------------------------
✓ [SUCCESS] Improvement! Δ=0.039945, new_best=0.611901, reward=8.66
✓ [SUCCESS] Improvement! Δ=0.043284, new_best=0.655185, reward=16.62
✓ [SUCCESS] Improvement! Δ=0.074485, new_best=0.665915, reward=14.22
✓ [SUCCESS] Improvement! Δ=0.072378, new_best=0.665915, reward=19.05
---------------------------------
| rollout/           |          |
|    ep_len_mean     | 16       |
|    ep_rew_mean     | -34.9    |
| time/              |          |
|    episodes        | 156      |
|    fps             | 12       |
|    time_elapsed    | 193      |
|    total_timesteps | 2496     |
---------------------------------
✓ [SUCCESS] Improvement! Δ=0.118255, new_best=0.665915, reward=35.20
✓ [SUCCESS] Improvement! Δ=0.048292, new_best=0.714207, reward=18.18
✓ [SUCCESS] Improvement! Δ=0.001506, new_best=0.715713, reward=1.28
✓ [SUCCESS] Improvement! Δ=0.075759, new_best=0.665915, reward=19.63
✓ [SUCCESS] Improvement! Δ=0.049798, new_best=0.715713, reward=6.63
✓ [SUCCESS] Improvement! Δ=0.117108, new_best=0.658424, reward=15.00
✓ [SUCCESS] Improvement! Δ=0.006731, new_best=0.611901, reward=3.54
---------------------------------
| rollout/           |          |
|    ep_len_mean     | 16       |
|    ep_rew_mean     | -35.5    |
| time/              |          |
|    episodes        | 160      |
|    fps             | 12       |
|    time_elapsed    | 198      |
|    total_timesteps | 2560     |
---------------------------------
✓ [SUCCESS] Improvement! Δ=0.047808, new_best=0.665915, reward=11.51
✓ [SUCCESS] Improvement! Δ=0.049798, new_best=0.715713, reward=11.26
✓ [SUCCESS] Improvement! Δ=0.088047, new_best=0.611901, reward=17.13
✓ [SUCCESS] Improvement! Δ=0.046524, new_best=0.658424, reward=6.27
---------------------------------
| rollout/           |          |
|    ep_len_mean     | 16       |
|    ep_rew_mean     | -35.6    |
| time/              |          |
|    episodes        | 164      |
|    fps             | 12       |
|    time_elapsed    | 203      |
|    total_timesteps | 2624     |
---------------------------------
✓ [SUCCESS] Improvement! Δ=0.120752, new_best=0.709898, reward=30.25
✓ [SUCCESS] Improvement! Δ=0.004309, new_best=0.714207, reward=4.14
✓ [SUCCESS] Improvement! Δ=0.041278, new_best=0.570088, reward=11.58
✓ [SUCCESS] Improvement! Δ=0.095826, new_best=0.665915, reward=19.75
✓ [SUCCESS] Improvement! Δ=0.049798, new_best=0.715713, reward=10.13
✓ [SUCCESS] Improvement! Δ=0.006649, new_best=0.562481, reward=4.58
---------------------------------
| rollout/           |          |
|    ep_len_mean     | 16       |
|    ep_rew_mean     | -37.2    |
| time/              |          |
|    episodes        | 168      |
|    fps             | 12       |
|    time_elapsed    | 208      |
|    total_timesteps | 2688     |
---------------------------------
✓ [SUCCESS] Improvement! Δ=0.098587, new_best=0.665915, reward=15.93
✓ [SUCCESS] Improvement! Δ=0.067069, new_best=0.611901, reward=16.38
✓ [SUCCESS] Improvement! Δ=0.046524, new_best=0.658424, reward=6.27
✓ [SUCCESS] Improvement! Δ=0.002111, new_best=0.611901, reward=1.59
✓ [SUCCESS] Improvement! Δ=0.010517, new_best=0.622418, reward=4.54
✓ [SUCCESS] Improvement! Δ=0.032767, new_best=0.655185, reward=12.11
---------------------------------
| rollout/           |          |
|    ep_len_mean     | 16       |
|    ep_rew_mean     | -37.7    |
| time/              |          |
|    episodes        | 172      |
|    fps             | 12       |
|    time_elapsed    | 212      |
|    total_timesteps | 2752     |
---------------------------------
✓ [SUCCESS] Improvement! Δ=0.111857, new_best=0.665915, reward=21.30
✓ [SUCCESS] Improvement! Δ=0.046967, new_best=0.611901, reward=8.43
✓ [SUCCESS] Improvement! Δ=0.042895, new_best=0.571721, reward=6.08
✓ [SUCCESS] Improvement! Δ=0.040179, new_best=0.611901, reward=6.24
✓ [SUCCESS] Improvement! Δ=0.046524, new_best=0.658424, reward=11.03
✓ [SUCCESS] Improvement! Δ=0.000962, new_best=0.659387, reward=3.42
✓ [SUCCESS] Improvement! Δ=0.020930, new_best=0.611901, reward=7.08
✓ [SUCCESS] Improvement! Δ=0.047486, new_best=0.659387, reward=17.93
---------------------------------
| rollout/           |          |
|    ep_len_mean     | 16       |
|    ep_rew_mean     | -36.3    |
| time/              |          |
|    episodes        | 176      |
|    fps             | 12       |
|    time_elapsed    | 217      |
|    total_timesteps | 2816     |
---------------------------------
✓ [SUCCESS] Improvement! Δ=0.000087, new_best=0.665915, reward=2.15
✓ [SUCCESS] Improvement! Δ=0.145933, new_best=0.665915, reward=39.01
✓ [SUCCESS] Improvement! Δ=0.048292, new_best=0.714207, reward=10.74
✓ [SUCCESS] Improvement! Δ=0.173280, new_best=0.715713, reward=42.95
---------------------------------
| rollout/           |          |
|    ep_len_mean     | 16       |
|    ep_rew_mean     | -36.8    |
| time/              |          |
|    episodes        | 180      |
|    fps             | 12       |
|    time_elapsed    | 222      |
|    total_timesteps | 2880     |
---------------------------------
✓ [SUCCESS] Improvement! Δ=0.052197, new_best=0.665915, reward=13.22
✓ [SUCCESS] Improvement! Δ=0.048292, new_best=0.714207, reward=18.18
✓ [SUCCESS] Improvement! Δ=0.065559, new_best=0.611901, reward=20.17
✓ [SUCCESS] Improvement! Δ=0.047486, new_best=0.659387, reward=17.93
✓ [SUCCESS] Improvement! Δ=0.059467, new_best=0.676425, reward=17.04
✓ [SUCCESS] Improvement! Δ=0.018656, new_best=0.716773, reward=3.81
---------------------------------
| rollout/           |          |
|    ep_len_mean     | 16       |
|    ep_rew_mean     | -36.3    |
| time/              |          |
|    episodes        | 184      |
|    fps             | 12       |
|    time_elapsed    | 227      |
|    total_timesteps | 2944     |
---------------------------------
✓ [SUCCESS] Improvement! Δ=0.103133, new_best=0.665915, reward=10.68
✓ [SUCCESS] Improvement! Δ=0.049798, new_best=0.715713, reward=6.63
✓ [SUCCESS] Improvement! Δ=0.063127, new_best=0.665915, reward=12.78
✓ [SUCCESS] Improvement! Δ=0.117396, new_best=0.665915, reward=28.23
✓ [SUCCESS] Improvement! Δ=0.049798, new_best=0.715713, reward=8.92
✓ [SUCCESS] Improvement! Δ=0.000087, new_best=0.665915, reward=2.15
---------------------------------
| rollout/           |          |
|    ep_len_mean     | 16       |
|    ep_rew_mean     | -36.2    |
| time/              |          |
|    episodes        | 188      |
|    fps             | 12       |
|    time_elapsed    | 232      |
|    total_timesteps | 3008     |
---------------------------------
✓ [SUCCESS] Improvement! Δ=0.111857, new_best=0.665915, reward=25.90
✓ [SUCCESS] Improvement! Δ=0.025334, new_best=0.618107, reward=3.58
✓ [SUCCESS] Improvement! Δ=0.047808, new_best=0.665915, reward=14.46
✓ [SUCCESS] Improvement! Δ=0.033021, new_best=0.665915, reward=7.83
✓ [SUCCESS] Improvement! Δ=0.054775, new_best=0.611901, reward=8.60
✓ [SUCCESS] Improvement! Δ=0.043284, new_best=0.655185, reward=16.62
---------------------------------
| rollout/           |          |
|    ep_len_mean     | 16       |
|    ep_rew_mean     | -36.1    |
| time/              |          |
|    episodes        | 192      |
|    fps             | 12       |
|    time_elapsed    | 237      |
|    total_timesteps | 3072     |
---------------------------------
✓ [SUCCESS] Improvement! Δ=0.047372, new_best=0.590971, reward=14.35
✓ [SUCCESS] Improvement! Δ=0.020930, new_best=0.611901, reward=4.26
✓ [SUCCESS] Improvement! Δ=0.047486, new_best=0.659387, reward=17.93
✓ [SUCCESS] Improvement! Δ=0.007246, new_best=0.611901, reward=2.14
✓ [SUCCESS] Improvement! Δ=0.061166, new_best=0.665915, reward=14.66
---------------------------------
| rollout/           |          |
|    ep_len_mean     | 16       |
|    ep_rew_mean     | -36.9    |
| time/              |          |
|    episodes        | 196      |
|    fps             | 12       |
|    time_elapsed    | 243      |
|    total_timesteps | 3136     |
---------------------------------
✓ [SUCCESS] Improvement! Δ=0.048134, new_best=0.598144, reward=12.21
✓ [SUCCESS] Improvement! Δ=0.067771, new_best=0.665915, reward=16.26
✓ [SUCCESS] Improvement! Δ=0.049798, new_best=0.715713, reward=6.63
✓ [SUCCESS] Improvement! Δ=0.088356, new_best=0.632302, reward=9.55
✓ [SUCCESS] Improvement! Δ=0.033612, new_best=0.665915, reward=2.82
✓ [SUCCESS] Improvement! Δ=0.043983, new_best=0.709898, reward=16.83
✓ [SUCCESS] Improvement! Δ=0.005816, new_best=0.715713, reward=1.75
---------------------------------
| rollout/           |          |
|    ep_len_mean     | 16       |
|    ep_rew_mean     | -38.2    |
| time/              |          |
|    episodes        | 200      |
|    fps             | 12       |
|    time_elapsed    | 248      |
|    total_timesteps | 3200     |
---------------------------------
✓ [SUCCESS] Improvement! Δ=0.129598, new_best=0.658424, reward=14.36
✓ [SUCCESS] Improvement! Δ=0.000962, new_best=0.659387, reward=3.42
✓ [SUCCESS] Improvement! Δ=0.037096, new_best=0.658424, reward=5.23
✓ [SUCCESS] Improvement! Δ=0.060916, new_best=0.665915, reward=4.83
---------------------------------
| rollout/           |          |
|    ep_len_mean     | 16       |
|    ep_rew_mean     | -38.6    |
| time/              |          |
|    episodes        | 204      |
|    fps             | 12       |
|    time_elapsed    | 253      |
|    total_timesteps | 3264     |
---------------------------------
✓ [SUCCESS] Improvement! Δ=0.005816, new_best=0.715713, reward=1.75
✓ [SUCCESS] Improvement! Δ=0.115239, new_best=0.665915, reward=26.62
✓ [SUCCESS] Improvement! Δ=0.035003, new_best=0.611901, reward=8.66
✓ [SUCCESS] Improvement! Δ=0.047486, new_best=0.659387, reward=17.93
✓ [SUCCESS] Improvement! Δ=0.061778, new_best=0.604291, reward=15.23
✓ [SUCCESS] Improvement! Δ=0.004378, new_best=0.608669, reward=3.70
✓ [SUCCESS] Improvement! Δ=0.101228, new_best=0.709898, reward=30.55
---------------------------------
| rollout/           |          |
|    ep_len_mean     | 16       |
|    ep_rew_mean     | -37.8    |
| time/              |          |
|    episodes        | 208      |
|    fps             | 12       |
|    time_elapsed    | 258      |
|    total_timesteps | 3328     |
---------------------------------
✓ [SUCCESS] Improvement! Δ=0.035397, new_best=0.665915, reward=5.64
✓ [SUCCESS] Improvement! Δ=0.048292, new_best=0.714207, reward=18.18
✓ [SUCCESS] Improvement! Δ=0.141732, new_best=0.665915, reward=26.52
✓ [SUCCESS] Improvement! Δ=0.057245, new_best=0.665915, reward=8.84
✓ [SUCCESS] Improvement! Δ=0.007512, new_best=0.662696, reward=2.42
---------------------------------
| rollout/           |          |
|    ep_len_mean     | 16       |
|    ep_rew_mean     | -38.2    |
| time/              |          |
|    episodes        | 212      |
|    fps             | 12       |
|    time_elapsed    | 263      |
|    total_timesteps | 3392     |
---------------------------------
✓ [SUCCESS] Improvement! Δ=0.020363, new_best=0.611901, reward=5.68
✓ [SUCCESS] Improvement! Δ=0.046524, new_best=0.658424, reward=10.65
✓ [SUCCESS] Improvement! Δ=0.076769, new_best=0.665915, reward=15.16
✓ [SUCCESS] Improvement! Δ=0.121969, new_best=0.665915, reward=32.72
---------------------------------
| rollout/           |          |
|    ep_len_mean     | 16       |
|    ep_rew_mean     | -39      |
| time/              |          |
|    episodes        | 216      |
|    fps             | 12       |
|    time_elapsed    | 268      |
|    total_timesteps | 3456     |
---------------------------------
✓ [SUCCESS] Improvement! Δ=0.095826, new_best=0.665915, reward=20.31
✓ [SUCCESS] Improvement! Δ=0.035916, new_best=0.611901, reward=8.02
✓ [SUCCESS] Improvement! Δ=0.108836, new_best=0.665915, reward=20.77
✓ [SUCCESS] Improvement! Δ=0.042334, new_best=0.611901, reward=7.60
---------------------------------
| rollout/           |          |
|    ep_len_mean     | 16       |
|    ep_rew_mean     | -39.3    |
| time/              |          |
|    episodes        | 220      |
|    fps             | 12       |
|    time_elapsed    | 273      |
|    total_timesteps | 3520     |
---------------------------------
✓ [SUCCESS] Improvement! Δ=0.046128, new_best=0.611901, reward=14.04
✓ [SUCCESS] Improvement! Δ=0.046524, new_best=0.658424, reward=10.28
---------------------------------
| rollout/           |          |
|    ep_len_mean     | 16       |
|    ep_rew_mean     | -41.9    |
| time/              |          |
|    episodes        | 224      |
|    fps             | 12       |
|    time_elapsed    | 278      |
|    total_timesteps | 3584     |
---------------------------------
✓ [SUCCESS] Improvement! Δ=0.054775, new_best=0.611901, reward=8.52
✓ [SUCCESS] Improvement! Δ=0.070013, new_best=0.618107, reward=18.31
✓ [SUCCESS] Improvement! Δ=0.047808, new_best=0.665915, reward=14.46
✓ [SUCCESS] Improvement! Δ=0.049798, new_best=0.715713, reward=8.95
✓ [SUCCESS] Improvement! Δ=0.040179, new_best=0.611901, reward=8.77
✓ [SUCCESS] Improvement! Δ=0.010517, new_best=0.622418, reward=5.09
---------------------------------
| rollout/           |          |
|    ep_len_mean     | 16       |
|    ep_rew_mean     | -41.6    |
| time/              |          |
|    episodes        | 228      |
|    fps             | 12       |
|    time_elapsed    | 283      |
|    total_timesteps | 3648     |
---------------------------------
✓ [SUCCESS] Improvement! Δ=0.008866, new_best=0.602570, reward=4.66
✓ [SUCCESS] Improvement! Δ=0.009331, new_best=0.611901, reward=3.38
✓ [SUCCESS] Improvement! Δ=0.047486, new_best=0.659387, reward=17.27
✓ [SUCCESS] Improvement! Δ=0.016089, new_best=0.714207, reward=5.65
✓ [SUCCESS] Improvement! Δ=0.046967, new_best=0.611901, reward=14.91
✓ [SUCCESS] Improvement! Δ=0.050270, new_best=0.651009, reward=13.52
✓ [SUCCESS] Improvement! Δ=0.014906, new_best=0.665915, reward=3.43
✓ [SUCCESS] Improvement! Δ=0.048292, new_best=0.714207, reward=14.86
---------------------------------
| rollout/           |          |
|    ep_len_mean     | 16       |
|    ep_rew_mean     | -41.7    |
| time/              |          |
|    episodes        | 232      |
|    fps             | 12       |
|    time_elapsed    | 287      |
|    total_timesteps | 3712     |
---------------------------------
✓ [SUCCESS] Improvement! Δ=0.011780, new_best=0.709898, reward=6.79
✓ [SUCCESS] Improvement! Δ=0.103133, new_best=0.665915, reward=27.27
✓ [SUCCESS] Improvement! Δ=0.080606, new_best=0.665915, reward=23.71
✓ [SUCCESS] Improvement! Δ=0.043983, new_best=0.709898, reward=16.83
---------------------------------
| rollout/           |          |
|    ep_len_mean     | 16       |
|    ep_rew_mean     | -42.2    |
| time/              |          |
|    episodes        | 236      |
|    fps             | 12       |
|    time_elapsed    | 292      |
|    total_timesteps | 3776     |
---------------------------------
✓ [SUCCESS] Improvement! Δ=0.033664, new_best=0.665915, reward=12.37
✓ [SUCCESS] Improvement! Δ=0.064914, new_best=0.618107, reward=17.20
✓ [SUCCESS] Improvement! Δ=0.047808, new_best=0.665915, reward=12.57
✓ [SUCCESS] Improvement! Δ=0.048292, new_best=0.714207, reward=18.18
✓ [SUCCESS] Improvement! Δ=0.033664, new_best=0.665915, reward=12.37
✓ [SUCCESS] Improvement! Δ=0.049798, new_best=0.715713, reward=6.63
---------------------------------
| rollout/           |          |
|    ep_len_mean     | 16       |
|    ep_rew_mean     | -42.4    |
| time/              |          |
|    episodes        | 240      |
|    fps             | 12       |
|    time_elapsed    | 297      |
|    total_timesteps | 3840     |
---------------------------------
✓ [SUCCESS] Improvement! Δ=0.063127, new_best=0.665915, reward=14.54
✓ [SUCCESS] Improvement! Δ=0.047523, new_best=0.611901, reward=12.23
✓ [SUCCESS] Improvement! Δ=0.127170, new_best=0.665915, reward=34.42
✓ [SUCCESS] Improvement! Δ=0.050858, new_best=0.716773, reward=9.00
✓ [SUCCESS] Improvement! Δ=0.118255, new_best=0.665915, reward=35.20
---------------------------------
| rollout/           |          |
|    ep_len_mean     | 16       |
|    ep_rew_mean     | -41.4    |
| time/              |          |
|    episodes        | 244      |
|    fps             | 12       |
|    time_elapsed    | 302      |
|    total_timesteps | 3904     |
---------------------------------
✓ [SUCCESS] Improvement! Δ=0.065164, new_best=0.665915, reward=17.38
✓ [SUCCESS] Improvement! Δ=0.049798, new_best=0.715713, reward=10.64
✓ [SUCCESS] Improvement! Δ=0.009331, new_best=0.611901, reward=2.40
✓ [SUCCESS] Improvement! Δ=0.010517, new_best=0.622418, reward=5.09
✓ [SUCCESS] Improvement! Δ=0.036007, new_best=0.658424, reward=8.19
✓ [SUCCESS] Improvement! Δ=0.007246, new_best=0.611901, reward=2.14
✓ [SUCCESS] Improvement! Δ=0.047486, new_best=0.659387, reward=17.93
---------------------------------
| rollout/           |          |
|    ep_len_mean     | 16       |
|    ep_rew_mean     | -41.2    |
| time/              |          |
|    episodes        | 248      |
|    fps             | 12       |
|    time_elapsed    | 307      |
|    total_timesteps | 3968     |
---------------------------------
✓ [SUCCESS] Improvement! Δ=0.061723, new_best=0.611901, reward=9.77
✓ [SUCCESS] Improvement! Δ=0.030792, new_best=0.642692, reward=9.60
✓ [SUCCESS] Improvement! Δ=0.158083, new_best=0.715713, reward=29.53
✓ [SUCCESS] Improvement! Δ=0.171171, new_best=0.715713, reward=43.67
---------------------------------
| rollout/           |          |
|    ep_len_mean     | 16       |
|    ep_rew_mean     | -42.3    |
| time/              |          |
|    episodes        | 252      |
|    fps             | 12       |
|    time_elapsed    | 312      |
|    total_timesteps | 4032     |
---------------------------------
✓ [SUCCESS] Improvement! Δ=0.033021, new_best=0.665915, reward=7.83
✓ [SUCCESS] Improvement! Δ=0.117821, new_best=0.665915, reward=32.07
✓ [SUCCESS] Improvement! Δ=0.048292, new_best=0.714207, reward=18.18
✓ [SUCCESS] Improvement! Δ=0.018196, new_best=0.611901, reward=4.88
---------------------------------
| rollout/           |          |
|    ep_len_mean     | 16       |
|    ep_rew_mean     | -41.9    |
| time/              |          |
|    episodes        | 256      |
|    fps             | 12       |
|    time_elapsed    | 317      |
|    total_timesteps | 4096     |
---------------------------------

================================================================================
EVALUATION METRICS - Round 1
================================================================================
Current Round Statistics:
  Average Fitness (top-128): -4.360733
  Diversity: 3.000000
  Novelty: 1.000000
  Highest in batch: 3.000000

Global Statistics:
  Global Maximum Fitness (normalized): 0.764965
  Initial Maximum Fitness: 0.311339
  Absolute Improvement: 0.453626
  Percentage Improvement: 145.70%
  Total Unique Sequences Discovered: 128
  Total Oracle Calls: 3840

  Buffer Status:
    Best in current pool: 0.764965
    Global best (tracked): 0.764965

Top 10 Discovered Sequences:
  1. Fitness: 0.764965 | Seq: DIYAICACCKVESKNEGKKNEVFNNYTFRGLGNKGVLPWKCNSLDMKYFCAVTTYVNESKYEKLKYKRCKYLNKETVDNVNDMPNSKKLQNVVVMGRTSWESIPKNFKPLSNRINVILSRTLKKEDFDEDVYIINKVEDLIVLLGKLNYYKCFIIGGSVVYQEFLEKKLIKKIYFTRINSTYECDVFFPEINENEWQIISVSDVYTSNNTTLDFIIYKK
  2. Fitness: 0.763236 | Seq: DIYAICACCKVESKNEGKKNEVFNNYTFRGLGNKGVLPWKCNSLDMKYFCAVTTYVNESKYEKLKYKRCKYLNKETVDNVNDMPNSKKLQNVVVMGRTSWESIPKKFKPLSNRINIILSRTLKKEDFDEDVYIINKVEDLIVLLGKLNYYKCFIIGGSVVYQEFLEKKLIKKIYFTRINSTYECDVFFPEINENEWQIISVSDVYTSNNTTLDFIIYKK
  3. Fitness: 0.759027 | Seq: DIYAICACCKVESKNEGKKNEVFNNYTFRGLGNKGVLPWKCNSLDMKYFCAVTTYVNESKYEKLKYKRCKYLNKETVDNVNDMPNSKKLQNVVVMGRTSWESIPKKFKPLSNRINIILSRTLKKEDFDEDVYIINKVEDLIVLLGKLNYYKCFIIGGSVVYQEFLEKKLIKKIYFTRINSTYECDVFFPEINENEFQIISVSDVYTSNNTTLDFIIYKK
  4. Fitness: 0.734183 | Seq: DIYAICACCKVESKNEGKKNEVFNNYTFRGLGNKGVLPWKCNSLDMKYFCAVTTYVNESKYEKLKYKRCKYLNKETVDNVNDMPNSKKLQNVVVMGRTSWESIPKQFKPLSNRINIILSRTLKKEDFDEDVYIINKVEDLIVLLGKLNYYKCFIIGGSVVYQEFLEKKLIKKIYFTRINSTYECDVFFPEINENEYQIISVSDVYTSNNTTLDFIIYKK
  5. Fitness: 0.719521 | Seq: DIYAICACCKVESKNEGKKNEVFNNYTFRGLGNKGVLPWKCNSLDMKYFCAVTTYVNESKYEKLKYKRCKYLNKETVDNVNDMPNSKKLQNVVVMGRTSWESIPKGFKPLSNRINIILSRTLKKEDFDEDVYIINKVEDLIVLLGKLNYYKCFIIGGSVVYQEFLEKKLIKKIYFTRINSTYECDVFFPEINENEYQIISVSDVYTSNNTTLDFIIYKK
  6. Fitness: 0.716773 | Seq: DIYAICACCKVESKNEGKKNEVFNNYTFRGLGNKGVLPWKCNSLDMKYFCAVTTYVNESKYEKLKYKRCKYLNKETVDNVNDMPNSKKLQNVVVMGRTSWESIPKNFKPLSNRINVILSRTLKKEDFDEDVYIINKVEDLIVLLGKLNYYKCFIIGGSVVYQEFLEKKLIKKIYFTRINSTYECDVFFPEINENEYQIISVSDVYTSNNTTLDFIIYKK
  7. Fitness: 0.715713 | Seq: DIYAICACCKVESKNEGKKNEVFNNYTFRGLGNKGVLPWKCNSLDMKYFCAVTTYVNESKYEKLKYKRCKYLNKETVDNVNDMPNSKKLQNVVVMGRTSWESIPKKFKPLSNRINIILSRTLKKEDFDEDVYIINKVEDLIVLLGKLNYYKCFIIGGSVVYQEFLEKKLIKKIYFTRINSTYECDVFFPEINENEYQIISVSDVYTSNNTTLDFIIYKK
  8. Fitness: 0.714207 | Seq: DIYAICACCKVESKNEGKKNEVFNNYTFRGLGNKGVLPWKCNSLDMKYFCAVTTYVNESKYEKLKYKRCKYLNKETVDNVNDMPNSKKLQNVVVMGRTSWESIPKKFKPLSNRINVILSRTLKKEDFDEDVYIINKVEDLIVLLGKLNYYKCFIIGGSVVYQEFLEKKLIKKIYFTRINSTYECDVFFPEINENEWQIISVSDVYTSNNTTLDFIIYKK
  9. Fitness: 0.709898 | Seq: DIYAICACCKVESKNEGKKNEVFNNYTFRGLGNKGVLPWKCNSLDMKYFCAVTTYVNESKYEKLKYKRCKYLNKETVDNVNDMPNSKKLQNVVVMGRTSWESIPKKFKPLSNRINVILSRTLKKEDFDEDVYIINKVEDLIVLLGKLNYYKCFIIGGSVVYQEFLEKKLIKKIYFTRINSTYECDVFFPEINENEFQIISVSDVYTSNNTTLDFIIYKK
  10. Fitness: 0.702201 | Seq: DIYAICACCKVESKNEGKKNEVFNNYTFRGLLNKGVLPWKCNSLDMKYFCAVTTYVNESKYEKLKYKRCKYLNKETVDNVNDMPNSKKLQNVVVMGRTSWESIPKKFKPLSNRINIILSRTLKKEDFDEDVYIINKVEDLIVLLGKLNYYKCFIIGGSVVYQEFLEKKLIKKIYFTRINSTYECDVFFPEINENEFQIISVSDVYTSNNTTLDFIIYKK
================================================================================

✓ [SUCCESS] Improvement! Δ=0.067771, new_best=0.665915, reward=16.53
✓ [SUCCESS] Improvement! Δ=0.048292, new_best=0.714207, reward=18.18
✓ [SUCCESS] Improvement! Δ=0.060362, new_best=0.665915, reward=14.96
✓ [SUCCESS] Improvement! Δ=0.015408, new_best=0.556634, reward=7.92
✓ [SUCCESS] Improvement! Δ=0.001842, new_best=0.536713, reward=1.72
✓ [SUCCESS] Improvement! Δ=0.005916, new_best=0.542629, reward=3.78
✓ [SUCCESS] Improvement! Δ=0.123286, new_best=0.665915, reward=34.37
----------------------------------
| rollout/           |           |
|    ep_len_mean     | 16        |
|    ep_rew_mean     | -41.6     |
| time/              |           |
|    episodes        | 260       |
|    fps             | 10        |
|    time_elapsed    | 405       |
|    total_timesteps | 4160      |
| train/             |           |
|    actor_loss      | -2.78e+03 |
|    critic_loss     | 5.76e+05  |
|    ent_coef        | 10        |
|    learning_rate   | 0.0003    |
|    n_updates       | 4096      |
----------------------------------
✓ [SUCCESS] Improvement! Δ=0.020312, new_best=0.714207, reward=9.45
✓ [SUCCESS] Improvement! Δ=0.033612, new_best=0.665915, reward=2.82
✓ [SUCCESS] Improvement! Δ=0.043983, new_best=0.709898, reward=10.99
✓ [SUCCESS] Improvement! Δ=0.005816, new_best=0.715713, reward=1.75
✓ [SUCCESS] Improvement! Δ=0.039534, new_best=0.650180, reward=7.76
✓ [SUCCESS] Improvement! Δ=0.015735, new_best=0.665915, reward=5.48
✓ [SUCCESS] Improvement! Δ=0.061623, new_best=0.665915, reward=21.52
✓ [SUCCESS] Improvement! Δ=0.043983, new_best=0.709898, reward=16.83
---------------------------------
| rollout/           |          |
|    ep_len_mean     | 16       |
|    ep_rew_mean     | -41      |
| time/              |          |
|    episodes        | 264      |
|    fps             | 10       |
|    time_elapsed    | 409      |
|    total_timesteps | 4224     |
---------------------------------
✓ [SUCCESS] Improvement! Δ=0.031275, new_best=0.715713, reward=7.76
✓ [SUCCESS] Improvement! Δ=0.150939, new_best=0.702201, reward=35.64
✓ [SUCCESS] Improvement! Δ=0.124889, new_best=0.665915, reward=28.67
✓ [SUCCESS] Improvement! Δ=0.043983, new_best=0.709898, reward=13.78
✓ [SUCCESS] Improvement! Δ=0.004309, new_best=0.714207, reward=4.46
---------------------------------
| rollout/           |          |
|    ep_len_mean     | 16       |
|    ep_rew_mean     | -41.3    |
| time/              |          |
|    episodes        | 268      |
|    fps             | 10       |
|    time_elapsed    | 413      |
|    total_timesteps | 4288     |
---------------------------------
✓ [SUCCESS] Improvement! Δ=0.053336, new_best=0.611901, reward=9.48
✓ [SUCCESS] Improvement! Δ=0.046524, new_best=0.658424, reward=10.69
✓ [SUCCESS] Improvement! Δ=0.090633, new_best=0.665915, reward=22.63
✓ [SUCCESS] Improvement! Δ=0.049798, new_best=0.715713, reward=6.63
✓ [SUCCESS] Improvement! Δ=0.015092, new_best=0.665272, reward=7.82
✓ [SUCCESS] Improvement! Δ=0.000643, new_best=0.665915, reward=2.60
✓ [SUCCESS] Improvement! Δ=0.071855, new_best=0.665915, reward=9.36
✓ [SUCCESS] Improvement! Δ=0.049798, new_best=0.715713, reward=6.63
---------------------------------
| rollout/           |          |
|    ep_len_mean     | 16       |
|    ep_rew_mean     | -41.3    |
| time/              |          |
|    episodes        | 272      |
|    fps             | 10       |
|    time_elapsed    | 417      |
|    total_timesteps | 4352     |
---------------------------------
✓ [SUCCESS] Improvement! Δ=0.059454, new_best=0.605553, reward=9.80
✓ [SUCCESS] Improvement! Δ=0.060362, new_best=0.665915, reward=14.49
✓ [SUCCESS] Improvement! Δ=0.049798, new_best=0.715713, reward=14.69
✓ [SUCCESS] Improvement! Δ=0.015735, new_best=0.665915, reward=4.55
---------------------------------
| rollout/           |          |
|    ep_len_mean     | 16       |
|    ep_rew_mean     | -42.8    |
| time/              |          |
|    episodes        | 276      |
|    fps             | 10       |
|    time_elapsed    | 422      |
|    total_timesteps | 4416     |
---------------------------------
✓ [SUCCESS] Improvement! Δ=0.040179, new_best=0.611901, reward=5.74
✓ [SUCCESS] Improvement! Δ=0.046524, new_best=0.658424, reward=6.27
✓ [SUCCESS] Improvement! Δ=0.080252, new_best=0.665915, reward=7.65
✓ [SUCCESS] Improvement! Δ=0.043983, new_best=0.709898, reward=14.11
✓ [SUCCESS] Improvement! Δ=0.090633, new_best=0.665915, reward=23.90
---------------------------------
| rollout/           |          |
|    ep_len_mean     | 16       |
|    ep_rew_mean     | -42.5    |
| time/              |          |
|    episodes        | 280      |
|    fps             | 10       |
|    time_elapsed    | 426      |
|    total_timesteps | 4480     |
---------------------------------
✓ [SUCCESS] Improvement! Δ=0.090633, new_best=0.665915, reward=21.39
✓ [SUCCESS] Improvement! Δ=0.015732, new_best=0.658424, reward=5.02
✓ [SUCCESS] Improvement! Δ=0.004309, new_best=0.714207, reward=4.46
✓ [SUCCESS] Improvement! Δ=0.014906, new_best=0.665915, reward=3.43
---------------------------------
| rollout/           |          |
|    ep_len_mean     | 16       |
|    ep_rew_mean     | -43      |
| time/              |          |
|    episodes        | 284      |
|    fps             | 10       |
|    time_elapsed    | 431      |
|    total_timesteps | 4544     |
---------------------------------
✓ [SUCCESS] Improvement! Δ=0.098587, new_best=0.665915, reward=28.77
✓ [SUCCESS] Improvement! Δ=0.020363, new_best=0.611901, reward=6.46
✓ [SUCCESS] Improvement! Δ=0.046524, new_best=0.658424, reward=6.27
✓ [SUCCESS] Improvement! Δ=0.040179, new_best=0.611901, reward=6.24
✓ [SUCCESS] Improvement! Δ=0.062572, new_best=0.665915, reward=8.23
✓ [SUCCESS] Improvement! Δ=0.049798, new_best=0.715713, reward=6.63
---------------------------------
| rollout/           |          |
|    ep_len_mean     | 16       |
|    ep_rew_mean     | -43.4    |
| time/              |          |
|    episodes        | 288      |
|    fps             | 10       |
|    time_elapsed    | 436      |
|    total_timesteps | 4608     |
---------------------------------
✓ [SUCCESS] Improvement! Δ=0.034938, new_best=0.665915, reward=9.58
✓ [SUCCESS] Improvement! Δ=0.012467, new_best=0.610645, reward=4.79
✓ [SUCCESS] Improvement! Δ=0.044787, new_best=0.655433, reward=16.21
✓ [SUCCESS] Improvement! Δ=0.010482, new_best=0.665915, reward=4.31
✓ [SUCCESS] Improvement! Δ=0.004448, new_best=0.665915, reward=2.73
✓ [SUCCESS] Improvement! Δ=0.032261, new_best=0.698175, reward=9.95
✓ [SUCCESS] Improvement! Δ=0.004757, new_best=0.665915, reward=3.14
✓ [SUCCESS] Improvement! Δ=0.049798, new_best=0.715713, reward=5.20
---------------------------------
| rollout/           |          |
|    ep_len_mean     | 16       |
|    ep_rew_mean     | -43.7    |
| time/              |          |
|    episodes        | 292      |
|    fps             | 10       |
|    time_elapsed    | 441      |
|    total_timesteps | 4672     |
---------------------------------
✓ [SUCCESS] Improvement! Δ=0.115905, new_best=0.665915, reward=25.52
✓ [SUCCESS] Improvement! Δ=0.049798, new_best=0.715713, reward=6.63
✓ [SUCCESS] Improvement! Δ=0.009839, new_best=0.665272, reward=5.00
✓ [SUCCESS] Improvement! Δ=0.000643, new_best=0.665915, reward=2.26
✓ [SUCCESS] Improvement! Δ=0.009839, new_best=0.665272, reward=4.78
✓ [SUCCESS] Improvement! Δ=0.000643, new_best=0.665915, reward=2.24
✓ [SUCCESS] Improvement! Δ=0.043983, new_best=0.709898, reward=14.83
✓ [SUCCESS] Improvement! Δ=0.046128, new_best=0.611901, reward=9.90
✓ [SUCCESS] Improvement! Δ=0.043284, new_best=0.655185, reward=16.62
---------------------------------
| rollout/           |          |
|    ep_len_mean     | 16       |
|    ep_rew_mean     | -43.9    |
| time/              |          |
|    episodes        | 296      |
|    fps             | 10       |
|    time_elapsed    | 446      |
|    total_timesteps | 4736     |
---------------------------------
✓ [SUCCESS] Improvement! Δ=0.018196, new_best=0.611901, reward=7.99
✓ [SUCCESS] Improvement! Δ=0.046524, new_best=0.658424, reward=9.93
✓ [SUCCESS] Improvement! Δ=0.033404, new_best=0.665915, reward=6.26
✓ [SUCCESS] Improvement! Δ=0.097321, new_best=0.763236, reward=23.77
✓ [SUCCESS] Improvement! Δ=0.015735, new_best=0.665915, reward=5.93
---------------------------------
| rollout/           |          |
|    ep_len_mean     | 16       |
|    ep_rew_mean     | -44.1    |
| time/              |          |
|    episodes        | 300      |
|    fps             | 10       |
|    time_elapsed    | 450      |
|    total_timesteps | 4800     |
---------------------------------
✓ [SUCCESS] Improvement! Δ=0.071673, new_best=0.665915, reward=16.59
✓ [SUCCESS] Improvement! Δ=0.010510, new_best=0.676425, reward=4.54
✓ [SUCCESS] Improvement! Δ=0.106439, new_best=0.665915, reward=28.45
✓ [SUCCESS] Improvement! Δ=0.014693, new_best=0.571327, reward=5.51
✓ [SUCCESS] Improvement! Δ=0.010333, new_best=0.581660, reward=5.18
✓ [SUCCESS] Improvement! Δ=0.025852, new_best=0.665915, reward=6.27
✓ [SUCCESS] Improvement! Δ=0.049798, new_best=0.715713, reward=6.63
---------------------------------
| rollout/           |          |
|    ep_len_mean     | 16       |
|    ep_rew_mean     | -45.4    |
| time/              |          |
|    episodes        | 304      |
|    fps             | 10       |
|    time_elapsed    | 455      |
|    total_timesteps | 4864     |
---------------------------------
✓ [SUCCESS] Improvement! Δ=0.080633, new_best=0.665915, reward=19.26
✓ [SUCCESS] Improvement! Δ=0.010510, new_best=0.676425, reward=5.09
✓ [SUCCESS] Improvement! Δ=0.031830, new_best=0.651009, reward=6.78
✓ [SUCCESS] Improvement! Δ=0.014906, new_best=0.665915, reward=5.29
✓ [SUCCESS] Improvement! Δ=0.049798, new_best=0.715713, reward=10.88
✓ [SUCCESS] Improvement! Δ=0.022862, new_best=0.598144, reward=6.37
✓ [SUCCESS] Improvement! Δ=0.067771, new_best=0.665915, reward=16.44
✓ [SUCCESS] Improvement! Δ=0.049798, new_best=0.715713, reward=6.63
---------------------------------
| rollout/           |          |
|    ep_len_mean     | 16       |
|    ep_rew_mean     | -46.3    |
| time/              |          |
|    episodes        | 308      |
|    fps             | 10       |
|    time_elapsed    | 460      |
|    total_timesteps | 4928     |
---------------------------------
✓ [SUCCESS] Improvement! Δ=0.010391, new_best=0.563583, reward=4.66
✓ [SUCCESS] Improvement! Δ=0.102331, new_best=0.665915, reward=29.39
✓ [SUCCESS] Improvement! Δ=0.039249, new_best=0.665915, reward=8.12
✓ [SUCCESS] Improvement! Δ=0.049798, new_best=0.715713, reward=11.50
---------------------------------
| rollout/           |          |
|    ep_len_mean     | 16       |
|    ep_rew_mean     | -46.8    |
| time/              |          |
|    episodes        | 312      |
|    fps             | 10       |
|    time_elapsed    | 465      |
|    total_timesteps | 4992     |
---------------------------------
✓ [SUCCESS] Improvement! Δ=0.114593, new_best=0.665915, reward=12.82
✓ [SUCCESS] Improvement! Δ=0.061623, new_best=0.665915, reward=18.74
✓ [SUCCESS] Improvement! Δ=0.049798, new_best=0.715713, reward=11.03
✓ [SUCCESS] Improvement! Δ=0.026401, new_best=0.665915, reward=3.74
✓ [SUCCESS] Improvement! Δ=0.048292, new_best=0.714207, reward=18.18
✓ [SUCCESS] Improvement! Δ=0.028446, new_best=0.665915, reward=10.89
---------------------------------
| rollout/           |          |
|    ep_len_mean     | 16       |
|    ep_rew_mean     | -46.3    |
| time/              |          |
|    episodes        | 316      |
|    fps             | 10       |
|    time_elapsed    | 470      |
|    total_timesteps | 5056     |
---------------------------------
✓ [SUCCESS] Improvement! Δ=0.076769, new_best=0.665915, reward=13.92
✓ [SUCCESS] Improvement! Δ=0.049798, new_best=0.715713, reward=6.63
✓ [SUCCESS] Improvement! Δ=0.031275, new_best=0.715713, reward=6.18
✓ [SUCCESS] Improvement! Δ=0.046392, new_best=0.665915, reward=10.54
✓ [SUCCESS] Improvement! Δ=0.043983, new_best=0.709898, reward=6.70
✓ [SUCCESS] Improvement! Δ=0.005816, new_best=0.715713, reward=1.75
✓ [SUCCESS] Improvement! Δ=0.020930, new_best=0.611901, reward=4.26
✓ [SUCCESS] Improvement! Δ=0.046524, new_best=0.658424, reward=6.27
---------------------------------
| rollout/           |          |
|    ep_len_mean     | 16       |
|    ep_rew_mean     | -45.4    |
| time/              |          |
|    episodes        | 320      |
|    fps             | 10       |
|    time_elapsed    | 475      |
|    total_timesteps | 5120     |
---------------------------------
✓ [SUCCESS] Improvement! Δ=0.042334, new_best=0.611901, reward=11.12
✓ [SUCCESS] Improvement! Δ=0.010517, new_best=0.622418, reward=2.52
✓ [SUCCESS] Improvement! Δ=0.036007, new_best=0.658424, reward=8.65
✓ [SUCCESS] Improvement! Δ=0.039108, new_best=0.709898, reward=15.31
✓ [SUCCESS] Improvement! Δ=0.006731, new_best=0.611901, reward=2.06
✓ [SUCCESS] Improvement! Δ=0.072378, new_best=0.665915, reward=14.40
✓ [SUCCESS] Improvement! Δ=0.048292, new_best=0.714207, reward=18.18
---------------------------------
| rollout/           |          |
|    ep_len_mean     | 16       |
|    ep_rew_mean     | -43.2    |
| time/              |          |
|    episodes        | 324      |
|    fps             | 10       |
|    time_elapsed    | 480      |
|    total_timesteps | 5184     |
---------------------------------
✓ [SUCCESS] Improvement! Δ=0.000643, new_best=0.665915, reward=2.79
✓ [SUCCESS] Improvement! Δ=0.048292, new_best=0.714207, reward=18.18
✓ [SUCCESS] Improvement! Δ=0.031275, new_best=0.715713, reward=5.24
✓ [SUCCESS] Improvement! Δ=0.036657, new_best=0.665915, reward=8.15
✓ [SUCCESS] Improvement! Δ=0.049798, new_best=0.715713, reward=6.63
---------------------------------
| rollout/           |          |
|    ep_len_mean     | 16       |
|    ep_rew_mean     | -43.7    |
| time/              |          |
|    episodes        | 328      |
|    fps             | 10       |
|    time_elapsed    | 485      |
|    total_timesteps | 5248     |
---------------------------------
✓ [SUCCESS] Improvement! Δ=0.073446, new_best=0.665915, reward=12.49
✓ [SUCCESS] Improvement! Δ=0.060362, new_best=0.665915, reward=14.01
✓ [SUCCESS] Improvement! Δ=0.032746, new_best=0.665915, reward=9.11
✓ [SUCCESS] Improvement! Δ=0.074287, new_best=0.665915, reward=11.09
✓ [SUCCESS] Improvement! Δ=0.048292, new_best=0.714207, reward=18.18
---------------------------------
| rollout/           |          |
|    ep_len_mean     | 16       |
|    ep_rew_mean     | -43      |
| time/              |          |
|    episodes        | 332      |
|    fps             | 10       |
|    time_elapsed    | 490      |
|    total_timesteps | 5312     |
---------------------------------
✓ [SUCCESS] Improvement! Δ=0.033612, new_best=0.665915, reward=7.62
✓ [SUCCESS] Improvement! Δ=0.083087, new_best=0.665915, reward=17.07
---------------------------------
| rollout/           |          |
|    ep_len_mean     | 16       |
|    ep_rew_mean     | -43.8    |
| time/              |          |
|    episodes        | 336      |
|    fps             | 10       |
|    time_elapsed    | 495      |
|    total_timesteps | 5376     |
---------------------------------
✓ [SUCCESS] Improvement! Δ=0.048506, new_best=0.611901, reward=11.75
✓ [SUCCESS] Improvement! Δ=0.065175, new_best=0.665915, reward=17.21
---------------------------------
| rollout/           |          |
|    ep_len_mean     | 16       |
|    ep_rew_mean     | -44.4    |
| time/              |          |
|    episodes        | 340      |
|    fps             | 10       |
|    time_elapsed    | 500      |
|    total_timesteps | 5440     |
---------------------------------
✓ [SUCCESS] Improvement! Δ=0.021818, new_best=0.715713, reward=3.53
✓ [SUCCESS] Improvement! Δ=0.098753, new_best=0.665915, reward=27.58
✓ [SUCCESS] Improvement! Δ=0.048292, new_best=0.714207, reward=16.18
✓ [SUCCESS] Improvement! Δ=0.048366, new_best=0.707753, reward=18.20
---------------------------------
| rollout/           |          |
|    ep_len_mean     | 16       |
|    ep_rew_mean     | -45.5    |
| time/              |          |
|    episodes        | 344      |
|    fps             | 10       |
|    time_elapsed    | 505      |
|    total_timesteps | 5504     |
---------------------------------
✓ [SUCCESS] Improvement! Δ=0.039945, new_best=0.611901, reward=8.89
✓ [SUCCESS] Improvement! Δ=0.108836, new_best=0.665915, reward=29.84
✓ [SUCCESS] Improvement! Δ=0.083229, new_best=0.655185, reward=22.18
✓ [SUCCESS] Improvement! Δ=0.003240, new_best=0.658424, reward=2.93
✓ [SUCCESS] Improvement! Δ=0.000962, new_best=0.659387, reward=2.26
---------------------------------
| rollout/           |          |
|    ep_len_mean     | 16       |
|    ep_rew_mean     | -45.3    |
| time/              |          |
|    episodes        | 348      |
|    fps             | 10       |
|    time_elapsed    | 510      |
|    total_timesteps | 5568     |
---------------------------------
✓ [SUCCESS] Improvement! Δ=0.075759, new_best=0.665915, reward=19.63
✓ [SUCCESS] Improvement! Δ=0.048292, new_best=0.714207, reward=16.51
✓ [SUCCESS] Improvement! Δ=0.065060, new_best=0.707753, reward=18.19
---------------------------------
| rollout/           |          |
|    ep_len_mean     | 16       |
|    ep_rew_mean     | -45.5    |
| time/              |          |
|    episodes        | 352      |
|    fps             | 10       |
|    time_elapsed    | 514      |
|    total_timesteps | 5632     |
---------------------------------
✓ [SUCCESS] Improvement! Δ=0.051172, new_best=0.665915, reward=12.56
✓ [SUCCESS] Improvement! Δ=0.032261, new_best=0.698175, reward=9.95
✓ [SUCCESS] Improvement! Δ=0.061623, new_best=0.665915, reward=21.52
✓ [SUCCESS] Improvement! Δ=0.029922, new_best=0.603343, reward=5.07
✓ [SUCCESS] Improvement! Δ=0.039183, new_best=0.642526, reward=5.46
✓ [SUCCESS] Improvement! Δ=0.023389, new_best=0.665915, reward=2.90
✓ [SUCCESS] Improvement! Δ=0.029609, new_best=0.695524, reward=6.90
---------------------------------
| rollout/           |          |
|    ep_len_mean     | 16       |
|    ep_rew_mean     | -45.8    |
| time/              |          |
|    episodes        | 356      |
|    fps             | 10       |
|    time_elapsed    | 520      |
|    total_timesteps | 5696     |
---------------------------------
✓ [SUCCESS] Improvement! Δ=0.051705, new_best=0.665915, reward=13.12
✓ [SUCCESS] Improvement! Δ=0.025459, new_best=0.709898, reward=9.36
✓ [SUCCESS] Improvement! Δ=0.004309, new_best=0.714207, reward=4.30
✓ [SUCCESS] Improvement! Δ=0.098290, new_best=0.715713, reward=19.11
---------------------------------
| rollout/           |          |
|    ep_len_mean     | 16       |
|    ep_rew_mean     | -47.2    |
| time/              |          |
|    episodes        | 360      |
|    fps             | 10       |
|    time_elapsed    | 524      |
|    total_timesteps | 5760     |
---------------------------------
✓ [SUCCESS] Improvement! Δ=0.028446, new_best=0.665915, reward=10.89
✓ [SUCCESS] Improvement! Δ=0.110714, new_best=0.715713, reward=16.17
✓ [SUCCESS] Improvement! Δ=0.076729, new_best=0.709898, reward=23.47
✓ [SUCCESS] Improvement! Δ=0.005816, new_best=0.715713, reward=1.75
---------------------------------
| rollout/           |          |
|    ep_len_mean     | 16       |
|    ep_rew_mean     | -47.9    |
| time/              |          |
|    episodes        | 364      |
|    fps             | 10       |
|    time_elapsed    | 529      |
|    total_timesteps | 5824     |
---------------------------------
✓ [SUCCESS] Improvement! Δ=0.039249, new_best=0.665915, reward=12.89
✓ [SUCCESS] Improvement! Δ=0.048292, new_best=0.714207, reward=18.18
✓ [SUCCESS] Improvement! Δ=0.015732, new_best=0.658424, reward=2.86
✓ [SUCCESS] Improvement! Δ=0.082440, new_best=0.658424, reward=14.69
---------------------------------
| rollout/           |          |
|    ep_len_mean     | 16       |
|    ep_rew_mean     | -48      |
| time/              |          |
|    episodes        | 368      |
|    fps             | 11       |
|    time_elapsed    | 534      |
|    total_timesteps | 5888     |
---------------------------------
✓ [SUCCESS] Improvement! Δ=0.021818, new_best=0.715713, reward=5.39
✓ [SUCCESS] Improvement! Δ=0.080252, new_best=0.665915, reward=20.87
✓ [SUCCESS] Improvement! Δ=0.017377, new_best=0.611901, reward=5.82
✓ [SUCCESS] Improvement! Δ=0.047486, new_best=0.659387, reward=17.93
---------------------------------
| rollout/           |          |
|    ep_len_mean     | 16       |
|    ep_rew_mean     | -48.3    |
| time/              |          |
|    episodes        | 372      |
|    fps             | 11       |
|    time_elapsed    | 539      |
|    total_timesteps | 5952     |
---------------------------------
✓ [SUCCESS] Improvement! Δ=0.050821, new_best=0.653445, reward=16.71
✓ [SUCCESS] Improvement! Δ=0.053345, new_best=0.706790, reward=14.03
✓ [SUCCESS] Improvement! Δ=0.039945, new_best=0.611901, reward=8.89
✓ [SUCCESS] Improvement! Δ=0.095852, new_best=0.707753, reward=26.37
✓ [SUCCESS] Improvement! Δ=0.048957, new_best=0.665915, reward=7.23
✓ [SUCCESS] Improvement! Δ=0.049798, new_best=0.715713, reward=8.95
---------------------------------
| rollout/           |          |
|    ep_len_mean     | 16       |
|    ep_rew_mean     | -48.3    |
| time/              |          |
|    episodes        | 376      |
|    fps             | 11       |
|    time_elapsed    | 544      |
|    total_timesteps | 6016     |
---------------------------------
✓ [SUCCESS] Improvement! Δ=0.060916, new_best=0.665915, reward=4.83
✓ [SUCCESS] Improvement! Δ=0.049798, new_best=0.715713, reward=6.63
✓ [SUCCESS] Improvement! Δ=0.036969, new_best=0.659387, reward=14.65
✓ [SUCCESS] Improvement! Δ=0.065164, new_best=0.665915, reward=17.80
✓ [SUCCESS] Improvement! Δ=0.049798, new_best=0.715713, reward=10.76
---------------------------------
| rollout/           |          |
|    ep_len_mean     | 16       |
|    ep_rew_mean     | -48.6    |
| time/              |          |
|    episodes        | 380      |
|    fps             | 11       |
|    time_elapsed    | 549      |
|    total_timesteps | 6080     |
---------------------------------
✓ [SUCCESS] Improvement! Δ=0.006731, new_best=0.611901, reward=2.06
✓ [SUCCESS] Improvement! Δ=0.047106, new_best=0.665915, reward=9.08
✓ [SUCCESS] Improvement! Δ=0.014906, new_best=0.665915, reward=3.43
---------------------------------
| rollout/           |          |
|    ep_len_mean     | 16       |
|    ep_rew_mean     | -49.2    |
| time/              |          |
|    episodes        | 384      |
|    fps             | 11       |
|    time_elapsed    | 554      |
|    total_timesteps | 6144     |
---------------------------------
✓ [SUCCESS] Improvement! Δ=0.032746, new_best=0.665915, reward=11.57
✓ [SUCCESS] Improvement! Δ=0.048292, new_best=0.714207, reward=18.18
✓ [SUCCESS] Improvement! Δ=0.089991, new_best=0.665915, reward=17.47
✓ [SUCCESS] Improvement! Δ=0.026037, new_best=0.590971, reward=5.33
✓ [SUCCESS] Improvement! Δ=0.020930, new_best=0.611901, reward=4.26
---------------------------------
| rollout/           |          |
|    ep_len_mean     | 16       |
|    ep_rew_mean     | -49.3    |
| time/              |          |
|    episodes        | 388      |
|    fps             | 11       |
|    time_elapsed    | 559      |
|    total_timesteps | 6208     |
---------------------------------
✓ [SUCCESS] Improvement! Δ=0.010398, new_best=0.665915, reward=2.80
✓ [SUCCESS] Improvement! Δ=0.028446, new_best=0.665915, reward=10.89
✓ [SUCCESS] Improvement! Δ=0.043983, new_best=0.709898, reward=14.34
✓ [SUCCESS] Improvement! Δ=0.004309, new_best=0.714207, reward=4.14
✓ [SUCCESS] Improvement! Δ=0.021818, new_best=0.715713, reward=3.53
---------------------------------
| rollout/           |          |
|    ep_len_mean     | 16       |
|    ep_rew_mean     | -49.3    |
| time/              |          |
|    episodes        | 392      |
|    fps             | 11       |
|    time_elapsed    | 564      |
|    total_timesteps | 6272     |
---------------------------------
✓ [SUCCESS] Improvement! Δ=0.148552, new_best=0.715713, reward=30.27
✓ [SUCCESS] Improvement! Δ=0.043418, new_best=0.714207, reward=16.66
✓ [SUCCESS] Improvement! Δ=0.010480, new_best=0.724686, reward=4.04
✓ [SUCCESS] Improvement! Δ=0.106439, new_best=0.665915, reward=19.30
✓ [SUCCESS] Improvement! Δ=0.048506, new_best=0.611901, reward=11.75
✓ [SUCCESS] Improvement! Δ=0.047486, new_best=0.659387, reward=13.53
---------------------------------
| rollout/           |          |
|    ep_len_mean     | 16       |
|    ep_rew_mean     | -48.6    |
| time/              |          |
|    episodes        | 396      |
|    fps             | 11       |
|    time_elapsed    | 569      |
|    total_timesteps | 6336     |
---------------------------------
✓ [SUCCESS] Improvement! Δ=0.010333, new_best=0.581660, reward=6.34
✓ [SUCCESS] Improvement! Δ=0.039249, new_best=0.665915, reward=7.22
✓ [SUCCESS] Improvement! Δ=0.049798, new_best=0.715713, reward=6.63
---------------------------------
| rollout/           |          |
|    ep_len_mean     | 16       |
|    ep_rew_mean     | -49.1    |
| time/              |          |
|    episodes        | 400      |
|    fps             | 11       |
|    time_elapsed    | 574      |
|    total_timesteps | 6400     |
---------------------------------
✓ [SUCCESS] Improvement! Δ=0.035397, new_best=0.665915, reward=6.35
✓ [SUCCESS] Improvement! Δ=0.092652, new_best=0.658424, reward=19.42
✓ [SUCCESS] Improvement! Δ=0.012467, new_best=0.610645, reward=4.79
✓ [SUCCESS] Improvement! Δ=0.055269, new_best=0.665915, reward=14.80
✓ [SUCCESS] Improvement! Δ=0.002138, new_best=0.611901, reward=2.05
✓ [SUCCESS] Improvement! Δ=0.043284, new_best=0.655185, reward=16.62
✓ [SUCCESS] Improvement! Δ=0.003240, new_best=0.658424, reward=1.47
---------------------------------
| rollout/           |          |
|    ep_len_mean     | 16       |
|    ep_rew_mean     | -47.2    |
| time/              |          |
|    episodes        | 404      |
|    fps             | 11       |
|    time_elapsed    | 579      |
|    total_timesteps | 6464     |
---------------------------------
✓ [SUCCESS] Improvement! Δ=0.004757, new_best=0.665915, reward=2.14
✓ [SUCCESS] Improvement! Δ=0.095826, new_best=0.665915, reward=14.61
✓ [SUCCESS] Improvement! Δ=0.049798, new_best=0.715713, reward=12.52
✓ [SUCCESS] Improvement! Δ=0.047523, new_best=0.611901, reward=10.05
✓ [SUCCESS] Improvement! Δ=0.132296, new_best=0.709898, reward=17.73
✓ [SUCCESS] Improvement! Δ=0.005816, new_best=0.715713, reward=1.75
---------------------------------
| rollout/           |          |
|    ep_len_mean     | 16       |
|    ep_rew_mean     | -46.8    |
| time/              |          |
|    episodes        | 408      |
|    fps             | 11       |
|    time_elapsed    | 583      |
|    total_timesteps | 6528     |
---------------------------------
✓ [SUCCESS] Improvement! Δ=0.006731, new_best=0.611901, reward=2.06
✓ [SUCCESS] Improvement! Δ=0.044342, new_best=0.709898, reward=12.26
✓ [SUCCESS] Improvement! Δ=0.005816, new_best=0.715713, reward=3.36
✓ [SUCCESS] Improvement! Δ=0.054520, new_best=0.660074, reward=13.20
✓ [SUCCESS] Improvement! Δ=0.054133, new_best=0.714207, reward=16.12
✓ [SUCCESS] Improvement! Δ=0.001506, new_best=0.715713, reward=1.28
✓ [SUCCESS] Improvement! Δ=0.017538, new_best=0.715713, reward=3.06
---------------------------------
| rollout/           |          |
|    ep_len_mean     | 16       |
|    ep_rew_mean     | -46.8    |
| time/              |          |
|    episodes        | 412      |
|    fps             | 11       |
|    time_elapsed    | 588      |
|    total_timesteps | 6592     |
---------------------------------
✓ [SUCCESS] Improvement! Δ=0.075759, new_best=0.665915, reward=19.63
✓ [SUCCESS] Improvement! Δ=0.049798, new_best=0.715713, reward=13.05
✓ [SUCCESS] Improvement! Δ=0.080252, new_best=0.665915, reward=7.65
✓ [SUCCESS] Improvement! Δ=0.031275, new_best=0.715713, reward=4.58
---------------------------------
| rollout/           |          |
|    ep_len_mean     | 16       |
|    ep_rew_mean     | -48.3    |
| time/              |          |
|    episodes        | 416      |
|    fps             | 11       |
|    time_elapsed    | 593      |
|    total_timesteps | 6656     |
---------------------------------
✓ [SUCCESS] Improvement! Δ=0.072378, new_best=0.665915, reward=15.73
✓ [SUCCESS] Improvement! Δ=0.036007, new_best=0.658424, reward=5.10
✓ [SUCCESS] Improvement! Δ=0.011722, new_best=0.709898, reward=6.77
---------------------------------
| rollout/           |          |
|    ep_len_mean     | 16       |
|    ep_rew_mean     | -49.2    |
| time/              |          |
|    episodes        | 420      |
|    fps             | 11       |
|    time_elapsed    | 598      |
|    total_timesteps | 6720     |
---------------------------------
✓ [SUCCESS] Improvement! Δ=0.069956, new_best=0.665915, reward=16.06
✓ [SUCCESS] Improvement! Δ=0.049798, new_best=0.715713, reward=6.63
✓ [SUCCESS] Improvement! Δ=0.098753, new_best=0.665915, reward=24.40
✓ [SUCCESS] Improvement! Δ=0.053255, new_best=0.658424, reward=9.47
✓ [SUCCESS] Improvement! Δ=0.004272, new_best=0.662696, reward=2.36
✓ [SUCCESS] Improvement! Δ=0.076729, new_best=0.709898, reward=23.47
---------------------------------
| rollout/           |          |
|    ep_len_mean     | 16       |
|    ep_rew_mean     | -49.5    |
| time/              |          |
|    episodes        | 424      |
|    fps             | 11       |
|    time_elapsed    | 603      |
|    total_timesteps | 6784     |
---------------------------------
✓ [SUCCESS] Improvement! Δ=0.002138, new_best=0.611901, reward=2.93
✓ [SUCCESS] Improvement! Δ=0.047486, new_best=0.659387, reward=11.55
✓ [SUCCESS] Improvement! Δ=0.016351, new_best=0.676425, reward=5.90
✓ [SUCCESS] Improvement! Δ=0.037782, new_best=0.714207, reward=11.15
✓ [SUCCESS] Improvement! Δ=0.001506, new_best=0.715713, reward=2.55
✓ [SUCCESS] Improvement! Δ=0.122176, new_best=0.715713, reward=25.88
✓ [SUCCESS] Improvement! Δ=0.035397, new_best=0.665915, reward=5.97
---------------------------------
| rollout/           |          |
|    ep_len_mean     | 16       |
|    ep_rew_mean     | -49.9    |
| time/              |          |
|    episodes        | 428      |
|    fps             | 11       |
|    time_elapsed    | 608      |
|    total_timesteps | 6848     |
---------------------------------
✓ [SUCCESS] Improvement! Δ=0.048492, new_best=0.665915, reward=11.75
✓ [SUCCESS] Improvement! Δ=0.048292, new_best=0.714207, reward=18.18
✓ [SUCCESS] Improvement! Δ=0.040179, new_best=0.611901, reward=6.24
✓ [SUCCESS] Improvement! Δ=0.043284, new_best=0.655185, reward=15.69
✓ [SUCCESS] Improvement! Δ=0.010398, new_best=0.665915, reward=2.10
✓ [SUCCESS] Improvement! Δ=0.048292, new_best=0.714207, reward=12.24
✓ [SUCCESS] Improvement! Δ=0.015735, new_best=0.665915, reward=5.41
---------------------------------
| rollout/           |          |
|    ep_len_mean     | 16       |
|    ep_rew_mean     | -50      |
| time/              |          |
|    episodes        | 432      |
|    fps             | 11       |
|    time_elapsed    | 613      |
|    total_timesteps | 6912     |
---------------------------------
✓ [SUCCESS] Improvement! Δ=0.069956, new_best=0.665915, reward=16.24
✓ [SUCCESS] Improvement! Δ=0.018683, new_best=0.714207, reward=8.94
✓ [SUCCESS] Improvement! Δ=0.043782, new_best=0.658424, reward=9.37
---------------------------------
| rollout/           |          |
|    ep_len_mean     | 16       |
|    ep_rew_mean     | -50.2    |
| time/              |          |
|    episodes        | 436      |
|    fps             | 11       |
|    time_elapsed    | 618      |
|    total_timesteps | 6976     |
---------------------------------
✓ [SUCCESS] Improvement! Δ=0.047808, new_best=0.665915, reward=13.02
✓ [SUCCESS] Improvement! Δ=0.017377, new_best=0.611901, reward=6.06
✓ [SUCCESS] Improvement! Δ=0.026401, new_best=0.665915, reward=7.74
✓ [SUCCESS] Improvement! Δ=0.043983, new_best=0.709898, reward=11.94
---------------------------------
| rollout/           |          |
|    ep_len_mean     | 16       |
|    ep_rew_mean     | -49.6    |
| time/              |          |
|    episodes        | 440      |
|    fps             | 11       |
|    time_elapsed    | 623      |
|    total_timesteps | 7040     |
---------------------------------
✓ [SUCCESS] Improvement! Δ=0.078920, new_best=0.709898, reward=22.66
✓ [SUCCESS] Improvement! Δ=0.049130, new_best=0.759027, reward=13.10
✓ [SUCCESS] Improvement! Δ=0.044745, new_best=0.659387, reward=17.07
✓ [SUCCESS] Improvement! Δ=0.074485, new_best=0.665915, reward=21.45
✓ [SUCCESS] Improvement! Δ=0.048292, new_best=0.714207, reward=18.18
---------------------------------
| rollout/           |          |
|    ep_len_mean     | 16       |
|    ep_rew_mean     | -49.5    |
| time/              |          |
|    episodes        | 444      |
|    fps             | 11       |
|    time_elapsed    | 628      |
|    total_timesteps | 7104     |
---------------------------------
✓ [SUCCESS] Improvement! Δ=0.010946, new_best=0.651009, reward=3.62
✓ [SUCCESS] Improvement! Δ=0.014906, new_best=0.665915, reward=3.43
✓ [SUCCESS] Improvement! Δ=0.002111, new_best=0.611901, reward=1.50
✓ [SUCCESS] Improvement! Δ=0.033612, new_best=0.665915, reward=10.91
✓ [SUCCESS] Improvement! Δ=0.049798, new_best=0.715713, reward=6.63
✓ [SUCCESS] Improvement! Δ=0.018763, new_best=0.611901, reward=7.20
✓ [SUCCESS] Improvement! Δ=0.057942, new_best=0.669843, reward=19.92
---------------------------------
| rollout/           |          |
|    ep_len_mean     | 16       |
|    ep_rew_mean     | -49.5    |
| time/              |          |
|    episodes        | 448      |
|    fps             | 11       |
|    time_elapsed    | 633      |
|    total_timesteps | 7168     |
---------------------------------
✓ [SUCCESS] Improvement! Δ=0.014609, new_best=0.608669, reward=3.17
✓ [SUCCESS] Improvement! Δ=0.057245, new_best=0.665915, reward=14.29
✓ [SUCCESS] Improvement! Δ=0.048292, new_best=0.714207, reward=18.18
✓ [SUCCESS] Improvement! Δ=0.007465, new_best=0.590156, reward=2.98
✓ [SUCCESS] Improvement! Δ=0.075759, new_best=0.665915, reward=19.63
✓ [SUCCESS] Improvement! Δ=0.020363, new_best=0.611901, reward=3.86
---------------------------------
| rollout/           |          |
|    ep_len_mean     | 16       |
|    ep_rew_mean     | -49.2    |
| time/              |          |
|    episodes        | 452      |
|    fps             | 11       |
|    time_elapsed    | 638      |
|    total_timesteps | 7232     |
---------------------------------
✓ [SUCCESS] Improvement! Δ=0.033404, new_best=0.665915, reward=9.21
✓ [SUCCESS] Improvement! Δ=0.014906, new_best=0.665915, reward=3.43
✓ [SUCCESS] Improvement! Δ=0.019950, new_best=0.665915, reward=6.27
---------------------------------
| rollout/           |          |
|    ep_len_mean     | 16       |
|    ep_rew_mean     | -49.6    |
| time/              |          |
|    episodes        | 456      |
|    fps             | 11       |
|    time_elapsed    | 643      |
|    total_timesteps | 7296     |
---------------------------------
✓ [SUCCESS] Improvement! Δ=0.011722, new_best=0.709898, reward=6.77
✓ [SUCCESS] Improvement! Δ=0.004448, new_best=0.665915, reward=2.73
✓ [SUCCESS] Improvement! Δ=0.049798, new_best=0.715713, reward=10.13
✓ [SUCCESS] Improvement! Δ=0.001538, new_best=0.715713, reward=1.33
---------------------------------
| rollout/           |          |
|    ep_len_mean     | 16       |
|    ep_rew_mean     | -49.9    |
| time/              |          |
|    episodes        | 460      |
|    fps             | 11       |
|    time_elapsed    | 648      |
|    total_timesteps | 7360     |
---------------------------------
✓ [SUCCESS] Improvement! Δ=0.074287, new_best=0.665915, reward=11.09
✓ [SUCCESS] Improvement! Δ=0.055236, new_best=0.630518, reward=13.18
✓ [SUCCESS] Improvement! Δ=0.035397, new_best=0.665915, reward=11.36
---------------------------------
| rollout/           |          |
|    ep_len_mean     | 16       |
|    ep_rew_mean     | -50.1    |
| time/              |          |
|    episodes        | 464      |
|    fps             | 11       |
|    time_elapsed    | 652      |
|    total_timesteps | 7424     |
---------------------------------
✓ [SUCCESS] Improvement! Δ=0.012467, new_best=0.610645, reward=4.79
✓ [SUCCESS] Improvement! Δ=0.039534, new_best=0.650180, reward=8.58
✓ [SUCCESS] Improvement! Δ=0.015735, new_best=0.665915, reward=4.83
✓ [SUCCESS] Improvement! Δ=0.043983, new_best=0.709898, reward=16.83
✓ [SUCCESS] Improvement! Δ=0.015682, new_best=0.645964, reward=5.46
✓ [SUCCESS] Improvement! Δ=0.049676, new_best=0.695640, reward=6.62
✓ [SUCCESS] Improvement! Δ=0.051172, new_best=0.665915, reward=13.27
---------------------------------
| rollout/           |          |
|    ep_len_mean     | 16       |
|    ep_rew_mean     | -49.9    |
| time/              |          |
|    episodes        | 468      |
|    fps             | 11       |
|    time_elapsed    | 657      |
|    total_timesteps | 7488     |
---------------------------------
✓ [SUCCESS] Improvement! Δ=0.005841, new_best=0.665915, reward=2.23
✓ [SUCCESS] Improvement! Δ=0.043983, new_best=0.709898, reward=16.83
✓ [SUCCESS] Improvement! Δ=0.043418, new_best=0.714207, reward=16.66
✓ [SUCCESS] Improvement! Δ=0.075650, new_best=0.715713, reward=13.61
✓ [SUCCESS] Improvement! Δ=0.001060, new_best=0.716773, reward=1.83
✓ [SUCCESS] Improvement! Δ=0.061623, new_best=0.665915, reward=19.66
---------------------------------
| rollout/           |          |
|    ep_len_mean     | 16       |
|    ep_rew_mean     | -50.1    |
| time/              |          |
|    episodes        | 472      |
|    fps             | 11       |
|    time_elapsed    | 662      |
|    total_timesteps | 7552     |
---------------------------------
✓ [SUCCESS] Improvement! Δ=0.018567, new_best=0.714207, reward=7.25
✓ [SUCCESS] Improvement! Δ=0.004757, new_best=0.665915, reward=4.34
✓ [SUCCESS] Improvement! Δ=0.043983, new_best=0.709898, reward=16.83
---------------------------------
| rollout/           |          |
|    ep_len_mean     | 16       |
|    ep_rew_mean     | -50.6    |
| time/              |          |
|    episodes        | 476      |
|    fps             | 11       |
|    time_elapsed    | 667      |
|    total_timesteps | 7616     |
---------------------------------
✓ [SUCCESS] Improvement! Δ=0.009364, new_best=0.665915, reward=4.50
✓ [SUCCESS] Improvement! Δ=0.048292, new_best=0.714207, reward=18.18
✓ [SUCCESS] Improvement! Δ=0.005693, new_best=0.695640, reward=1.74
✓ [SUCCESS] Improvement! Δ=0.020073, new_best=0.715713, reward=3.34
✓ [SUCCESS] Improvement! Δ=0.025852, new_best=0.665915, reward=7.03
✓ [SUCCESS] Improvement! Δ=0.049798, new_best=0.715713, reward=8.95
✓ [SUCCESS] Improvement! Δ=0.057183, new_best=0.665915, reward=13.37
---------------------------------
| rollout/           |          |
|    ep_len_mean     | 16       |
|    ep_rew_mean     | -50.4    |
| time/              |          |
|    episodes        | 480      |
|    fps             | 11       |
|    time_elapsed    | 672      |
|    total_timesteps | 7680     |
---------------------------------
✓ [SUCCESS] Improvement! Δ=0.075301, new_best=0.653516, reward=9.71
✓ [SUCCESS] Improvement! Δ=0.062197, new_best=0.715713, reward=17.10
✓ [SUCCESS] Improvement! Δ=0.028446, new_best=0.665915, reward=8.17
✓ [SUCCESS] Improvement! Δ=0.049798, new_best=0.715713, reward=6.63
✓ [SUCCESS] Improvement! Δ=0.029642, new_best=0.610645, reward=9.95
✓ [SUCCESS] Improvement! Δ=0.055269, new_best=0.665915, reward=13.87
✓ [SUCCESS] Improvement! Δ=0.021463, new_best=0.604291, reward=8.55
✓ [SUCCESS] Improvement! Δ=0.111422, new_best=0.715713, reward=18.17
---------------------------------
| rollout/           |          |
|    ep_len_mean     | 16       |
|    ep_rew_mean     | -49.2    |
| time/              |          |
|    episodes        | 484      |
|    fps             | 11       |
|    time_elapsed    | 677      |
|    total_timesteps | 7744     |
---------------------------------
✓ [SUCCESS] Improvement! Δ=0.074287, new_best=0.665915, reward=11.09
✓ [SUCCESS] Improvement! Δ=0.050858, new_best=0.716773, reward=9.00
✓ [SUCCESS] Improvement! Δ=0.000087, new_best=0.665915, reward=2.15
✓ [SUCCESS] Improvement! Δ=0.036266, new_best=0.651009, reward=7.48
✓ [SUCCESS] Improvement! Δ=0.014906, new_best=0.665915, reward=5.29
✓ [SUCCESS] Improvement! Δ=0.093112, new_best=0.759027, reward=22.84
✓ [SUCCESS] Improvement! Δ=0.018763, new_best=0.611901, reward=7.45
✓ [SUCCESS] Improvement! Δ=0.047486, new_best=0.659387, reward=17.93
---------------------------------
| rollout/           |          |
|    ep_len_mean     | 16       |
|    ep_rew_mean     | -49.1    |
| time/              |          |
|    episodes        | 488      |
|    fps             | 11       |
|    time_elapsed    | 682      |
|    total_timesteps | 7808     |
---------------------------------
✓ [SUCCESS] Improvement! Δ=0.048641, new_best=0.645964, reward=14.67
✓ [SUCCESS] Improvement! Δ=0.049676, new_best=0.695640, reward=6.62
✓ [SUCCESS] Improvement! Δ=0.028737, new_best=0.659387, reward=12.08
✓ [SUCCESS] Improvement! Δ=0.080606, new_best=0.665915, reward=23.71
✓ [SUCCESS] Improvement! Δ=0.043983, new_best=0.709898, reward=16.83
---------------------------------
| rollout/           |          |
|    ep_len_mean     | 16       |
|    ep_rew_mean     | -48.6    |
| time/              |          |
|    episodes        | 492      |
|    fps             | 11       |
|    time_elapsed    | 687      |
|    total_timesteps | 7872     |
---------------------------------
✓ [SUCCESS] Improvement! Δ=0.024844, new_best=0.655185, reward=10.70
✓ [SUCCESS] Improvement! Δ=0.039249, new_best=0.665915, reward=10.47
✓ [SUCCESS] Improvement! Δ=0.023389, new_best=0.665915, reward=3.79
---------------------------------
| rollout/           |          |
|    ep_len_mean     | 16       |
|    ep_rew_mean     | -50      |
| time/              |          |
|    episodes        | 496      |
|    fps             | 11       |
|    time_elapsed    | 691      |
|    total_timesteps | 7936     |
---------------------------------
✓ [SUCCESS] Improvement! Δ=0.069956, new_best=0.665915, reward=16.99
✓ [SUCCESS] Improvement! Δ=0.048292, new_best=0.714207, reward=18.18
✓ [SUCCESS] Improvement! Δ=0.017377, new_best=0.611901, reward=6.06
✓ [SUCCESS] Improvement! Δ=0.010398, new_best=0.665915, reward=5.10
✓ [SUCCESS] Improvement! Δ=0.049798, new_best=0.715713, reward=10.13
---------------------------------
| rollout/           |          |
|    ep_len_mean     | 16       |
|    ep_rew_mean     | -49.3    |
| time/              |          |
|    episodes        | 500      |
|    fps             | 11       |
|    time_elapsed    | 696      |
|    total_timesteps | 8000     |
---------------------------------
✓ [SUCCESS] Improvement! Δ=0.000087, new_best=0.665915, reward=2.15
✓ [SUCCESS] Improvement! Δ=0.048292, new_best=0.714207, reward=18.18
✓ [SUCCESS] Improvement! Δ=0.010482, new_best=0.665915, reward=2.27
✓ [SUCCESS] Improvement! Δ=0.035407, new_best=0.709898, reward=5.64
---------------------------------
| rollout/           |          |
|    ep_len_mean     | 16       |
|    ep_rew_mean     | -49.7    |
| time/              |          |
|    episodes        | 504      |
|    fps             | 11       |
|    time_elapsed    | 701      |
|    total_timesteps | 8064     |
---------------------------------
✓ [SUCCESS] Improvement! Δ=0.025549, new_best=0.645964, reward=8.83
✓ [SUCCESS] Improvement! Δ=0.006845, new_best=0.645964, reward=3.19
✓ [SUCCESS] Improvement! Δ=0.068935, new_best=0.714900, reward=15.47
✓ [SUCCESS] Improvement! Δ=0.015682, new_best=0.645964, reward=5.46
---------------------------------
| rollout/           |          |
|    ep_len_mean     | 16       |
|    ep_rew_mean     | -50.2    |
| time/              |          |
|    episodes        | 508      |
|    fps             | 11       |
|    time_elapsed    | 706      |
|    total_timesteps | 8128     |
---------------------------------
✓ [SUCCESS] Improvement! Δ=0.008591, new_best=0.611901, reward=3.25
✓ [SUCCESS] Improvement! Δ=0.046524, new_best=0.658424, reward=8.46
✓ [SUCCESS] Improvement! Δ=0.054555, new_best=0.715713, reward=9.66
✓ [SUCCESS] Improvement! Δ=0.015732, new_best=0.658424, reward=3.54
✓ [SUCCESS] Improvement! Δ=0.020312, new_best=0.714207, reward=9.45
---------------------------------
| rollout/           |          |
|    ep_len_mean     | 16       |
|    ep_rew_mean     | -50.1    |
| time/              |          |
|    episodes        | 512      |
|    fps             | 11       |
|    time_elapsed    | 711      |
|    total_timesteps | 8192     |
---------------------------------

================================================================================
EVALUATION METRICS - Round 2
================================================================================
Current Round Statistics:
  Average Fitness (top-128): -4.341040
  Diversity: 3.000000
  Novelty: 1.000000
  Highest in batch: 3.000000

Global Statistics:
  Global Maximum Fitness (normalized): 0.764965
  Initial Maximum Fitness: 0.311339
  Absolute Improvement: 0.453626
  Percentage Improvement: 145.70%
  Total Unique Sequences Discovered: 184
  Total Oracle Calls: 7680

  Buffer Status:
    Best in current pool: 0.764965
    Global best (tracked): 0.764965

Top 10 Discovered Sequences:
  1. Fitness: 0.764965 | Seq: DIYAICACCKVESKNEGKKNEVFNNYTFRGLGNKGVLPWKCNSLDMKYFCAVTTYVNESKYEKLKYKRCKYLNKETVDNVNDMPNSKKLQNVVVMGRTSWESIPKNFKPLSNRINVILSRTLKKEDFDEDVYIINKVEDLIVLLGKLNYYKCFIIGGSVVYQEFLEKKLIKKIYFTRINSTYECDVFFPEINENEWQIISVSDVYTSNNTTLDFIIYKK
  2. Fitness: 0.763236 | Seq: DIYAICACCKVESKNEGKKNEVFNNYTFRGLGNKGVLPWKCNSLDMKYFCAVTTYVNESKYEKLKYKRCKYLNKETVDNVNDMPNSKKLQNVVVMGRTSWESIPKKFKPLSNRINIILSRTLKKEDFDEDVYIINKVEDLIVLLGKLNYYKCFIIGGSVVYQEFLEKKLIKKIYFTRINSTYECDVFFPEINENEWQIISVSDVYTSNNTTLDFIIYKK
  3. Fitness: 0.759027 | Seq: DIYAICACCKVESKNEGKKNEVFNNYTFRGLGNKGVLPWKCNSLDMKYFCAVTTYVNESKYEKLKYKRCKYLNKETVDNVNDMPNSKKLQNVVVMGRTSWESIPKKFKPLSNRINIILSRTLKKEDFDEDVYIINKVEDLIVLLGKLNYYKCFIIGGSVVYQEFLEKKLIKKIYFTRINSTYECDVFFPEINENEFQIISVSDVYTSNNTTLDFIIYKK
  4. Fitness: 0.734183 | Seq: DIYAICACCKVESKNEGKKNEVFNNYTFRGLGNKGVLPWKCNSLDMKYFCAVTTYVNESKYEKLKYKRCKYLNKETVDNVNDMPNSKKLQNVVVMGRTSWESIPKQFKPLSNRINIILSRTLKKEDFDEDVYIINKVEDLIVLLGKLNYYKCFIIGGSVVYQEFLEKKLIKKIYFTRINSTYECDVFFPEINENEYQIISVSDVYTSNNTTLDFIIYKK
  5. Fitness: 0.724686 | Seq: DIYAICACCKVESKNEGKKNEVFNNYTFRGLGNKGVLPWKCNSLDMKYFCAVTTYVNESKYEKLKYKRCKYLNKETVDNVNDMPNSKKLQNVVVMGRTSWESIPKRFKPLSNRINVILSRTLKKEDFDEDVYIINKVEDLIVLLGKLNYYKCFIIGGSVVYQEFLEKKLIKKIYFTRINSTYECDVFFPEINENEWQIISVSDVYTSNNTTLDFIIYKK
  6. Fitness: 0.719521 | Seq: DIYAICACCKVESKNEGKKNEVFNNYTFRGLGNKGVLPWKCNSLDMKYFCAVTTYVNESKYEKLKYKRCKYLNKETVDNVNDMPNSKKLQNVVVMGRTSWESIPKGFKPLSNRINIILSRTLKKEDFDEDVYIINKVEDLIVLLGKLNYYKCFIIGGSVVYQEFLEKKLIKKIYFTRINSTYECDVFFPEINENEYQIISVSDVYTSNNTTLDFIIYKK
  7. Fitness: 0.716773 | Seq: DIYAICACCKVESKNEGKKNEVFNNYTFRGLGNKGVLPWKCNSLDMKYFCAVTTYVNESKYEKLKYKRCKYLNKETVDNVNDMPNSKKLQNVVVMGRTSWESIPKNFKPLSNRINVILSRTLKKEDFDEDVYIINKVEDLIVLLGKLNYYKCFIIGGSVVYQEFLEKKLIKKIYFTRINSTYECDVFFPEINENEYQIISVSDVYTSNNTTLDFIIYKK
  8. Fitness: 0.715713 | Seq: DIYAICACCKVESKNEGKKNEVFNNYTFRGLGNKGVLPWKCNSLDMKYFCAVTTYVNESKYEKLKYKRCKYLNKETVDNVNDMPNSKKLQNVVVMGRTSWESIPKKFKPLSNRINIILSRTLKKEDFDEDVYIINKVEDLIVLLGKLNYYKCFIIGGSVVYQEFLEKKLIKKIYFTRINSTYECDVFFPEINENEYQIISVSDVYTSNNTTLDFIIYKK
  9. Fitness: 0.714900 | Seq: DIYAICACCKVESKNEGKKNEVFNNYTFRGLGNKGVLPWKCNSLDMKYFCAVTTYVNESKYEKLKYKRCKYLNKETVDNVNDMPNSKKLQNVVVMGRTSWESIPKNHKPLSNRINVILSRTLKKEDFDEDVYIINKVEDLIVLLGKLNYYKCFIIGGSVVYQEFLEKKLIKKIYFTRINSTYECDVFFPEINENEFQIISVSDVYTSNNTTLDFIIYKK
  10. Fitness: 0.714207 | Seq: DIYAICACCKVESKNEGKKNEVFNNYTFRGLGNKGVLPWKCNSLDMKYFCAVTTYVNESKYEKLKYKRCKYLNKETVDNVNDMPNSKKLQNVVVMGRTSWESIPKKFKPLSNRINVILSRTLKKEDFDEDVYIINKVEDLIVLLGKLNYYKCFIIGGSVVYQEFLEKKLIKKIYFTRINSTYECDVFFPEINENEWQIISVSDVYTSNNTTLDFIIYKK
================================================================================

✓ [SUCCESS] Improvement! Δ=0.030431, new_best=0.665915, reward=5.14
✓ [SUCCESS] Improvement! Δ=0.049798, new_best=0.715713, reward=8.95
✓ [SUCCESS] Improvement! Δ=0.010398, new_best=0.665915, reward=4.34
✓ [SUCCESS] Improvement! Δ=0.049798, new_best=0.715713, reward=6.63
✓ [SUCCESS] Improvement! Δ=0.047106, new_best=0.665915, reward=9.08
✓ [SUCCESS] Improvement! Δ=0.048292, new_best=0.714207, reward=18.18
✓ [SUCCESS] Improvement! Δ=0.020363, new_best=0.611901, reward=3.86
✓ [SUCCESS] Improvement! Δ=0.043284, new_best=0.655185, reward=16.62
✓ [SUCCESS] Improvement! Δ=0.003240, new_best=0.658424, reward=2.93
✓ [SUCCESS] Improvement! Δ=0.000962, new_best=0.659387, reward=3.42
----------------------------------
| rollout/           |           |
|    ep_len_mean     | 16        |
|    ep_rew_mean     | -48.6     |
| time/              |           |
|    episodes        | 516       |
|    fps             | 10        |
|    time_elapsed    | 797       |
|    total_timesteps | 8256      |
| train/             |           |
|    actor_loss      | -1.92e+05 |
|    critic_loss     | 3.12e+09  |
|    ent_coef        | 10        |
|    learning_rate   | 0.0003    |
|    n_updates       | 8192      |
----------------------------------
✓ [SUCCESS] Improvement! Δ=0.026401, new_best=0.665915, reward=7.00
✓ [SUCCESS] Improvement! Δ=0.043983, new_best=0.709898, reward=16.83
✓ [SUCCESS] Improvement! Δ=0.005816, new_best=0.715713, reward=1.29
✓ [SUCCESS] Improvement! Δ=0.050530, new_best=0.655185, reward=8.87
✓ [SUCCESS] Improvement! Δ=0.004202, new_best=0.659387, reward=3.62
---------------------------------
| rollout/           |          |
|    ep_len_mean     | 16       |
|    ep_rew_mean     | -48.1    |
| time/              |          |
|    episodes        | 520      |
|    fps             | 10       |
|    time_elapsed    | 801      |
|    total_timesteps | 8320     |
---------------------------------
✓ [SUCCESS] Improvement! Δ=0.047106, new_best=0.665915, reward=12.14
✓ [SUCCESS] Improvement! Δ=0.009260, new_best=0.605553, reward=4.09
✓ [SUCCESS] Improvement! Δ=0.060362, new_best=0.665915, reward=14.01
✓ [SUCCESS] Improvement! Δ=0.073446, new_best=0.665915, reward=12.93
✓ [SUCCESS] Improvement! Δ=0.043983, new_best=0.709898, reward=16.83
✓ [SUCCESS] Improvement! Δ=0.035407, new_best=0.709898, reward=6.24
---------------------------------
| rollout/           |          |
|    ep_len_mean     | 16       |
|    ep_rew_mean     | -48.4    |
| time/              |          |
|    episodes        | 524      |
|    fps             | 10       |
|    time_elapsed    | 805      |
|    total_timesteps | 8384     |
---------------------------------
✓ [SUCCESS] Improvement! Δ=0.000360, new_best=0.665915, reward=2.84
✓ [SUCCESS] Improvement! Δ=0.048292, new_best=0.714207, reward=18.18
✓ [SUCCESS] Improvement! Δ=0.048115, new_best=0.641653, reward=14.83
✓ [SUCCESS] Improvement! Δ=0.012399, new_best=0.665915, reward=5.04
---------------------------------
| rollout/           |          |
|    ep_len_mean     | 16       |
|    ep_rew_mean     | -48      |
| time/              |          |
|    episodes        | 528      |
|    fps             | 10       |
|    time_elapsed    | 809      |
|    total_timesteps | 8448     |
---------------------------------
✓ [SUCCESS] Improvement! Δ=0.060916, new_best=0.665915, reward=10.80
✓ [SUCCESS] Improvement! Δ=0.077595, new_best=0.709898, reward=26.90
✓ [SUCCESS] Improvement! Δ=0.008591, new_best=0.611901, reward=2.69
---------------------------------
| rollout/           |          |
|    ep_len_mean     | 16       |
|    ep_rew_mean     | -49      |
| time/              |          |
|    episodes        | 532      |
|    fps             | 10       |
|    time_elapsed    | 812      |
|    total_timesteps | 8512     |
---------------------------------
✓ [SUCCESS] Improvement! Δ=0.050656, new_best=0.665915, reward=13.54
✓ [SUCCESS] Improvement! Δ=0.029609, new_best=0.695524, reward=7.02
✓ [SUCCESS] Improvement! Δ=0.014373, new_best=0.709898, reward=7.60
✓ [SUCCESS] Improvement! Δ=0.006845, new_best=0.645964, reward=3.19
✓ [SUCCESS] Improvement! Δ=0.049676, new_best=0.695640, reward=10.05
---------------------------------
| rollout/           |          |
|    ep_len_mean     | 16       |
|    ep_rew_mean     | -47.6    |
| time/              |          |
|    episodes        | 536      |
|    fps             | 10       |
|    time_elapsed    | 816      |
|    total_timesteps | 8576     |
---------------------------------
✓ [SUCCESS] Improvement! Δ=0.069622, new_best=0.665915, reward=13.99
✓ [SUCCESS] Improvement! Δ=0.049798, new_best=0.715713, reward=6.63
✓ [SUCCESS] Improvement! Δ=0.001443, new_best=0.695640, reward=1.94
---------------------------------
| rollout/           |          |
|    ep_len_mean     | 16       |
|    ep_rew_mean     | -48.7    |
| time/              |          |
|    episodes        | 540      |
|    fps             | 10       |
|    time_elapsed    | 820      |
|    total_timesteps | 8640     |
---------------------------------
✓ [SUCCESS] Improvement! Δ=0.067771, new_best=0.665915, reward=16.77
✓ [SUCCESS] Improvement! Δ=0.048292, new_best=0.714207, reward=18.18
✓ [SUCCESS] Improvement! Δ=0.001506, new_best=0.715713, reward=1.72
✓ [SUCCESS] Improvement! Δ=0.001443, new_best=0.695640, reward=1.27
---------------------------------
| rollout/           |          |
|    ep_len_mean     | 16       |
|    ep_rew_mean     | -49.9    |
| time/              |          |
|    episodes        | 544      |
|    fps             | 10       |
|    time_elapsed    | 824      |
|    total_timesteps | 8704     |
---------------------------------
✓ [SUCCESS] Improvement! Δ=0.005841, new_best=0.665915, reward=3.15
---------------------------------
| rollout/           |          |
|    ep_len_mean     | 16       |
|    ep_rew_mean     | -51      |
| time/              |          |
|    episodes        | 548      |
|    fps             | 10       |
|    time_elapsed    | 828      |
|    total_timesteps | 8768     |
---------------------------------
✓ [SUCCESS] Improvement! Δ=0.096190, new_best=0.715713, reward=16.84
✓ [SUCCESS] Improvement! Δ=0.002111, new_best=0.611901, reward=2.92
✓ [SUCCESS] Improvement! Δ=0.001443, new_best=0.695640, reward=2.53
---------------------------------
| rollout/           |          |
|    ep_len_mean     | 16       |
|    ep_rew_mean     | -51.1    |
| time/              |          |
|    episodes        | 552      |
|    fps             | 10       |
|    time_elapsed    | 833      |
|    total_timesteps | 8832     |
---------------------------------
✓ [SUCCESS] Improvement! Δ=0.006387, new_best=0.665915, reward=2.28
✓ [SUCCESS] Improvement! Δ=0.043983, new_best=0.709898, reward=15.63
---------------------------------
| rollout/           |          |
|    ep_len_mean     | 16       |
|    ep_rew_mean     | -51.4    |
| time/              |          |
|    episodes        | 556      |
|    fps             | 10       |
|    time_elapsed    | 838      |
|    total_timesteps | 8896     |
---------------------------------
✓ [SUCCESS] Improvement! Δ=0.009364, new_best=0.665915, reward=4.50
✓ [SUCCESS] Improvement! Δ=0.048292, new_best=0.714207, reward=18.18
✓ [SUCCESS] Improvement! Δ=0.024535, new_best=0.655185, reward=10.77
---------------------------------
| rollout/           |          |
|    ep_len_mean     | 16       |
|    ep_rew_mean     | -51.7    |
| time/              |          |
|    episodes        | 560      |
|    fps             | 10       |
|    time_elapsed    | 843      |
|    total_timesteps | 8960     |
---------------------------------
✓ [SUCCESS] Improvement! Δ=0.033664, new_best=0.665915, reward=12.37
✓ [SUCCESS] Improvement! Δ=0.093112, new_best=0.759027, reward=25.84
✓ [SUCCESS] Improvement! Δ=0.044687, new_best=0.665915, reward=13.52
✓ [SUCCESS] Improvement! Δ=0.048292, new_best=0.714207, reward=15.12
✓ [SUCCESS] Improvement! Δ=0.039249, new_best=0.665915, reward=7.22
---------------------------------
| rollout/           |          |
|    ep_len_mean     | 16       |
|    ep_rew_mean     | -50.5    |
| time/              |          |
|    episodes        | 564      |
|    fps             | 10       |
|    time_elapsed    | 848      |
|    total_timesteps | 9024     |
---------------------------------
✓ [SUCCESS] Improvement! Δ=0.031680, new_best=0.659387, reward=10.73
---------------------------------
| rollout/           |          |
|    ep_len_mean     | 16       |
|    ep_rew_mean     | -51.3    |
| time/              |          |
|    episodes        | 568      |
|    fps             | 10       |
|    time_elapsed    | 853      |
|    total_timesteps | 9088     |
---------------------------------
✓ [SUCCESS] Improvement! Δ=0.035397, new_best=0.665915, reward=9.65
✓ [SUCCESS] Improvement! Δ=0.048641, new_best=0.645964, reward=9.49
✓ [SUCCESS] Improvement! Δ=0.043983, new_best=0.689947, reward=16.83
✓ [SUCCESS] Improvement! Δ=0.005693, new_best=0.695640, reward=3.48
✓ [SUCCESS] Improvement! Δ=0.114962, new_best=0.715713, reward=21.37
---------------------------------
| rollout/           |          |
|    ep_len_mean     | 16       |
|    ep_rew_mean     | -51.2    |
| time/              |          |
|    episodes        | 572      |
|    fps             | 10       |
|    time_elapsed    | 858      |
|    total_timesteps | 9152     |
---------------------------------
✓ [SUCCESS] Improvement! Δ=0.017007, new_best=0.634639, reward=6.01
✓ [SUCCESS] Improvement! Δ=0.048930, new_best=0.683569, reward=6.54
✓ [SUCCESS] Improvement! Δ=0.015682, new_best=0.645964, reward=3.53
✓ [SUCCESS] Improvement! Δ=0.048232, new_best=0.694197, reward=18.16
---------------------------------
| rollout/           |          |
|    ep_len_mean     | 16       |
|    ep_rew_mean     | -50.2    |
| time/              |          |
|    episodes        | 576      |
|    fps             | 10       |
|    time_elapsed    | 863      |
|    total_timesteps | 9216     |
---------------------------------
✓ [SUCCESS] Improvement! Δ=0.002641, new_best=0.653445, reward=2.64
✓ [SUCCESS] Improvement! Δ=0.050656, new_best=0.665915, reward=11.62
✓ [SUCCESS] Improvement! Δ=0.001036, new_best=0.646688, reward=3.25
✓ [SUCCESS] Improvement! Δ=0.028737, new_best=0.659387, reward=12.08
---------------------------------
| rollout/           |          |
|    ep_len_mean     | 16       |
|    ep_rew_mean     | -50.6    |
| time/              |          |
|    episodes        | 580      |
|    fps             | 10       |
|    time_elapsed    | 868      |
|    total_timesteps | 9280     |
---------------------------------
✓ [SUCCESS] Improvement! Δ=0.012399, new_best=0.665915, reward=4.08
✓ [SUCCESS] Improvement! Δ=0.043983, new_best=0.709898, reward=16.83
✓ [SUCCESS] Improvement! Δ=0.065164, new_best=0.665915, reward=15.98
✓ [SUCCESS] Improvement! Δ=0.043983, new_best=0.709898, reward=16.83
---------------------------------
| rollout/           |          |
|    ep_len_mean     | 16       |
|    ep_rew_mean     | -51.5    |
| time/              |          |
|    episodes        | 584      |
|    fps             | 10       |
|    time_elapsed    | 873      |
|    total_timesteps | 9344     |
---------------------------------
✓ [SUCCESS] Improvement! Δ=0.030431, new_best=0.665915, reward=5.14
---------------------------------
| rollout/           |          |
|    ep_len_mean     | 16       |
|    ep_rew_mean     | -52.1    |
| time/              |          |
|    episodes        | 588      |
|    fps             | 10       |
|    time_elapsed    | 877      |
|    total_timesteps | 9408     |
---------------------------------
✓ [SUCCESS] Improvement! Δ=0.048957, new_best=0.665915, reward=7.23
✓ [SUCCESS] Improvement! Δ=0.036104, new_best=0.702019, reward=6.22
✓ [SUCCESS] Improvement! Δ=0.000121, new_best=0.662818, reward=0.65
✓ [SUCCESS] Improvement! Δ=0.044924, new_best=0.715713, reward=6.09
---------------------------------
| rollout/           |          |
|    ep_len_mean     | 16       |
|    ep_rew_mean     | -53.2    |
| time/              |          |
|    episodes        | 592      |
|    fps             | 10       |
|    time_elapsed    | 883      |
|    total_timesteps | 9472     |
---------------------------------
✓ [SUCCESS] Improvement! Δ=0.046735, new_best=0.665915, reward=11.28
✓ [SUCCESS] Improvement! Δ=0.001085, new_best=0.636869, reward=2.05
✓ [SUCCESS] Improvement! Δ=0.000888, new_best=0.683569, reward=1.21
✓ [SUCCESS] Improvement! Δ=0.005841, new_best=0.665915, reward=3.15
✓ [SUCCESS] Improvement! Δ=0.048292, new_best=0.714207, reward=18.18
---------------------------------
| rollout/           |          |
|    ep_len_mean     | 16       |
|    ep_rew_mean     | -52.4    |
| time/              |          |
|    episodes        | 596      |
|    fps             | 10       |
|    time_elapsed    | 888      |
|    total_timesteps | 9536     |
---------------------------------
✓ [SUCCESS] Improvement! Δ=0.080469, new_best=0.695640, reward=13.54
✓ [SUCCESS] Improvement! Δ=0.005841, new_best=0.665915, reward=3.37
✓ [SUCCESS] Improvement! Δ=0.004874, new_best=0.670789, reward=2.85
✓ [SUCCESS] Improvement! Δ=0.033021, new_best=0.665915, reward=7.83
✓ [SUCCESS] Improvement! Δ=0.048292, new_best=0.714207, reward=18.18
---------------------------------
| rollout/           |          |
|    ep_len_mean     | 16       |
|    ep_rew_mean     | -53      |
| time/              |          |
|    episodes        | 600      |
|    fps             | 10       |
|    time_elapsed    | 893      |
|    total_timesteps | 9600     |
---------------------------------
✓ [SUCCESS] Improvement! Δ=0.029993, new_best=0.644736, reward=5.50
✓ [SUCCESS] Improvement! Δ=0.065161, new_best=0.709898, reward=20.65
✓ [SUCCESS] Improvement! Δ=0.005121, new_best=0.683569, reward=3.35
✓ [SUCCESS] Improvement! Δ=0.001538, new_best=0.715713, reward=1.28
---------------------------------
| rollout/           |          |
|    ep_len_mean     | 16       |
|    ep_rew_mean     | -54      |
| time/              |          |
|    episodes        | 604      |
|    fps             | 10       |
|    time_elapsed    | 898      |
|    total_timesteps | 9664     |
---------------------------------
✓ [SUCCESS] Improvement! Δ=0.034938, new_best=0.665915, reward=11.45
✓ [SUCCESS] Improvement! Δ=0.049798, new_best=0.715713, reward=6.63
✓ [SUCCESS] Improvement! Δ=0.052001, new_best=0.650180, reward=10.17
✓ [SUCCESS] Improvement! Δ=0.015092, new_best=0.665272, reward=6.63
✓ [SUCCESS] Improvement! Δ=0.011780, new_best=0.709898, reward=5.75
---------------------------------
| rollout/           |          |
|    ep_len_mean     | 16       |
|    ep_rew_mean     | -53.9    |
| time/              |          |
|    episodes        | 608      |
|    fps             | 10       |
|    time_elapsed    | 903      |
|    total_timesteps | 9728     |
---------------------------------
✓ [SUCCESS] Improvement! Δ=0.004448, new_best=0.665915, reward=1.90
✓ [SUCCESS] Improvement! Δ=0.048292, new_best=0.714207, reward=16.01
✓ [SUCCESS] Improvement! Δ=0.037096, new_best=0.658424, reward=5.23
✓ [SUCCESS] Improvement! Δ=0.048930, new_best=0.683569, reward=6.54
---------------------------------
| rollout/           |          |
|    ep_len_mean     | 16       |
|    ep_rew_mean     | -54.4    |
| time/              |          |
|    episodes        | 612      |
|    fps             | 10       |
|    time_elapsed    | 908      |
|    total_timesteps | 9792     |
---------------------------------
✓ [SUCCESS] Improvement! Δ=0.007878, new_best=0.709898, reward=5.58
✓ [SUCCESS] Improvement! Δ=0.049953, new_best=0.665915, reward=6.65
✓ [SUCCESS] Improvement! Δ=0.048492, new_best=0.665915, reward=12.43
---------------------------------
| rollout/           |          |
|    ep_len_mean     | 16       |
|    ep_rew_mean     | -55.2    |
| time/              |          |
|    episodes        | 616      |
|    fps             | 10       |
|    time_elapsed    | 913      |
|    total_timesteps | 9856     |
---------------------------------
✓ [SUCCESS] Improvement! Δ=0.047106, new_best=0.665915, reward=9.08
✓ [SUCCESS] Improvement! Δ=0.043983, new_best=0.709898, reward=16.83
---------------------------------
| rollout/           |          |
|    ep_len_mean     | 16       |
|    ep_rew_mean     | -55.9    |
| time/              |          |
|    episodes        | 620      |
|    fps             | 10       |
|    time_elapsed    | 918      |
|    total_timesteps | 9920     |
---------------------------------
✓ [SUCCESS] Improvement! Δ=0.012467, new_best=0.610645, reward=4.79
✓ [SUCCESS] Improvement! Δ=0.003556, new_best=0.614201, reward=3.99
✓ [SUCCESS] Improvement! Δ=0.041232, new_best=0.655433, reward=11.67
✓ [SUCCESS] Improvement! Δ=0.039183, new_best=0.642526, reward=7.36
✓ [SUCCESS] Improvement! Δ=0.006147, new_best=0.648673, reward=3.86
✓ [SUCCESS] Improvement! Δ=0.057183, new_best=0.665915, reward=13.74
---------------------------------
| rollout/           |          |
|    ep_len_mean     | 16       |
|    ep_rew_mean     | -55.7    |
| time/              |          |
|    episodes        | 624      |
|    fps             | 10       |
|    time_elapsed    | 923      |
|    total_timesteps | 9984     |
---------------------------------
---------------------------------
| rollout/           |          |
|    ep_len_mean     | 16       |
|    ep_rew_mean     | -56.6    |
| time/              |          |
|    episodes        | 628      |
|    fps             | 10       |
|    time_elapsed    | 927      |
|    total_timesteps | 10048    |
---------------------------------
✓ [SUCCESS] Improvement! Δ=0.006387, new_best=0.665915, reward=2.28
✓ [SUCCESS] Improvement! Δ=0.049798, new_best=0.715713, reward=6.63
✓ [SUCCESS] Improvement! Δ=0.096904, new_best=0.715713, reward=20.58
---------------------------------
| rollout/           |          |
|    ep_len_mean     | 16       |
|    ep_rew_mean     | -57.9    |
| time/              |          |
|    episodes        | 632      |
|    fps             | 10       |
|    time_elapsed    | 932      |
|    total_timesteps | 10112    |
---------------------------------
✓ [SUCCESS] Improvement! Δ=0.012399, new_best=0.665915, reward=5.60
✓ [SUCCESS] Improvement! Δ=0.043983, new_best=0.709898, reward=13.76
✓ [SUCCESS] Improvement! Δ=0.063257, new_best=0.716773, reward=10.67
✓ [SUCCESS] Improvement! Δ=0.044787, new_best=0.655433, reward=17.08
✓ [SUCCESS] Improvement! Δ=0.032358, new_best=0.702201, reward=9.24
---------------------------------
| rollout/           |          |
|    ep_len_mean     | 16       |
|    ep_rew_mean     | -58.4    |
| time/              |          |
|    episodes        | 636      |
|    fps             | 10       |
|    time_elapsed    | 937      |
|    total_timesteps | 10176    |
---------------------------------
✓ [SUCCESS] Improvement! Δ=0.061720, new_best=0.695640, reward=7.62
✓ [SUCCESS] Improvement! Δ=0.001538, new_best=0.715713, reward=1.28
---------------------------------
| rollout/           |          |
|    ep_len_mean     | 16       |
|    ep_rew_mean     | -58.8    |
| time/              |          |
|    episodes        | 640      |
|    fps             | 10       |
|    time_elapsed    | 942      |
|    total_timesteps | 10240    |
---------------------------------
✓ [SUCCESS] Improvement! Δ=0.000147, new_best=0.645964, reward=2.16
✓ [SUCCESS] Improvement! Δ=0.049676, new_best=0.695640, reward=6.62
✓ [SUCCESS] Improvement! Δ=0.048492, new_best=0.665915, reward=11.75
✓ [SUCCESS] Improvement! Δ=0.043983, new_best=0.709898, reward=14.83
✓ [SUCCESS] Improvement! Δ=0.005816, new_best=0.715713, reward=1.75
✓ [SUCCESS] Improvement! Δ=0.005693, new_best=0.695640, reward=3.48
---------------------------------
| rollout/           |          |
|    ep_len_mean     | 16       |
|    ep_rew_mean     | -58.4    |
| time/              |          |
|    episodes        | 644      |
|    fps             | 10       |
|    time_elapsed    | 947      |
|    total_timesteps | 10304    |
---------------------------------
✓ [SUCCESS] Improvement! Δ=0.083202, new_best=0.715713, reward=18.42
✓ [SUCCESS] Improvement! Δ=0.044547, new_best=0.715713, reward=11.75
---------------------------------
| rollout/           |          |
|    ep_len_mean     | 16       |
|    ep_rew_mean     | -57.8    |
| time/              |          |
|    episodes        | 648      |
|    fps             | 10       |
|    time_elapsed    | 952      |
|    total_timesteps | 10368    |
---------------------------------
✓ [SUCCESS] Improvement! Δ=0.033664, new_best=0.665915, reward=12.37
✓ [SUCCESS] Improvement! Δ=0.034000, new_best=0.715713, reward=4.88
✓ [SUCCESS] Improvement! Δ=0.006387, new_best=0.665915, reward=2.28
---------------------------------
| rollout/           |          |
|    ep_len_mean     | 16       |
|    ep_rew_mean     | -58      |
| time/              |          |
|    episodes        | 652      |
|    fps             | 10       |
|    time_elapsed    | 957      |
|    total_timesteps | 10432    |
---------------------------------
✓ [SUCCESS] Improvement! Δ=0.034938, new_best=0.665915, reward=8.00
✓ [SUCCESS] Improvement! Δ=0.031565, new_best=0.650804, reward=8.50
---------------------------------
| rollout/           |          |
|    ep_len_mean     | 16       |
|    ep_rew_mean     | -57.6    |
| time/              |          |
|    episodes        | 656      |
|    fps             | 10       |
|    time_elapsed    | 962      |
|    total_timesteps | 10496    |
---------------------------------
✓ [SUCCESS] Improvement! Δ=0.035978, new_best=0.650180, reward=5.10
✓ [SUCCESS] Improvement! Δ=0.005253, new_best=0.655433, reward=3.38
✓ [SUCCESS] Improvement! Δ=0.047106, new_best=0.665915, reward=9.08
✓ [SUCCESS] Improvement! Δ=0.043983, new_best=0.709898, reward=15.89
✓ [SUCCESS] Improvement! Δ=0.020189, new_best=0.715713, reward=3.35
---------------------------------
| rollout/           |          |
|    ep_len_mean     | 16       |
|    ep_rew_mean     | -56.5    |
| time/              |          |
|    episodes        | 660      |
|    fps             | 10       |
|    time_elapsed    | 967      |
|    total_timesteps | 10560    |
---------------------------------
✓ [SUCCESS] Improvement! Δ=0.013424, new_best=0.665915, reward=6.73
✓ [SUCCESS] Improvement! Δ=0.093112, new_best=0.759027, reward=22.84
✓ [SUCCESS] Improvement! Δ=0.078244, new_best=0.715713, reward=20.99
---------------------------------
| rollout/           |          |
|    ep_len_mean     | 16       |
|    ep_rew_mean     | -57.2    |
| time/              |          |
|    episodes        | 664      |
|    fps             | 10       |
|    time_elapsed    | 972      |
|    total_timesteps | 10624    |
---------------------------------
✓ [SUCCESS] Improvement! Δ=0.048957, new_best=0.665915, reward=12.53
✓ [SUCCESS] Improvement! Δ=0.049798, new_best=0.715713, reward=6.63
✓ [SUCCESS] Improvement! Δ=0.012399, new_best=0.665915, reward=5.13
✓ [SUCCESS] Improvement! Δ=0.048292, new_best=0.714207, reward=13.72
✓ [SUCCESS] Improvement! Δ=0.033021, new_best=0.665915, reward=5.11
✓ [SUCCESS] Improvement! Δ=0.043983, new_best=0.709898, reward=16.83
✓ [SUCCESS] Improvement! Δ=0.016089, new_best=0.714207, reward=8.14
---------------------------------
| rollout/           |          |
|    ep_len_mean     | 16       |
|    ep_rew_mean     | -55.6    |
| time/              |          |
|    episodes        | 668      |
|    fps             | 10       |
|    time_elapsed    | 977      |
|    total_timesteps | 10688    |
---------------------------------
✓ [SUCCESS] Improvement! Δ=0.087732, new_best=0.708960, reward=20.98
✓ [SUCCESS] Improvement! Δ=0.000938, new_best=0.709898, reward=3.41
✓ [SUCCESS] Improvement! Δ=0.001538, new_best=0.715713, reward=1.33
✓ [SUCCESS] Improvement! Δ=0.007246, new_best=0.611901, reward=4.99
---------------------------------
| rollout/           |          |
|    ep_len_mean     | 16       |
|    ep_rew_mean     | -56.1    |
| time/              |          |
|    episodes        | 672      |
|    fps             | 10       |
|    time_elapsed    | 982      |
|    total_timesteps | 10752    |
---------------------------------
✓ [SUCCESS] Improvement! Δ=0.000888, new_best=0.683569, reward=1.21
✓ [SUCCESS] Improvement! Δ=0.011722, new_best=0.709898, reward=3.03
✓ [SUCCESS] Improvement! Δ=0.021179, new_best=0.665915, reward=5.99
✓ [SUCCESS] Improvement! Δ=0.043983, new_best=0.709898, reward=12.71
✓ [SUCCESS] Improvement! Δ=0.005868, new_best=0.641653, reward=2.48
---------------------------------
| rollout/           |          |
|    ep_len_mean     | 16       |
|    ep_rew_mean     | -57.1    |
| time/              |          |
|    episodes        | 676      |
|    fps             | 10       |
|    time_elapsed    | 987      |
|    total_timesteps | 10816    |
---------------------------------
✓ [SUCCESS] Improvement! Δ=0.089047, new_best=0.715713, reward=12.13
✓ [SUCCESS] Improvement! Δ=0.065161, new_best=0.709898, reward=19.86
✓ [SUCCESS] Improvement! Δ=0.005816, new_best=0.715713, reward=3.23
✓ [SUCCESS] Improvement! Δ=0.012701, new_best=0.647340, reward=2.82
✓ [SUCCESS] Improvement! Δ=0.035341, new_best=0.682681, reward=10.36
✓ [SUCCESS] Improvement! Δ=0.000888, new_best=0.683569, reward=1.84
✓ [SUCCESS] Improvement! Δ=0.005253, new_best=0.655433, reward=4.68
---------------------------------
| rollout/           |          |
|    ep_len_mean     | 16       |
|    ep_rew_mean     | -57.3    |
| time/              |          |
|    episodes        | 680      |
|    fps             | 10       |
|    time_elapsed    | 992      |
|    total_timesteps | 10880    |
---------------------------------
✓ [SUCCESS] Improvement! Δ=0.000087, new_best=0.665915, reward=2.15
✓ [SUCCESS] Improvement! Δ=0.048292, new_best=0.714207, reward=18.18
✓ [SUCCESS] Improvement! Δ=0.001036, new_best=0.646688, reward=3.25
---------------------------------
| rollout/           |          |
|    ep_len_mean     | 16       |
|    ep_rew_mean     | -57.9    |
| time/              |          |
|    episodes        | 684      |
|    fps             | 10       |
|    time_elapsed    | 997      |
|    total_timesteps | 10944    |
---------------------------------
✓ [SUCCESS] Improvement! Δ=0.037782, new_best=0.714207, reward=14.90
✓ [SUCCESS] Improvement! Δ=0.024535, new_best=0.655185, reward=10.77
✓ [SUCCESS] Improvement! Δ=0.012044, new_best=0.645964, reward=2.80
✓ [SUCCESS] Improvement! Δ=0.049676, new_best=0.695640, reward=6.62
---------------------------------
| rollout/           |          |
|    ep_len_mean     | 16       |
|    ep_rew_mean     | -57.3    |
| time/              |          |
|    episodes        | 688      |
|    fps             | 10       |
|    time_elapsed    | 1002     |
|    total_timesteps | 11008    |
---------------------------------
✓ [SUCCESS] Improvement! Δ=0.079562, new_best=0.695524, reward=11.66
✓ [SUCCESS] Improvement! Δ=0.026518, new_best=0.661157, reward=7.48
---------------------------------
| rollout/           |          |
|    ep_len_mean     | 16       |
|    ep_rew_mean     | -57.9    |
| time/              |          |
|    episodes        | 692      |
|    fps             | 10       |
|    time_elapsed    | 1007     |
|    total_timesteps | 11072    |
---------------------------------
✓ [SUCCESS] Improvement! Δ=0.029053, new_best=0.763236, reward=8.65
✓ [SUCCESS] Improvement! Δ=0.033664, new_best=0.665915, reward=12.37
✓ [SUCCESS] Improvement! Δ=0.043983, new_best=0.709898, reward=16.83
---------------------------------
| rollout/           |          |
|    ep_len_mean     | 16       |
|    ep_rew_mean     | -58.6    |
| time/              |          |
|    episodes        | 696      |
|    fps             | 11       |
|    time_elapsed    | 1012     |
|    total_timesteps | 11136    |
---------------------------------
✓ [SUCCESS] Improvement! Δ=0.096534, new_best=0.715713, reward=20.84
✓ [SUCCESS] Improvement! Δ=0.009675, new_best=0.634639, reward=4.57
✓ [SUCCESS] Improvement! Δ=0.027757, new_best=0.645964, reward=7.27
✓ [SUCCESS] Improvement! Δ=0.099751, new_best=0.715713, reward=12.18
---------------------------------
| rollout/           |          |
|    ep_len_mean     | 16       |
|    ep_rew_mean     | -58.3    |
| time/              |          |
|    episodes        | 700      |
|    fps             | 11       |
|    time_elapsed    | 1017     |
|    total_timesteps | 11200    |
---------------------------------
✓ [SUCCESS] Improvement! Δ=0.014906, new_best=0.665915, reward=3.43
✓ [SUCCESS] Improvement! Δ=0.027980, new_best=0.693895, reward=8.94
✓ [SUCCESS] Improvement! Δ=0.020312, new_best=0.714207, reward=9.45
✓ [SUCCESS] Improvement! Δ=0.002138, new_best=0.611901, reward=2.12
✓ [SUCCESS] Improvement! Δ=0.043284, new_best=0.655185, reward=12.54
✓ [SUCCESS] Improvement! Δ=0.000938, new_best=0.709898, reward=3.41
---------------------------------
| rollout/           |          |
|    ep_len_mean     | 16       |
|    ep_rew_mean     | -57.7    |
| time/              |          |
|    episodes        | 704      |
|    fps             | 11       |
|    time_elapsed    | 1022     |
|    total_timesteps | 11264    |
---------------------------------
✓ [SUCCESS] Improvement! Δ=0.043284, new_best=0.655185, reward=14.64
✓ [SUCCESS] Improvement! Δ=0.026401, new_best=0.665915, reward=9.52
✓ [SUCCESS] Improvement! Δ=0.048292, new_best=0.714207, reward=18.18
✓ [SUCCESS] Improvement! Δ=0.001506, new_best=0.715713, reward=2.55
✓ [SUCCESS] Improvement! Δ=0.051705, new_best=0.665915, reward=7.67
---------------------------------
| rollout/           |          |
|    ep_len_mean     | 16       |
|    ep_rew_mean     | -57.8    |
| time/              |          |
|    episodes        | 708      |
|    fps             | 11       |
|    time_elapsed    | 1027     |
|    total_timesteps | 11328    |
---------------------------------
✓ [SUCCESS] Improvement! Δ=0.000360, new_best=0.665915, reward=2.71
✓ [SUCCESS] Improvement! Δ=0.048857, new_best=0.714772, reward=13.42
✓ [SUCCESS] Improvement! Δ=0.054133, new_best=0.714207, reward=15.71
✓ [SUCCESS] Improvement! Δ=0.041222, new_best=0.715713, reward=5.68
✓ [SUCCESS] Improvement! Δ=0.001506, new_best=0.715713, reward=2.07
✓ [SUCCESS] Improvement! Δ=0.001060, new_best=0.716773, reward=1.53
---------------------------------
| rollout/           |          |
|    ep_len_mean     | 16       |
|    ep_rew_mean     | -57.8    |
| time/              |          |
|    episodes        | 712      |
|    fps             | 11       |
|    time_elapsed    | 1032     |
|    total_timesteps | 11392    |
---------------------------------
✓ [SUCCESS] Improvement! Δ=0.044924, new_best=0.715713, reward=6.09
---------------------------------
| rollout/           |          |
|    ep_len_mean     | 16       |
|    ep_rew_mean     | -58.5    |
| time/              |          |
|    episodes        | 716      |
|    fps             | 11       |
|    time_elapsed    | 1037     |
|    total_timesteps | 11456    |
---------------------------------
✓ [SUCCESS] Improvement! Δ=0.017007, new_best=0.634639, reward=3.72
✓ [SUCCESS] Improvement! Δ=0.096799, new_best=0.731438, reward=23.60
✓ [SUCCESS] Improvement! Δ=0.022411, new_best=0.683569, reward=3.60
✓ [SUCCESS] Improvement! Δ=0.031108, new_best=0.678448, reward=9.37
---------------------------------
| rollout/           |          |
|    ep_len_mean     | 16       |
|    ep_rew_mean     | -58.3    |
| time/              |          |
|    episodes        | 720      |
|    fps             | 11       |
|    time_elapsed    | 1042     |
|    total_timesteps | 11520    |
---------------------------------
✓ [SUCCESS] Improvement! Δ=0.033473, new_best=0.709898, reward=12.75
✓ [SUCCESS] Improvement! Δ=0.000941, new_best=0.715713, reward=1.21
---------------------------------
| rollout/           |          |
|    ep_len_mean     | 16       |
|    ep_rew_mean     | -59.5    |
| time/              |          |
|    episodes        | 724      |
|    fps             | 11       |
|    time_elapsed    | 1047     |
|    total_timesteps | 11584    |
---------------------------------
✓ [SUCCESS] Improvement! Δ=0.047808, new_best=0.665915, reward=14.46
✓ [SUCCESS] Improvement! Δ=0.100624, new_best=0.766539, reward=14.43
[BUFFER] New global best! Fitness=0.766539, Raw=2.183635
✓ [SUCCESS] Improvement! Δ=0.017007, new_best=0.634639, reward=5.72
---------------------------------
| rollout/           |          |
|    ep_len_mean     | 16       |
|    ep_rew_mean     | -59.2    |
| time/              |          |
|    episodes        | 728      |
|    fps             | 11       |
|    time_elapsed    | 1051     |
|    total_timesteps | 11648    |
---------------------------------
✓ [SUCCESS] Improvement! Δ=0.025549, new_best=0.645964, reward=6.21
✓ [SUCCESS] Improvement! Δ=0.000360, new_best=0.665915, reward=3.05
✓ [SUCCESS] Improvement! Δ=0.049798, new_best=0.715713, reward=6.63
✓ [SUCCESS] Improvement! Δ=0.049798, new_best=0.715713, reward=8.95
✓ [SUCCESS] Improvement! Δ=0.037385, new_best=0.658424, reward=8.81
---------------------------------
| rollout/           |          |
|    ep_len_mean     | 16       |
|    ep_rew_mean     | -57.4    |
| time/              |          |
|    episodes        | 732      |
|    fps             | 11       |
|    time_elapsed    | 1056     |
|    total_timesteps | 11712    |
---------------------------------
✓ [SUCCESS] Improvement! Δ=0.040202, new_best=0.648673, reward=15.66
✓ [SUCCESS] Improvement! Δ=0.009675, new_best=0.634639, reward=4.57
✓ [SUCCESS] Improvement! Δ=0.043808, new_best=0.678448, reward=13.72
---------------------------------
| rollout/           |          |
|    ep_len_mean     | 16       |
|    ep_rew_mean     | -57.3    |
| time/              |          |
|    episodes        | 736      |
|    fps             | 11       |
|    time_elapsed    | 1061     |
|    total_timesteps | 11776    |
---------------------------------
✓ [SUCCESS] Improvement! Δ=0.049624, new_best=0.659387, reward=15.42
✓ [SUCCESS] Improvement! Δ=0.013694, new_best=0.715713, reward=2.63
✓ [SUCCESS] Improvement! Δ=0.048492, new_best=0.665915, reward=11.75
✓ [SUCCESS] Improvement! Δ=0.006845, new_best=0.645964, reward=3.19
✓ [SUCCESS] Improvement! Δ=0.048232, new_best=0.694197, reward=9.47
✓ [SUCCESS] Improvement! Δ=0.001443, new_best=0.695640, reward=2.76
---------------------------------
| rollout/           |          |
|    ep_len_mean     | 16       |
|    ep_rew_mean     | -55.7    |
| time/              |          |
|    episodes        | 740      |
|    fps             | 11       |
|    time_elapsed    | 1066     |
|    total_timesteps | 11840    |
---------------------------------
✓ [SUCCESS] Improvement! Δ=0.065936, new_best=0.683569, reward=12.87
---------------------------------
| rollout/           |          |
|    ep_len_mean     | 16       |
|    ep_rew_mean     | -56.1    |
| time/              |          |
|    episodes        | 744      |
|    fps             | 11       |
|    time_elapsed    | 1071     |
|    total_timesteps | 11904    |
---------------------------------
✓ [SUCCESS] Improvement! Δ=0.045686, new_best=0.665915, reward=11.84
---------------------------------
| rollout/           |          |
|    ep_len_mean     | 16       |
|    ep_rew_mean     | -56.7    |
| time/              |          |
|    episodes        | 748      |
|    fps             | 11       |
|    time_elapsed    | 1076     |
|    total_timesteps | 11968    |
---------------------------------
✓ [SUCCESS] Improvement! Δ=0.017007, new_best=0.634639, reward=3.72
✓ [SUCCESS] Improvement! Δ=0.017866, new_best=0.652505, reward=6.91
✓ [SUCCESS] Improvement! Δ=0.031064, new_best=0.683569, reward=7.72
✓ [SUCCESS] Improvement! Δ=0.096305, new_best=0.708838, reward=23.54
✓ [SUCCESS] Improvement! Δ=0.024535, new_best=0.655185, reward=10.77
---------------------------------
| rollout/           |          |
|    ep_len_mean     | 16       |
|    ep_rew_mean     | -56.4    |
| time/              |          |
|    episodes        | 752      |
|    fps             | 11       |
|    time_elapsed    | 1081     |
|    total_timesteps | 12032    |
---------------------------------
✓ [SUCCESS] Improvement! Δ=0.036657, new_best=0.665915, reward=6.16
✓ [SUCCESS] Improvement! Δ=0.048292, new_best=0.714207, reward=18.18
✓ [SUCCESS] Improvement! Δ=0.032102, new_best=0.665915, reward=4.97
✓ [SUCCESS] Improvement! Δ=0.043983, new_best=0.709898, reward=16.83
✓ [SUCCESS] Improvement! Δ=0.124938, new_best=0.743145, reward=36.48
✓ [SUCCESS] Improvement! Δ=0.004757, new_best=0.665915, reward=4.34
✓ [SUCCESS] Improvement! Δ=0.049798, new_best=0.715713, reward=6.63
---------------------------------
| rollout/           |          |
|    ep_len_mean     | 16       |
|    ep_rew_mean     | -55.3    |
| time/              |          |
|    episodes        | 756      |
|    fps             | 11       |
|    time_elapsed    | 1086     |
|    total_timesteps | 12096    |
---------------------------------
✓ [SUCCESS] Improvement! Δ=0.036229, new_best=0.683569, reward=5.70
✓ [SUCCESS] Improvement! Δ=0.043432, new_best=0.727001, reward=7.74
---------------------------------
| rollout/           |          |
|    ep_len_mean     | 16       |
|    ep_rew_mean     | -56      |
| time/              |          |
|    episodes        | 760      |
|    fps             | 11       |
|    time_elapsed    | 1091     |
|    total_timesteps | 12160    |
---------------------------------
✓ [SUCCESS] Improvement! Δ=0.014198, new_best=0.634639, reward=5.14
✓ [SUCCESS] Improvement! Δ=0.001036, new_best=0.646688, reward=3.44
✓ [SUCCESS] Improvement! Δ=0.030718, new_best=0.658424, reward=4.52
---------------------------------
| rollout/           |          |
|    ep_len_mean     | 16       |
|    ep_rew_mean     | -56.3    |
| time/              |          |
|    episodes        | 764      |
|    fps             | 11       |
|    time_elapsed    | 1096     |
|    total_timesteps | 12224    |
---------------------------------
✓ [SUCCESS] Improvement! Δ=0.003240, new_best=0.658424, reward=1.47
---------------------------------
| rollout/           |          |
|    ep_len_mean     | 16       |
|    ep_rew_mean     | -57.9    |
| time/              |          |
|    episodes        | 768      |
|    fps             | 11       |
|    time_elapsed    | 1100     |
|    total_timesteps | 12288    |
---------------------------------

================================================================================
EVALUATION METRICS - Round 3
================================================================================
Current Round Statistics:
  Average Fitness (top-128): -4.320611
  Diversity: 3.000000
  Novelty: 1.000000
  Highest in batch: 3.000000

Global Statistics:
  Global Maximum Fitness (normalized): 0.766539
  Initial Maximum Fitness: 0.311339
  Absolute Improvement: 0.455200
  Percentage Improvement: 146.21%
  Total Unique Sequences Discovered: 226
  Total Oracle Calls: 11520

  Buffer Status:
    Best in current pool: 0.766539
    Global best (tracked): 0.766539

Top 10 Discovered Sequences:
  1. Fitness: 0.766539 | Seq: DIYAICACCKVESKNEGKKNEVFNNYTFRGLGNKGVLPWKCNSLDMKYFCAVTTYVNESKYEKLKYKRCKYLNKETVDNVNDMPNSKKLQNVVVMGRTSWESIPKNFKPLSNRINIILSRTLKKEDFDEDVYIINKVEDLIVLLGKLNYYKCFIIGGSVVYQEFLEKKLIKKIYFTRINSTYECDVFFPEINENEYQIISVSDVYTSNNTTLDFIIYKK
  2. Fitness: 0.764965 | Seq: DIYAICACCKVESKNEGKKNEVFNNYTFRGLGNKGVLPWKCNSLDMKYFCAVTTYVNESKYEKLKYKRCKYLNKETVDNVNDMPNSKKLQNVVVMGRTSWESIPKNFKPLSNRINVILSRTLKKEDFDEDVYIINKVEDLIVLLGKLNYYKCFIIGGSVVYQEFLEKKLIKKIYFTRINSTYECDVFFPEINENEWQIISVSDVYTSNNTTLDFIIYKK
  3. Fitness: 0.763236 | Seq: DIYAICACCKVESKNEGKKNEVFNNYTFRGLGNKGVLPWKCNSLDMKYFCAVTTYVNESKYEKLKYKRCKYLNKETVDNVNDMPNSKKLQNVVVMGRTSWESIPKKFKPLSNRINIILSRTLKKEDFDEDVYIINKVEDLIVLLGKLNYYKCFIIGGSVVYQEFLEKKLIKKIYFTRINSTYECDVFFPEINENEWQIISVSDVYTSNNTTLDFIIYKK
  4. Fitness: 0.759027 | Seq: DIYAICACCKVESKNEGKKNEVFNNYTFRGLGNKGVLPWKCNSLDMKYFCAVTTYVNESKYEKLKYKRCKYLNKETVDNVNDMPNSKKLQNVVVMGRTSWESIPKKFKPLSNRINIILSRTLKKEDFDEDVYIINKVEDLIVLLGKLNYYKCFIIGGSVVYQEFLEKKLIKKIYFTRINSTYECDVFFPEINENEFQIISVSDVYTSNNTTLDFIIYKK
  5. Fitness: 0.743145 | Seq: DIYAICACCKVESKNEGKKNEVFNNYTFRGLGNKGVLPWKCNSLDMKYFCAVTTYVNESKYEKLKYKRCKYLNKETVDNVNDMPNSKKLQNVVVMGRTSWESIPKKHKPLSNRINIILSRTLKKEDFDEDVYIINKVEDLIVLLGKLNYYKCFIIGGSVVYQEFLEKKLIKKIYFTRINSTYECDVFFPEINENEWQIISVSDVYTSNNTTLDFIIYKK
  6. Fitness: 0.734183 | Seq: DIYAICACCKVESKNEGKKNEVFNNYTFRGLGNKGVLPWKCNSLDMKYFCAVTTYVNESKYEKLKYKRCKYLNKETVDNVNDMPNSKKLQNVVVMGRTSWESIPKQFKPLSNRINIILSRTLKKEDFDEDVYIINKVEDLIVLLGKLNYYKCFIIGGSVVYQEFLEKKLIKKIYFTRINSTYECDVFFPEINENEYQIISVSDVYTSNNTTLDFIIYKK
  7. Fitness: 0.731438 | Seq: DIYAICACCKVESKNEGKKNEVFNNYTFRGLGNKGVLPWKCNSLDMKYFCAVTTYVNESKYEKLKYKRCKYLNKETVDNVNDMPNSKKLQNVVVMGRTSWESIPKKLKPLSNRINIILSRTLKKEDFDEDVYIINKVEDLIVLLGKLNYYKCFIIGGSVVYQEFLEKKLIKKIYFTRINSTYECDVFFPEINENEWQIISVSDVYTSNNTTLDFIIYKK
  8. Fitness: 0.727001 | Seq: DIYAICACCKVESKNEGKKNEVFNNYTFRGLGNKGVLPWKCNSLDMKYFCAVTTYVNESKYEKLKYKRCKYLNKETVDNVNDMPNSKKLQNVVVMGRTSWESIPKKLKPLSNRINIILSRTLKKEDFDEDVYIINKVEDLIVLLGKLNYYKCFIIGGSVVYQEFLEKKLIKKIYFTRINSTYECDVFFPEINENEFQIISVSDVYTSNNTTLDFIIYKK
  9. Fitness: 0.724686 | Seq: DIYAICACCKVESKNEGKKNEVFNNYTFRGLGNKGVLPWKCNSLDMKYFCAVTTYVNESKYEKLKYKRCKYLNKETVDNVNDMPNSKKLQNVVVMGRTSWESIPKRFKPLSNRINVILSRTLKKEDFDEDVYIINKVEDLIVLLGKLNYYKCFIIGGSVVYQEFLEKKLIKKIYFTRINSTYECDVFFPEINENEWQIISVSDVYTSNNTTLDFIIYKK
  10. Fitness: 0.719521 | Seq: DIYAICACCKVESKNEGKKNEVFNNYTFRGLGNKGVLPWKCNSLDMKYFCAVTTYVNESKYEKLKYKRCKYLNKETVDNVNDMPNSKKLQNVVVMGRTSWESIPKGFKPLSNRINIILSRTLKKEDFDEDVYIINKVEDLIVLLGKLNYYKCFIIGGSVVYQEFLEKKLIKKIYFTRINSTYECDVFFPEINENEYQIISVSDVYTSNNTTLDFIIYKK
================================================================================

✓ [SUCCESS] Improvement! Δ=0.026372, new_best=0.645964, reward=8.45
✓ [SUCCESS] Improvement! Δ=0.019950, new_best=0.665915, reward=6.20
✓ [SUCCESS] Improvement! Δ=0.030431, new_best=0.665915, reward=7.07
✓ [SUCCESS] Improvement! Δ=0.049798, new_best=0.715713, reward=6.63
----------------------------------
| rollout/           |           |
|    ep_len_mean     | 16        |
|    ep_rew_mean     | -57.7     |
| time/              |           |
|    episodes        | 772       |
|    fps             | 10        |
|    time_elapsed    | 1190      |
|    total_timesteps | 12352     |
| train/             |           |
|    actor_loss      | -6.17e+05 |
|    critic_loss     | 1.92e+10  |
|    ent_coef        | 10        |
|    learning_rate   | 0.0003    |
|    n_updates       | 12288     |
----------------------------------
✓ [SUCCESS] Improvement! Δ=0.025852, new_best=0.665915, reward=6.73
✓ [SUCCESS] Improvement! Δ=0.049798, new_best=0.715713, reward=6.63
✓ [SUCCESS] Improvement! Δ=0.033612, new_best=0.665915, reward=8.22
---------------------------------
| rollout/           |          |
|    ep_len_mean     | 16       |
|    ep_rew_mean     | -57.6    |
| time/              |          |
|    episodes        | 776      |
|    fps             | 10       |
|    time_elapsed    | 1194     |
|    total_timesteps | 12416    |
---------------------------------
✓ [SUCCESS] Improvement! Δ=0.048957, new_best=0.665915, reward=7.23
✓ [SUCCESS] Improvement! Δ=0.033856, new_best=0.655185, reward=13.68
✓ [SUCCESS] Improvement! Δ=0.004202, new_best=0.659387, reward=4.43
✓ [SUCCESS] Improvement! Δ=0.009364, new_best=0.665915, reward=4.50
---------------------------------
| rollout/           |          |
|    ep_len_mean     | 16       |
|    ep_rew_mean     | -57.5    |
| time/              |          |
|    episodes        | 780      |
|    fps             | 10       |
|    time_elapsed    | 1197     |
|    total_timesteps | 12480    |
---------------------------------
✓ [SUCCESS] Improvement! Δ=0.001443, new_best=0.695640, reward=1.27
✓ [SUCCESS] Improvement! Δ=0.010398, new_best=0.665915, reward=2.59
✓ [SUCCESS] Improvement! Δ=0.043983, new_best=0.709898, reward=12.06
✓ [SUCCESS] Improvement! Δ=0.043782, new_best=0.658424, reward=11.73
✓ [SUCCESS] Improvement! Δ=0.000962, new_best=0.659387, reward=2.39
---------------------------------
| rollout/           |          |
|    ep_len_mean     | 16       |
|    ep_rew_mean     | -56.3    |
| time/              |          |
|    episodes        | 784      |
|    fps             | 10       |
|    time_elapsed    | 1202     |
|    total_timesteps | 12544    |
---------------------------------
✓ [SUCCESS] Improvement! Δ=0.006753, new_best=0.715713, reward=1.86
✓ [SUCCESS] Improvement! Δ=0.023389, new_best=0.665915, reward=7.10
✓ [SUCCESS] Improvement! Δ=0.033404, new_best=0.665915, reward=9.21
✓ [SUCCESS] Improvement! Δ=0.043983, new_best=0.709898, reward=16.83
✓ [SUCCESS] Improvement! Δ=0.004309, new_best=0.714207, reward=4.46
---------------------------------
| rollout/           |          |
|    ep_len_mean     | 16       |
|    ep_rew_mean     | -56.9    |
| time/              |          |
|    episodes        | 788      |
|    fps             | 10       |
|    time_elapsed    | 1205     |
|    total_timesteps | 12608    |
---------------------------------
✓ [SUCCESS] Improvement! Δ=0.027373, new_best=0.665915, reward=7.41
✓ [SUCCESS] Improvement! Δ=0.049798, new_best=0.715713, reward=6.63
✓ [SUCCESS] Improvement! Δ=0.017968, new_best=0.696416, reward=8.20
✓ [SUCCESS] Improvement! Δ=0.018575, new_best=0.665915, reward=5.54
✓ [SUCCESS] Improvement! Δ=0.045686, new_best=0.665915, reward=12.32
✓ [SUCCESS] Improvement! Δ=0.010510, new_best=0.676425, reward=5.09
✓ [SUCCESS] Improvement! Δ=0.037782, new_best=0.714207, reward=14.90
---------------------------------
| rollout/           |          |
|    ep_len_mean     | 16       |
|    ep_rew_mean     | -55.5    |
| time/              |          |
|    episodes        | 792      |
|    fps             | 10       |
|    time_elapsed    | 1209     |
|    total_timesteps | 12672    |
---------------------------------
✓ [SUCCESS] Improvement! Δ=0.028494, new_best=0.645964, reward=6.73
✓ [SUCCESS] Improvement! Δ=0.043983, new_best=0.689947, reward=13.05
✓ [SUCCESS] Improvement! Δ=0.026372, new_best=0.645964, reward=9.10
✓ [SUCCESS] Improvement! Δ=0.048232, new_best=0.694197, reward=16.00
✓ [SUCCESS] Improvement! Δ=0.017007, new_best=0.634639, reward=3.72
✓ [SUCCESS] Improvement! Δ=0.043808, new_best=0.678448, reward=16.78
✓ [SUCCESS] Improvement! Δ=0.005121, new_best=0.683569, reward=3.35
---------------------------------
| rollout/           |          |
|    ep_len_mean     | 16       |
|    ep_rew_mean     | -54      |
| time/              |          |
|    episodes        | 796      |
|    fps             | 10       |
|    time_elapsed    | 1213     |
|    total_timesteps | 12736    |
---------------------------------
✓ [SUCCESS] Improvement! Δ=0.012470, new_best=0.665915, reward=6.57
✓ [SUCCESS] Improvement! Δ=0.049798, new_best=0.715713, reward=10.88
---------------------------------
| rollout/           |          |
|    ep_len_mean     | 16       |
|    ep_rew_mean     | -55.5    |
| time/              |          |
|    episodes        | 800      |
|    fps             | 10       |
|    time_elapsed    | 1217     |
|    total_timesteps | 12800    |
---------------------------------
✓ [SUCCESS] Improvement! Δ=0.025459, new_best=0.709898, reward=9.36
✓ [SUCCESS] Improvement! Δ=0.028298, new_best=0.661467, reward=10.05
✓ [SUCCESS] Improvement! Δ=0.004448, new_best=0.665915, reward=2.73
✓ [SUCCESS] Improvement! Δ=0.026401, new_best=0.665915, reward=7.74
✓ [SUCCESS] Improvement! Δ=0.049798, new_best=0.715713, reward=6.63
---------------------------------
| rollout/           |          |
|    ep_len_mean     | 16       |
|    ep_rew_mean     | -55.7    |
| time/              |          |
|    episodes        | 804      |
|    fps             | 10       |
|    time_elapsed    | 1221     |
|    total_timesteps | 12864    |
---------------------------------
✓ [SUCCESS] Improvement! Δ=0.027373, new_best=0.665915, reward=10.93
✓ [SUCCESS] Improvement! Δ=0.049798, new_best=0.715713, reward=6.63
✓ [SUCCESS] Improvement! Δ=0.004757, new_best=0.665915, reward=3.40
✓ [SUCCESS] Improvement! Δ=0.048292, new_best=0.714207, reward=16.51
✓ [SUCCESS] Improvement! Δ=0.066867, new_best=0.714207, reward=18.27
---------------------------------
| rollout/           |          |
|    ep_len_mean     | 16       |
|    ep_rew_mean     | -55.8    |
| time/              |          |
|    episodes        | 808      |
|    fps             | 10       |
|    time_elapsed    | 1225     |
|    total_timesteps | 12928    |
---------------------------------
✓ [SUCCESS] Improvement! Δ=0.035397, new_best=0.665915, reward=5.02
---------------------------------
| rollout/           |          |
|    ep_len_mean     | 16       |
|    ep_rew_mean     | -57.1    |
| time/              |          |
|    episodes        | 812      |
|    fps             | 10       |
|    time_elapsed    | 1229     |
|    total_timesteps | 12992    |
---------------------------------
✓ [SUCCESS] Improvement! Δ=0.092474, new_best=0.709898, reward=22.87
✓ [SUCCESS] Improvement! Δ=0.005816, new_best=0.715713, reward=2.12
✓ [SUCCESS] Improvement! Δ=0.004182, new_best=0.665915, reward=2.86
---------------------------------
| rollout/           |          |
|    ep_len_mean     | 16       |
|    ep_rew_mean     | -56.3    |
| time/              |          |
|    episodes        | 816      |
|    fps             | 10       |
|    time_elapsed    | 1233     |
|    total_timesteps | 13056    |
---------------------------------
✓ [SUCCESS] Improvement! Δ=0.005841, new_best=0.665915, reward=3.18
✓ [SUCCESS] Improvement! Δ=0.012470, new_best=0.665915, reward=4.63
---------------------------------
| rollout/           |          |
|    ep_len_mean     | 16       |
|    ep_rew_mean     | -55.8    |
| time/              |          |
|    episodes        | 820      |
|    fps             | 10       |
|    time_elapsed    | 1237     |
|    total_timesteps | 13120    |
---------------------------------
✓ [SUCCESS] Improvement! Δ=0.019950, new_best=0.665915, reward=6.11
✓ [SUCCESS] Improvement! Δ=0.016031, new_best=0.714207, reward=8.12
✓ [SUCCESS] Improvement! Δ=0.013410, new_best=0.665915, reward=4.78
---------------------------------
| rollout/           |          |
|    ep_len_mean     | 16       |
|    ep_rew_mean     | -54.7    |
| time/              |          |
|    episodes        | 824      |
|    fps             | 10       |
|    time_elapsed    | 1241     |
|    total_timesteps | 13184    |
---------------------------------
✓ [SUCCESS] Improvement! Δ=0.029768, new_best=0.714207, reward=8.35
✓ [SUCCESS] Improvement! Δ=0.001506, new_best=0.715713, reward=1.28
✓ [SUCCESS] Improvement! Δ=0.026401, new_best=0.665915, reward=6.36
✓ [SUCCESS] Improvement! Δ=0.084823, new_best=0.705863, reward=17.87
---------------------------------
| rollout/           |          |
|    ep_len_mean     | 16       |
|    ep_rew_mean     | -54.6    |
| time/              |          |
|    episodes        | 828      |
|    fps             | 10       |
|    time_elapsed    | 1246     |
|    total_timesteps | 13248    |
---------------------------------
✓ [SUCCESS] Improvement! Δ=0.046735, new_best=0.665915, reward=11.28
---------------------------------
| rollout/           |          |
|    ep_len_mean     | 16       |
|    ep_rew_mean     | -55      |
| time/              |          |
|    episodes        | 832      |
|    fps             | 10       |
|    time_elapsed    | 1251     |
|    total_timesteps | 13312    |
---------------------------------
✓ [SUCCESS] Improvement! Δ=0.033664, new_best=0.665915, reward=9.28
✓ [SUCCESS] Improvement! Δ=0.056452, new_best=0.709898, reward=18.90
✓ [SUCCESS] Improvement! Δ=0.049798, new_best=0.715713, reward=6.63
---------------------------------
| rollout/           |          |
|    ep_len_mean     | 16       |
|    ep_rew_mean     | -55.6    |
| time/              |          |
|    episodes        | 836      |
|    fps             | 10       |
|    time_elapsed    | 1256     |
|    total_timesteps | 13376    |
---------------------------------
✓ [SUCCESS] Improvement! Δ=0.078797, new_best=0.763236, reward=19.67
✓ [SUCCESS] Improvement! Δ=0.006387, new_best=0.665915, reward=2.28
✓ [SUCCESS] Improvement! Δ=0.049798, new_best=0.715713, reward=6.63
---------------------------------
| rollout/           |          |
|    ep_len_mean     | 16       |
|    ep_rew_mean     | -56.2    |
| time/              |          |
|    episodes        | 840      |
|    fps             | 10       |
|    time_elapsed    | 1261     |
|    total_timesteps | 13440    |
---------------------------------
✓ [SUCCESS] Improvement! Δ=0.006753, new_best=0.715713, reward=2.51
---------------------------------
| rollout/           |          |
|    ep_len_mean     | 16       |
|    ep_rew_mean     | -56.8    |
| time/              |          |
|    episodes        | 844      |
|    fps             | 10       |
|    time_elapsed    | 1266     |
|    total_timesteps | 13504    |
---------------------------------
✓ [SUCCESS] Improvement! Δ=0.048232, new_best=0.694197, reward=18.16
✓ [SUCCESS] Improvement! Δ=0.001443, new_best=0.695640, reward=1.71
✓ [SUCCESS] Improvement! Δ=0.018567, new_best=0.714207, reward=8.38
---------------------------------
| rollout/           |          |
|    ep_len_mean     | 16       |
|    ep_rew_mean     | -56.8    |
| time/              |          |
|    episodes        | 848      |
|    fps             | 10       |
|    time_elapsed    | 1271     |
|    total_timesteps | 13568    |
---------------------------------
✓ [SUCCESS] Improvement! Δ=0.003240, new_best=0.658424, reward=2.24
✓ [SUCCESS] Improvement! Δ=0.000962, new_best=0.659387, reward=2.82
✓ [SUCCESS] Improvement! Δ=0.054246, new_best=0.715713, reward=16.07
✓ [SUCCESS] Improvement! Δ=0.046735, new_best=0.665915, reward=9.92
---------------------------------
| rollout/           |          |
|    ep_len_mean     | 16       |
|    ep_rew_mean     | -57.4    |
| time/              |          |
|    episodes        | 852      |
|    fps             | 10       |
|    time_elapsed    | 1276     |
|    total_timesteps | 13632    |
---------------------------------
---------------------------------
| rollout/           |          |
|    ep_len_mean     | 16       |
|    ep_rew_mean     | -59.5    |
| time/              |          |
|    episodes        | 856      |
|    fps             | 10       |
|    time_elapsed    | 1281     |
|    total_timesteps | 13696    |
---------------------------------
✓ [SUCCESS] Improvement! Δ=0.006387, new_best=0.665915, reward=2.28
---------------------------------
| rollout/           |          |
|    ep_len_mean     | 16       |
|    ep_rew_mean     | -59.7    |
| time/              |          |
|    episodes        | 860      |
|    fps             | 10       |
|    time_elapsed    | 1286     |
|    total_timesteps | 13760    |
---------------------------------
✓ [SUCCESS] Improvement! Δ=0.013694, new_best=0.715713, reward=2.63
✓ [SUCCESS] Improvement! Δ=0.005816, new_best=0.715713, reward=1.68
✓ [SUCCESS] Improvement! Δ=0.003240, new_best=0.658424, reward=1.47
✓ [SUCCESS] Improvement! Δ=0.028446, new_best=0.665915, reward=6.72
---------------------------------
| rollout/           |          |
|    ep_len_mean     | 16       |
|    ep_rew_mean     | -59.7    |
| time/              |          |
|    episodes        | 864      |
|    fps             | 10       |
|    time_elapsed    | 1291     |
|    total_timesteps | 13824    |
---------------------------------
✓ [SUCCESS] Improvement! Δ=0.016003, new_best=0.709898, reward=7.65
✓ [SUCCESS] Improvement! Δ=0.005816, new_best=0.715713, reward=1.75
---------------------------------
| rollout/           |          |
|    ep_len_mean     | 16       |
|    ep_rew_mean     | -60.3    |
| time/              |          |
|    episodes        | 868      |
|    fps             | 10       |
|    time_elapsed    | 1295     |
|    total_timesteps | 13888    |
---------------------------------
✓ [SUCCESS] Improvement! Δ=0.042721, new_best=0.709898, reward=13.44
✓ [SUCCESS] Improvement! Δ=0.046578, new_best=0.708311, reward=10.85
✓ [SUCCESS] Improvement! Δ=0.050503, new_best=0.665915, reward=7.96
---------------------------------
| rollout/           |          |
|    ep_len_mean     | 16       |
|    ep_rew_mean     | -60.2    |
| time/              |          |
|    episodes        | 872      |
|    fps             | 10       |
|    time_elapsed    | 1300     |
|    total_timesteps | 13952    |
---------------------------------
✓ [SUCCESS] Improvement! Δ=0.036657, new_best=0.665915, reward=10.99
✓ [SUCCESS] Improvement! Δ=0.032102, new_best=0.665915, reward=6.75
✓ [SUCCESS] Improvement! Δ=0.007417, new_best=0.714207, reward=3.97
✓ [SUCCESS] Improvement! Δ=0.001085, new_best=0.636869, reward=2.45
---------------------------------
| rollout/           |          |
|    ep_len_mean     | 16       |
|    ep_rew_mean     | -60.1    |
| time/              |          |
|    episodes        | 876      |
|    fps             | 10       |
|    time_elapsed    | 1305     |
|    total_timesteps | 14016    |
---------------------------------
✓ [SUCCESS] Improvement! Δ=0.019227, new_best=0.665915, reward=6.81
✓ [SUCCESS] Improvement! Δ=0.048492, new_best=0.665915, reward=11.75
✓ [SUCCESS] Improvement! Δ=0.043983, new_best=0.709898, reward=16.83
✓ [SUCCESS] Improvement! Δ=0.044255, new_best=0.759027, reward=12.02
---------------------------------
| rollout/           |          |
|    ep_len_mean     | 16       |
|    ep_rew_mean     | -60.2    |
| time/              |          |
|    episodes        | 880      |
|    fps             | 10       |
|    time_elapsed    | 1310     |
|    total_timesteps | 14080    |
---------------------------------
✓ [SUCCESS] Improvement! Δ=0.031136, new_best=0.665915, reward=5.41
✓ [SUCCESS] Improvement! Δ=0.010482, new_best=0.665915, reward=3.62
---------------------------------
| rollout/           |          |
|    ep_len_mean     | 16       |
|    ep_rew_mean     | -61.6    |
| time/              |          |
|    episodes        | 884      |
|    fps             | 10       |
|    time_elapsed    | 1315     |
|    total_timesteps | 14144    |
---------------------------------
✓ [SUCCESS] Improvement! Δ=0.062829, new_best=0.713633, reward=3.96
✓ [SUCCESS] Improvement! Δ=0.059162, new_best=0.715713, reward=14.00
✓ [SUCCESS] Improvement! Δ=0.004448, new_best=0.665915, reward=2.52
✓ [SUCCESS] Improvement! Δ=0.049798, new_best=0.715713, reward=11.67
---------------------------------
| rollout/           |          |
|    ep_len_mean     | 16       |
|    ep_rew_mean     | -61.8    |
| time/              |          |
|    episodes        | 888      |
|    fps             | 10       |
|    time_elapsed    | 1320     |
|    total_timesteps | 14208    |
---------------------------------
✓ [SUCCESS] Improvement! Δ=0.080935, new_best=0.715713, reward=16.14
---------------------------------
| rollout/           |          |
|    ep_len_mean     | 16       |
|    ep_rew_mean     | -63      |
| time/              |          |
|    episodes        | 892      |
|    fps             | 10       |
|    time_elapsed    | 1325     |
|    total_timesteps | 14272    |
---------------------------------
✓ [SUCCESS] Improvement! Δ=0.016089, new_best=0.714207, reward=7.17
✓ [SUCCESS] Improvement! Δ=0.017290, new_best=0.678448, reward=8.51
✓ [SUCCESS] Improvement! Δ=0.021818, new_best=0.715713, reward=5.39
---------------------------------
| rollout/           |          |
|    ep_len_mean     | 16       |
|    ep_rew_mean     | -64.6    |
| time/              |          |
|    episodes        | 896      |
|    fps             | 10       |
|    time_elapsed    | 1330     |
|    total_timesteps | 14336    |
---------------------------------
✓ [SUCCESS] Improvement! Δ=0.000941, new_best=0.715713, reward=0.90
✓ [SUCCESS] Improvement! Δ=0.047522, new_best=0.763236, reward=12.74
✓ [SUCCESS] Improvement! Δ=0.027732, new_best=0.655185, reward=11.77
✓ [SUCCESS] Improvement! Δ=0.004202, new_best=0.659387, reward=4.43
---------------------------------
| rollout/           |          |
|    ep_len_mean     | 16       |
|    ep_rew_mean     | -63.3    |
| time/              |          |
|    episodes        | 900      |
|    fps             | 10       |
|    time_elapsed    | 1335     |
|    total_timesteps | 14400    |
---------------------------------
✓ [SUCCESS] Improvement! Δ=0.015682, new_best=0.645964, reward=3.53
✓ [SUCCESS] Improvement! Δ=0.069749, new_best=0.715713, reward=13.51
---------------------------------
| rollout/           |          |
|    ep_len_mean     | 16       |
|    ep_rew_mean     | -63.5    |
| time/              |          |
|    episodes        | 904      |
|    fps             | 10       |
|    time_elapsed    | 1340     |
|    total_timesteps | 14464    |
---------------------------------
✓ [SUCCESS] Improvement! Δ=0.000938, new_best=0.709898, reward=3.00
✓ [SUCCESS] Improvement! Δ=0.056641, new_best=0.766539, reward=10.64
✓ [SUCCESS] Improvement! Δ=0.039716, new_best=0.714207, reward=15.50
✓ [SUCCESS] Improvement! Δ=0.012399, new_best=0.665915, reward=2.95
✓ [SUCCESS] Improvement! Δ=0.050717, new_best=0.759027, reward=15.46
---------------------------------
| rollout/           |          |
|    ep_len_mean     | 16       |
|    ep_rew_mean     | -63.1    |
| time/              |          |
|    episodes        | 908      |
|    fps             | 10       |
|    time_elapsed    | 1345     |
|    total_timesteps | 14528    |
---------------------------------
✓ [SUCCESS] Improvement! Δ=0.076199, new_best=0.715713, reward=14.61
✓ [SUCCESS] Improvement! Δ=0.002080, new_best=0.715713, reward=1.34
---------------------------------
| rollout/           |          |
|    ep_len_mean     | 16       |
|    ep_rew_mean     | -62.5    |
| time/              |          |
|    episodes        | 912      |
|    fps             | 10       |
|    time_elapsed    | 1350     |
|    total_timesteps | 14592    |
---------------------------------
✓ [SUCCESS] Improvement! Δ=0.007417, new_best=0.714207, reward=5.04
✓ [SUCCESS] Improvement! Δ=0.032064, new_best=0.652505, reward=10.62
✓ [SUCCESS] Improvement! Δ=0.025943, new_best=0.678448, reward=9.88
---------------------------------
| rollout/           |          |
|    ep_len_mean     | 16       |
|    ep_rew_mean     | -62.9    |
| time/              |          |
|    episodes        | 916      |
|    fps             | 10       |
|    time_elapsed    | 1355     |
|    total_timesteps | 14656    |
---------------------------------
✓ [SUCCESS] Improvement! Δ=0.062366, new_best=0.690073, reward=16.89
✓ [SUCCESS] Improvement! Δ=0.014048, new_best=0.635087, reward=5.75
✓ [SUCCESS] Improvement! Δ=0.024300, new_best=0.659387, reward=10.70
---------------------------------
| rollout/           |          |
|    ep_len_mean     | 16       |
|    ep_rew_mean     | -63.8    |
| time/              |          |
|    episodes        | 920      |
|    fps             | 10       |
|    time_elapsed    | 1360     |
|    total_timesteps | 14720    |
---------------------------------
✓ [SUCCESS] Improvement! Δ=0.030176, new_best=0.682681, reward=10.24
✓ [SUCCESS] Improvement! Δ=0.017746, new_best=0.665915, reward=5.91
✓ [SUCCESS] Improvement! Δ=0.021179, new_best=0.665915, reward=7.14
✓ [SUCCESS] Improvement! Δ=0.049798, new_best=0.715713, reward=6.63
---------------------------------
| rollout/           |          |
|    ep_len_mean     | 16       |
|    ep_rew_mean     | -64.1    |
| time/              |          |
|    episodes        | 924      |
|    fps             | 10       |
|    time_elapsed    | 1365     |
|    total_timesteps | 14784    |
---------------------------------
✓ [SUCCESS] Improvement! Δ=0.039249, new_best=0.665915, reward=7.22
---------------------------------
| rollout/           |          |
|    ep_len_mean     | 16       |
|    ep_rew_mean     | -64.1    |
| time/              |          |
|    episodes        | 928      |
|    fps             | 10       |
|    time_elapsed    | 1369     |
|    total_timesteps | 14848    |
---------------------------------
✓ [SUCCESS] Improvement! Δ=0.048536, new_best=0.715713, reward=6.49
✓ [SUCCESS] Improvement! Δ=0.015092, new_best=0.665272, reward=5.90
✓ [SUCCESS] Improvement! Δ=0.000643, new_best=0.665915, reward=2.41
✓ [SUCCESS] Improvement! Δ=0.014906, new_best=0.665915, reward=3.43
---------------------------------
| rollout/           |          |
|    ep_len_mean     | 16       |
|    ep_rew_mean     | -64.4    |
| time/              |          |
|    episodes        | 932      |
|    fps             | 10       |
|    time_elapsed    | 1374     |
|    total_timesteps | 14912    |
---------------------------------
✓ [SUCCESS] Improvement! Δ=0.001443, new_best=0.695640, reward=1.71
✓ [SUCCESS] Improvement! Δ=0.031064, new_best=0.683569, reward=4.56
✓ [SUCCESS] Improvement! Δ=0.000888, new_best=0.683569, reward=1.21
---------------------------------
| rollout/           |          |
|    ep_len_mean     | 16       |
|    ep_rew_mean     | -64.2    |
| time/              |          |
|    episodes        | 936      |
|    fps             | 10       |
|    time_elapsed    | 1379     |
|    total_timesteps | 14976    |
---------------------------------
✓ [SUCCESS] Improvement! Δ=0.033032, new_best=0.715713, reward=5.60
---------------------------------
| rollout/           |          |
|    ep_len_mean     | 16       |
|    ep_rew_mean     | -64.8    |
| time/              |          |
|    episodes        | 940      |
|    fps             | 10       |
|    time_elapsed    | 1384     |
|    total_timesteps | 15040    |
---------------------------------
✓ [SUCCESS] Improvement! Δ=0.040279, new_best=0.662696, reward=8.31
✓ [SUCCESS] Improvement! Δ=0.044136, new_best=0.715713, reward=8.62
✓ [SUCCESS] Improvement! Δ=0.001574, new_best=0.766539, reward=1.45
---------------------------------
| rollout/           |          |
|    ep_len_mean     | 16       |
|    ep_rew_mean     | -63.8    |
| time/              |          |
|    episodes        | 944      |
|    fps             | 10       |
|    time_elapsed    | 1389     |
|    total_timesteps | 15104    |
---------------------------------
✓ [SUCCESS] Improvement! Δ=0.043041, new_best=0.714207, reward=16.54
---------------------------------
| rollout/           |          |
|    ep_len_mean     | 16       |
|    ep_rew_mean     | -63.9    |
| time/              |          |
|    episodes        | 948      |
|    fps             | 10       |
|    time_elapsed    | 1394     |
|    total_timesteps | 15168    |
---------------------------------
✓ [SUCCESS] Improvement! Δ=0.029047, new_best=0.659387, reward=10.73
---------------------------------
| rollout/           |          |
|    ep_len_mean     | 16       |
|    ep_rew_mean     | -63.6    |
| time/              |          |
|    episodes        | 952      |
|    fps             | 10       |
|    time_elapsed    | 1399     |
|    total_timesteps | 15232    |
---------------------------------
✓ [SUCCESS] Improvement! Δ=0.001443, new_best=0.695640, reward=1.27
✓ [SUCCESS] Improvement! Δ=0.014257, new_best=0.709898, reward=7.56
✓ [SUCCESS] Improvement! Δ=0.001506, new_best=0.715713, reward=1.22
---------------------------------
| rollout/           |          |
|    ep_len_mean     | 16       |
|    ep_rew_mean     | -63.1    |
| time/              |          |
|    episodes        | 956      |
|    fps             | 10       |
|    time_elapsed    | 1404     |
|    total_timesteps | 15296    |
---------------------------------
✓ [SUCCESS] Improvement! Δ=0.013424, new_best=0.665915, reward=6.73
✓ [SUCCESS] Improvement! Δ=0.039249, new_best=0.665915, reward=5.63
✓ [SUCCESS] Improvement! Δ=0.043983, new_best=0.709898, reward=16.83
---------------------------------
| rollout/           |          |
|    ep_len_mean     | 16       |
|    ep_rew_mean     | -63.2    |
| time/              |          |
|    episodes        | 960      |
|    fps             | 10       |
|    time_elapsed    | 1409     |
|    total_timesteps | 15360    |
---------------------------------
✓ [SUCCESS] Improvement! Δ=0.009364, new_best=0.665915, reward=4.50
✓ [SUCCESS] Improvement! Δ=0.049798, new_best=0.715713, reward=10.13
✓ [SUCCESS] Improvement! Δ=0.043041, new_best=0.714207, reward=14.57
✓ [SUCCESS] Improvement! Δ=0.001506, new_best=0.715713, reward=1.28
---------------------------------
| rollout/           |          |
|    ep_len_mean     | 16       |
|    ep_rew_mean     | -63      |
| time/              |          |
|    episodes        | 964      |
|    fps             | 10       |
|    time_elapsed    | 1414     |
|    total_timesteps | 15424    |
---------------------------------
✓ [SUCCESS] Improvement! Δ=0.044687, new_best=0.665915, reward=9.86
✓ [SUCCESS] Improvement! Δ=0.012399, new_best=0.665915, reward=4.08
---------------------------------
| rollout/           |          |
|    ep_len_mean     | 16       |
|    ep_rew_mean     | -62.4    |
| time/              |          |
|    episodes        | 968      |
|    fps             | 10       |
|    time_elapsed    | 1419     |
|    total_timesteps | 15488    |
---------------------------------
✓ [SUCCESS] Improvement! Δ=0.065534, new_best=0.714207, reward=22.46
---------------------------------
| rollout/           |          |
|    ep_len_mean     | 16       |
|    ep_rew_mean     | -62.8    |
| time/              |          |
|    episodes        | 972      |
|    fps             | 10       |
|    time_elapsed    | 1424     |
|    total_timesteps | 15552    |
---------------------------------
✓ [SUCCESS] Improvement! Δ=0.006387, new_best=0.665915, reward=2.86
✓ [SUCCESS] Improvement! Δ=0.049798, new_best=0.715713, reward=6.63
---------------------------------
| rollout/           |          |
|    ep_len_mean     | 16       |
|    ep_rew_mean     | -63.3    |
| time/              |          |
|    episodes        | 976      |
|    fps             | 10       |
|    time_elapsed    | 1428     |
|    total_timesteps | 15616    |
---------------------------------
✓ [SUCCESS] Improvement! Δ=0.000147, new_best=0.645964, reward=2.16
✓ [SUCCESS] Improvement! Δ=0.043983, new_best=0.689947, reward=13.81
✓ [SUCCESS] Improvement! Δ=0.024260, new_best=0.714207, reward=8.20
✓ [SUCCESS] Improvement! Δ=0.006387, new_best=0.665915, reward=2.28
✓ [SUCCESS] Improvement! Δ=0.015735, new_best=0.665915, reward=4.50
---------------------------------
| rollout/           |          |
|    ep_len_mean     | 16       |
|    ep_rew_mean     | -63      |
| time/              |          |
|    episodes        | 980      |
|    fps             | 10       |
|    time_elapsed    | 1433     |
|    total_timesteps | 15680    |
---------------------------------
✓ [SUCCESS] Improvement! Δ=0.036657, new_best=0.665915, reward=9.29
✓ [SUCCESS] Improvement! Δ=0.028185, new_best=0.709898, reward=11.91
✓ [SUCCESS] Improvement! Δ=0.004309, new_best=0.714207, reward=4.46
✓ [SUCCESS] Improvement! Δ=0.033664, new_best=0.665915, reward=7.63
✓ [SUCCESS] Improvement! Δ=0.043983, new_best=0.709898, reward=16.83
✓ [SUCCESS] Improvement! Δ=0.005816, new_best=0.715713, reward=2.31
---------------------------------
| rollout/           |          |
|    ep_len_mean     | 16       |
|    ep_rew_mean     | -62.5    |
| time/              |          |
|    episodes        | 984      |
|    fps             | 10       |
|    time_elapsed    | 1438     |
|    total_timesteps | 15744    |
---------------------------------
✓ [SUCCESS] Improvement! Δ=0.005841, new_best=0.665915, reward=3.18
✓ [SUCCESS] Improvement! Δ=0.049798, new_best=0.715713, reward=6.63
✓ [SUCCESS] Improvement! Δ=0.025459, new_best=0.709898, reward=9.36
✓ [SUCCESS] Improvement! Δ=0.013424, new_best=0.665915, reward=4.66
✓ [SUCCESS] Improvement! Δ=0.043983, new_best=0.709898, reward=16.83
✓ [SUCCESS] Improvement! Δ=0.004309, new_best=0.714207, reward=2.00
✓ [SUCCESS] Improvement! Δ=0.045686, new_best=0.665915, reward=12.32
✓ [SUCCESS] Improvement! Δ=0.048292, new_best=0.714207, reward=18.18
---------------------------------
| rollout/           |          |
|    ep_len_mean     | 16       |
|    ep_rew_mean     | -61.8    |
| time/              |          |
|    episodes        | 988      |
|    fps             | 10       |
|    time_elapsed    | 1443     |
|    total_timesteps | 15808    |
---------------------------------
✓ [SUCCESS] Improvement! Δ=0.037385, new_best=0.658424, reward=5.26
✓ [SUCCESS] Improvement! Δ=0.032102, new_best=0.665915, reward=4.97
---------------------------------
| rollout/           |          |
|    ep_len_mean     | 16       |
|    ep_rew_mean     | -60.8    |
| time/              |          |
|    episodes        | 992      |
|    fps             | 10       |
|    time_elapsed    | 1448     |
|    total_timesteps | 15872    |
---------------------------------
✓ [SUCCESS] Improvement! Δ=0.048644, new_best=0.695640, reward=6.51
✓ [SUCCESS] Improvement! Δ=0.020073, new_best=0.715713, reward=4.70
✓ [SUCCESS] Improvement! Δ=0.000360, new_best=0.665915, reward=3.05
✓ [SUCCESS] Improvement! Δ=0.046675, new_best=0.665915, reward=16.58
---------------------------------
| rollout/           |          |
|    ep_len_mean     | 16       |
|    ep_rew_mean     | -60.1    |
| time/              |          |
|    episodes        | 996      |
|    fps             | 10       |
|    time_elapsed    | 1453     |
|    total_timesteps | 15936    |
---------------------------------
✓ [SUCCESS] Improvement! Δ=0.025549, new_best=0.645964, reward=8.88
✓ [SUCCESS] Improvement! Δ=0.043983, new_best=0.689947, reward=16.83
✓ [SUCCESS] Improvement! Δ=0.009364, new_best=0.665915, reward=3.00
✓ [SUCCESS] Improvement! Δ=0.049798, new_best=0.715713, reward=10.45
---------------------------------
| rollout/           |          |
|    ep_len_mean     | 16       |
|    ep_rew_mean     | -60.1    |
| time/              |          |
|    episodes        | 1000     |
|    fps             | 10       |
|    time_elapsed    | 1458     |
|    total_timesteps | 16000    |
---------------------------------
✓ [SUCCESS] Improvement! Δ=0.033664, new_best=0.665915, reward=7.63
✓ [SUCCESS] Improvement! Δ=0.020098, new_best=0.655185, reward=9.39
✓ [SUCCESS] Improvement! Δ=0.004202, new_best=0.659387, reward=4.43
---------------------------------
| rollout/           |          |
|    ep_len_mean     | 16       |
|    ep_rew_mean     | -59.4    |
| time/              |          |
|    episodes        | 1004     |
|    fps             | 10       |
|    time_elapsed    | 1463     |
|    total_timesteps | 16064    |
---------------------------------
✓ [SUCCESS] Improvement! Δ=0.012470, new_best=0.665915, reward=2.48
✓ [SUCCESS] Improvement! Δ=0.048292, new_best=0.714207, reward=18.18
✓ [SUCCESS] Improvement! Δ=0.044820, new_best=0.759027, reward=12.14
✓ [SUCCESS] Improvement! Δ=0.004757, new_best=0.665915, reward=2.03
---------------------------------
| rollout/           |          |
|    ep_len_mean     | 16       |
|    ep_rew_mean     | -59.4    |
| time/              |          |
|    episodes        | 1008     |
|    fps             | 10       |
|    time_elapsed    | 1468     |
|    total_timesteps | 16128    |
---------------------------------
✓ [SUCCESS] Improvement! Δ=0.005868, new_best=0.641653, reward=4.95
✓ [SUCCESS] Improvement! Δ=0.034213, new_best=0.665915, reward=7.87
✓ [SUCCESS] Improvement! Δ=0.010510, new_best=0.676425, reward=5.09
✓ [SUCCESS] Improvement! Δ=0.044687, new_best=0.665915, reward=13.52
✓ [SUCCESS] Improvement! Δ=0.048292, new_best=0.714207, reward=18.18
---------------------------------
| rollout/           |          |
|    ep_len_mean     | 16       |
|    ep_rew_mean     | -58      |
| time/              |          |
|    episodes        | 1012     |
|    fps             | 10       |
|    time_elapsed    | 1473     |
|    total_timesteps | 16192    |
---------------------------------
✓ [SUCCESS] Improvement! Δ=0.043418, new_best=0.714207, reward=15.13
✓ [SUCCESS] Improvement! Δ=0.024651, new_best=0.667177, reward=10.81
---------------------------------
| rollout/           |          |
|    ep_len_mean     | 16       |
|    ep_rew_mean     | -58      |
| time/              |          |
|    episodes        | 1016     |
|    fps             | 10       |
|    time_elapsed    | 1477     |
|    total_timesteps | 16256    |
---------------------------------
✓ [SUCCESS] Improvement! Δ=0.026372, new_best=0.645964, reward=8.77
✓ [SUCCESS] Improvement! Δ=0.019950, new_best=0.665915, reward=7.06
---------------------------------
| rollout/           |          |
|    ep_len_mean     | 16       |
|    ep_rew_mean     | -57.8    |
| time/              |          |
|    episodes        | 1020     |
|    fps             | 11       |
|    time_elapsed    | 1482     |
|    total_timesteps | 16320    |
---------------------------------
✓ [SUCCESS] Improvement! Δ=0.039553, new_best=0.665915, reward=14.89
✓ [SUCCESS] Improvement! Δ=0.043983, new_best=0.709898, reward=16.83
✓ [SUCCESS] Improvement! Δ=0.014906, new_best=0.665915, reward=2.85
✓ [SUCCESS] Improvement! Δ=0.049798, new_best=0.715713, reward=6.63
✓ [SUCCESS] Improvement! Δ=0.038347, new_best=0.659387, reward=11.67
---------------------------------
| rollout/           |          |
|    ep_len_mean     | 16       |
|    ep_rew_mean     | -57.4    |
| time/              |          |
|    episodes        | 1024     |
|    fps             | 11       |
|    time_elapsed    | 1487     |
|    total_timesteps | 16384    |
---------------------------------

================================================================================
EVALUATION METRICS - Round 4
================================================================================
Current Round Statistics:
  Average Fitness (top-128): -4.315161
  Diversity: 4.000000
  Novelty: 1.000000
  Highest in batch: 3.000000

Global Statistics:
  Global Maximum Fitness (normalized): 0.766539
  Initial Maximum Fitness: 0.311339
  Absolute Improvement: 0.455200
  Percentage Improvement: 146.21%
  Total Unique Sequences Discovered: 243
  Total Oracle Calls: 15360

  Buffer Status:
    Best in current pool: 0.766539
    Global best (tracked): 0.766539

Top 10 Discovered Sequences:
  1. Fitness: 0.766539 | Seq: DIYAICACCKVESKNEGKKNEVFNNYTFRGLGNKGVLPWKCNSLDMKYFCAVTTYVNESKYEKLKYKRCKYLNKETVDNVNDMPNSKKLQNVVVMGRTSWESIPKNFKPLSNRINIILSRTLKKEDFDEDVYIINKVEDLIVLLGKLNYYKCFIIGGSVVYQEFLEKKLIKKIYFTRINSTYECDVFFPEINENEYQIISVSDVYTSNNTTLDFIIYKK
  2. Fitness: 0.764965 | Seq: DIYAICACCKVESKNEGKKNEVFNNYTFRGLGNKGVLPWKCNSLDMKYFCAVTTYVNESKYEKLKYKRCKYLNKETVDNVNDMPNSKKLQNVVVMGRTSWESIPKNFKPLSNRINVILSRTLKKEDFDEDVYIINKVEDLIVLLGKLNYYKCFIIGGSVVYQEFLEKKLIKKIYFTRINSTYECDVFFPEINENEWQIISVSDVYTSNNTTLDFIIYKK
  3. Fitness: 0.763236 | Seq: DIYAICACCKVESKNEGKKNEVFNNYTFRGLGNKGVLPWKCNSLDMKYFCAVTTYVNESKYEKLKYKRCKYLNKETVDNVNDMPNSKKLQNVVVMGRTSWESIPKKFKPLSNRINIILSRTLKKEDFDEDVYIINKVEDLIVLLGKLNYYKCFIIGGSVVYQEFLEKKLIKKIYFTRINSTYECDVFFPEINENEWQIISVSDVYTSNNTTLDFIIYKK
  4. Fitness: 0.759027 | Seq: DIYAICACCKVESKNEGKKNEVFNNYTFRGLGNKGVLPWKCNSLDMKYFCAVTTYVNESKYEKLKYKRCKYLNKETVDNVNDMPNSKKLQNVVVMGRTSWESIPKKFKPLSNRINIILSRTLKKEDFDEDVYIINKVEDLIVLLGKLNYYKCFIIGGSVVYQEFLEKKLIKKIYFTRINSTYECDVFFPEINENEFQIISVSDVYTSNNTTLDFIIYKK
  5. Fitness: 0.743145 | Seq: DIYAICACCKVESKNEGKKNEVFNNYTFRGLGNKGVLPWKCNSLDMKYFCAVTTYVNESKYEKLKYKRCKYLNKETVDNVNDMPNSKKLQNVVVMGRTSWESIPKKHKPLSNRINIILSRTLKKEDFDEDVYIINKVEDLIVLLGKLNYYKCFIIGGSVVYQEFLEKKLIKKIYFTRINSTYECDVFFPEINENEWQIISVSDVYTSNNTTLDFIIYKK
  6. Fitness: 0.734183 | Seq: DIYAICACCKVESKNEGKKNEVFNNYTFRGLGNKGVLPWKCNSLDMKYFCAVTTYVNESKYEKLKYKRCKYLNKETVDNVNDMPNSKKLQNVVVMGRTSWESIPKQFKPLSNRINIILSRTLKKEDFDEDVYIINKVEDLIVLLGKLNYYKCFIIGGSVVYQEFLEKKLIKKIYFTRINSTYECDVFFPEINENEYQIISVSDVYTSNNTTLDFIIYKK
  7. Fitness: 0.731438 | Seq: DIYAICACCKVESKNEGKKNEVFNNYTFRGLGNKGVLPWKCNSLDMKYFCAVTTYVNESKYEKLKYKRCKYLNKETVDNVNDMPNSKKLQNVVVMGRTSWESIPKKLKPLSNRINIILSRTLKKEDFDEDVYIINKVEDLIVLLGKLNYYKCFIIGGSVVYQEFLEKKLIKKIYFTRINSTYECDVFFPEINENEWQIISVSDVYTSNNTTLDFIIYKK
  8. Fitness: 0.727001 | Seq: DIYAICACCKVESKNEGKKNEVFNNYTFRGLGNKGVLPWKCNSLDMKYFCAVTTYVNESKYEKLKYKRCKYLNKETVDNVNDMPNSKKLQNVVVMGRTSWESIPKKLKPLSNRINIILSRTLKKEDFDEDVYIINKVEDLIVLLGKLNYYKCFIIGGSVVYQEFLEKKLIKKIYFTRINSTYECDVFFPEINENEFQIISVSDVYTSNNTTLDFIIYKK
  9. Fitness: 0.724686 | Seq: DIYAICACCKVESKNEGKKNEVFNNYTFRGLGNKGVLPWKCNSLDMKYFCAVTTYVNESKYEKLKYKRCKYLNKETVDNVNDMPNSKKLQNVVVMGRTSWESIPKRFKPLSNRINVILSRTLKKEDFDEDVYIINKVEDLIVLLGKLNYYKCFIIGGSVVYQEFLEKKLIKKIYFTRINSTYECDVFFPEINENEWQIISVSDVYTSNNTTLDFIIYKK
  10. Fitness: 0.719521 | Seq: DIYAICACCKVESKNEGKKNEVFNNYTFRGLGNKGVLPWKCNSLDMKYFCAVTTYVNESKYEKLKYKRCKYLNKETVDNVNDMPNSKKLQNVVVMGRTSWESIPKGFKPLSNRINIILSRTLKKEDFDEDVYIINKVEDLIVLLGKLNYYKCFIIGGSVVYQEFLEKKLIKKIYFTRINSTYECDVFFPEINENEYQIISVSDVYTSNNTTLDFIIYKK
================================================================================


################################################################################
FINAL RESEARCH PAPER METRICS - DHFR OPTIMIZATION
################################################################################

Key Results:
  Initial Maximum Fitness: 0.311339
  Global Maximum Fitness Achieved: 0.766539
  Absolute Improvement: 0.455200
  Percentage Improvement: 146.21%

Exploration Statistics:
  Total Rounds Completed: 4
  Total Oracle Calls: 15360
  Total Sequences Evaluated: 512
  Total Unique Sequences: 243

Top 20 Sequences Discovered:
  Rank 1: Fitness = 0.766539
         Sequence = DIYAICACCKVESKNEGKKNEVFNNYTFRGLGNKGVLPWKCNSLDMKYFCAVTTYVNESKYEKLKYKRCKYLNKETVDNVNDMPNSKKLQNVVVMGRTSWESIPKNFKPLSNRINIILSRTLKKEDFDEDVYIINKVEDLIVLLGKLNYYKCFIIGGSVVYQEFLEKKLIKKIYFTRINSTYECDVFFPEINENEYQIISVSDVYTSNNTTLDFIIYKK
  Rank 2: Fitness = 0.764965
         Sequence = DIYAICACCKVESKNEGKKNEVFNNYTFRGLGNKGVLPWKCNSLDMKYFCAVTTYVNESKYEKLKYKRCKYLNKETVDNVNDMPNSKKLQNVVVMGRTSWESIPKNFKPLSNRINVILSRTLKKEDFDEDVYIINKVEDLIVLLGKLNYYKCFIIGGSVVYQEFLEKKLIKKIYFTRINSTYECDVFFPEINENEWQIISVSDVYTSNNTTLDFIIYKK
  Rank 3: Fitness = 0.763236
         Sequence = DIYAICACCKVESKNEGKKNEVFNNYTFRGLGNKGVLPWKCNSLDMKYFCAVTTYVNESKYEKLKYKRCKYLNKETVDNVNDMPNSKKLQNVVVMGRTSWESIPKKFKPLSNRINIILSRTLKKEDFDEDVYIINKVEDLIVLLGKLNYYKCFIIGGSVVYQEFLEKKLIKKIYFTRINSTYECDVFFPEINENEWQIISVSDVYTSNNTTLDFIIYKK
  Rank 4: Fitness = 0.759027
         Sequence = DIYAICACCKVESKNEGKKNEVFNNYTFRGLGNKGVLPWKCNSLDMKYFCAVTTYVNESKYEKLKYKRCKYLNKETVDNVNDMPNSKKLQNVVVMGRTSWESIPKKFKPLSNRINIILSRTLKKEDFDEDVYIINKVEDLIVLLGKLNYYKCFIIGGSVVYQEFLEKKLIKKIYFTRINSTYECDVFFPEINENEFQIISVSDVYTSNNTTLDFIIYKK
  Rank 5: Fitness = 0.743145
         Sequence = DIYAICACCKVESKNEGKKNEVFNNYTFRGLGNKGVLPWKCNSLDMKYFCAVTTYVNESKYEKLKYKRCKYLNKETVDNVNDMPNSKKLQNVVVMGRTSWESIPKKHKPLSNRINIILSRTLKKEDFDEDVYIINKVEDLIVLLGKLNYYKCFIIGGSVVYQEFLEKKLIKKIYFTRINSTYECDVFFPEINENEWQIISVSDVYTSNNTTLDFIIYKK
  Rank 6: Fitness = 0.734183
         Sequence = DIYAICACCKVESKNEGKKNEVFNNYTFRGLGNKGVLPWKCNSLDMKYFCAVTTYVNESKYEKLKYKRCKYLNKETVDNVNDMPNSKKLQNVVVMGRTSWESIPKQFKPLSNRINIILSRTLKKEDFDEDVYIINKVEDLIVLLGKLNYYKCFIIGGSVVYQEFLEKKLIKKIYFTRINSTYECDVFFPEINENEYQIISVSDVYTSNNTTLDFIIYKK
  Rank 7: Fitness = 0.731438
         Sequence = DIYAICACCKVESKNEGKKNEVFNNYTFRGLGNKGVLPWKCNSLDMKYFCAVTTYVNESKYEKLKYKRCKYLNKETVDNVNDMPNSKKLQNVVVMGRTSWESIPKKLKPLSNRINIILSRTLKKEDFDEDVYIINKVEDLIVLLGKLNYYKCFIIGGSVVYQEFLEKKLIKKIYFTRINSTYECDVFFPEINENEWQIISVSDVYTSNNTTLDFIIYKK
  Rank 8: Fitness = 0.727001
         Sequence = DIYAICACCKVESKNEGKKNEVFNNYTFRGLGNKGVLPWKCNSLDMKYFCAVTTYVNESKYEKLKYKRCKYLNKETVDNVNDMPNSKKLQNVVVMGRTSWESIPKKLKPLSNRINIILSRTLKKEDFDEDVYIINKVEDLIVLLGKLNYYKCFIIGGSVVYQEFLEKKLIKKIYFTRINSTYECDVFFPEINENEFQIISVSDVYTSNNTTLDFIIYKK
  Rank 9: Fitness = 0.724686
         Sequence = DIYAICACCKVESKNEGKKNEVFNNYTFRGLGNKGVLPWKCNSLDMKYFCAVTTYVNESKYEKLKYKRCKYLNKETVDNVNDMPNSKKLQNVVVMGRTSWESIPKRFKPLSNRINVILSRTLKKEDFDEDVYIINKVEDLIVLLGKLNYYKCFIIGGSVVYQEFLEKKLIKKIYFTRINSTYECDVFFPEINENEWQIISVSDVYTSNNTTLDFIIYKK
  Rank 10: Fitness = 0.719521
         Sequence = DIYAICACCKVESKNEGKKNEVFNNYTFRGLGNKGVLPWKCNSLDMKYFCAVTTYVNESKYEKLKYKRCKYLNKETVDNVNDMPNSKKLQNVVVMGRTSWESIPKGFKPLSNRINIILSRTLKKEDFDEDVYIINKVEDLIVLLGKLNYYKCFIIGGSVVYQEFLEKKLIKKIYFTRINSTYECDVFFPEINENEYQIISVSDVYTSNNTTLDFIIYKK
  Rank 11: Fitness = 0.716773
         Sequence = DIYAICACCKVESKNEGKKNEVFNNYTFRGLGNKGVLPWKCNSLDMKYFCAVTTYVNESKYEKLKYKRCKYLNKETVDNVNDMPNSKKLQNVVVMGRTSWESIPKNFKPLSNRINVILSRTLKKEDFDEDVYIINKVEDLIVLLGKLNYYKCFIIGGSVVYQEFLEKKLIKKIYFTRINSTYECDVFFPEINENEYQIISVSDVYTSNNTTLDFIIYKK
  Rank 12: Fitness = 0.715713
         Sequence = DIYAICACCKVESKNEGKKNEVFNNYTFRGLGNKGVLPWKCNSLDMKYFCAVTTYVNESKYEKLKYKRCKYLNKETVDNVNDMPNSKKLQNVVVMGRTSWESIPKKFKPLSNRINIILSRTLKKEDFDEDVYIINKVEDLIVLLGKLNYYKCFIIGGSVVYQEFLEKKLIKKIYFTRINSTYECDVFFPEINENEYQIISVSDVYTSNNTTLDFIIYKK
  Rank 13: Fitness = 0.714900
         Sequence = DIYAICACCKVESKNEGKKNEVFNNYTFRGLGNKGVLPWKCNSLDMKYFCAVTTYVNESKYEKLKYKRCKYLNKETVDNVNDMPNSKKLQNVVVMGRTSWESIPKNHKPLSNRINVILSRTLKKEDFDEDVYIINKVEDLIVLLGKLNYYKCFIIGGSVVYQEFLEKKLIKKIYFTRINSTYECDVFFPEINENEFQIISVSDVYTSNNTTLDFIIYKK
  Rank 14: Fitness = 0.714772
         Sequence = DIYAICACCKVESKNEGKKNEVFNNYTFRGLGNKGVLPWKCNSLDMKYFCAVTTYVNESKYEKLKYKRCKYLNKETVDNVNDMPNSKKLQNVVVMGRTSWESIPKHFKPLSNRINVILSRTLKKEDFDEDVYIINKVEDLIVLLGKLNYYKCFIIGGSVVYQEFLEKKLIKKIYFTRINSTYECDVFFPEINENEFQIISVSDVYTSNNTTLDFIIYKK
  Rank 15: Fitness = 0.714207
         Sequence = DIYAICACCKVESKNEGKKNEVFNNYTFRGLGNKGVLPWKCNSLDMKYFCAVTTYVNESKYEKLKYKRCKYLNKETVDNVNDMPNSKKLQNVVVMGRTSWESIPKKFKPLSNRINVILSRTLKKEDFDEDVYIINKVEDLIVLLGKLNYYKCFIIGGSVVYQEFLEKKLIKKIYFTRINSTYECDVFFPEINENEWQIISVSDVYTSNNTTLDFIIYKK
  Rank 16: Fitness = 0.714175
         Sequence = DIYAICACCKVESKNEGKKNEVFNNYTFRGLGNKGVLPWKCNSLDMKYFCAVTTYVNESKYEKLKYKRCKYLNKETVDNVNDMPNSKKLQNVVIMGRTSWESIPKSFKPLSNRINVILSRTLKKEDFDEDVYIINKVEDLIVLLGKLNYYKCFIIGGSVVYQEFLEKKLIKKIYFTRINSTYECDVFFPEINENEWQIISVSDVYTSNNTTLDFIIYKK
  Rank 17: Fitness = 0.713633
wandb: 
wandb: Run history:
wandb:   Cumulative Best ▁███████████████████████████████████████
wandb: Cumulative Reward ██████▇▇▇▇▇▇▆▆▆▆▆▅▅▅▅▅▅▅▄▄▄▃▃▃▂▂▂▂▂▂▂▂▁▁
wandb:           Fitness ██▁▄▄▅███▇██▄█▇▅█▅▅▇█▅▇▇▇▃█▇█▃▆▅▇██▇█▇▇█
wandb:    eval/diversity ▁▁▁█
wandb:      eval/fitness ▁▅▇█
wandb:         eval/high ▁▁▁▁
wandb:      eval/novelty ▁▁▁▁
wandb:        eval/round ▁▃▆█
wandb: 
wandb: Run summary:
wandb:   Cumulative Best 0.76654
wandb: Cumulative Reward -53839.59781
wandb:           Fitness 0.7022
wandb:    eval/diversity 4
wandb:      eval/fitness 0.66596
wandb:         eval/high 3
wandb:      eval/novelty 1
wandb:        eval/round 3
wandb: 
wandb: You can sync this run to the cloud by running:
wandb: wandb sync ~/basework/LatProtRL/wandb/offline-run-20260408_041940-c87bw066
wandb: Find logs at: ./wandb/offline-run-20260408_041940-c87bw066/logs
         Sequence = DIYAICACCKVESKNEGKKNEVFNNYTFRGLGNKGVLPWKCNSLDMKYFCAVTTYVNESKYEKLKYKRCKYLNKETVDNVNDMPNSKKLQNVVVMGRTSWESIPKIFKPLSNRINIILSRTLKKEDFDEDVYIINKVEDLIVLLGKLNYYKCFIIGGSVVYQEFLEKKLIKKIYFTRINSTYECDVFFPEINENEYQIISVSDVYTSNNTTLDFIIYKK
  Rank 18: Fitness = 0.709898
         Sequence = DIYAICACCKVESKNEGKKNEVFNNYTFRGLGNKGVLPWKCNSLDMKYFCAVTTYVNESKYEKLKYKRCKYLNKETVDNVNDMPNSKKLQNVVVMGRTSWESIPKKFKPLSNRINVILSRTLKKEDFDEDVYIINKVEDLIVLLGKLNYYKCFIIGGSVVYQEFLEKKLIKKIYFTRINSTYECDVFFPEINENEFQIISVSDVYTSNNTTLDFIIYKK
  Rank 19: Fitness = 0.708960
         Sequence = DIYAICACCKVESKNEGKKNEVFNNYTFRGLGNKGVLPWKCNSLDMKYFCAVTTYVNESKYEKLKYKRCKYLNKETVDNVNDMPNSKKLQNVVVMGRTSWESIPKKFKPLSNRINVILSRTLKKEDFDEDVYIINKVEDLIVLLGKLNYYKCFIIGGSVVYQEFLEKKLIKKIYFTRINSTYECDVFFPEYNENEFQIISVSDVYTSNNTTLDFIIYKK
  Rank 20: Fitness = 0.708838
         Sequence = DIYAICACCKVESKNEGKKNEVFNNYTFRGLGNKGVLPWKCNSLDMKYFCAVTTYVNESKYEKLKYKRCKYLNKETVDNVNDMPNSKKLQNVVVMGRTSWESIPKKKKPLSNRINIILSRTLKKEDFDEDVYIINKVEDLIVLLGKLNYYKCFIIGGSVVYQEFLEKKLIKKIYFTRINSTYECDVFFPEINENEWQIISVSDVYTSNNTTLDFIIYKK

Global Best Sequence (for validation):
  Fitness (normalized): 0.766539
  Full Sequence: DIYAICACCKVESKNEGKKNEVFNNYTFRGLGNKGVLPWKCNSLDMKYFCAVTTYVNESKYEKLKYKRCKYLNKETVDNVNDMPNSKKLQNVVVMGRTSWESIPKNFKPLSNRINIILSRTLKKEDFDEDVYIINKVEDLIVLLGKLNYYKCFIIGGSVVYQEFLEKKLIKKIYFTRINSTYECDVFFPEINENEYQIISVSDVYTSNNTTLDFIIYKK

  Final Buffer Status:
    Best in final pool: 0.766539
    Global best (tracked): 0.766539 (raw: 2.183635)

Final metrics saved to: results/SAC_DHFR_medium_212_sac_high_entropy_04_19_40/final_research_metrics.json
################################################################################

